aw_deep_link,product_name,aw_product_id,merchant_product_id,merchant_image_url,description,merchant_category,search_price,merchant_name,merchant_id,category_name,category_id,aw_image_url,currency,store_price,delivery_cost,merchant_deep_link,language,last_updated,display_price,data_feed_id,rrp_price,saving,savings_percent,base_price,base_price_amount,base_price_text,product_price_old,ean,isbn,upc,mpn,parent_product_id,product_GTIN
https://www.awin1.com/pclick.php?p=40352632315&a=3093907&m=108626,"Liquidificador Arno Power Mix Preto LQ10",40352632315,175,https://lojaarno.vteximg.com.br/arquivos/ids/166557_2,"Liquidificador Arno Powermix 550W conta com 550W de potência e lâminas Zelkrom, feiras com aço inox de alta durabilidade, prático e perfeito para seu dia a dia!",Arno,199.99,"Arno BR",108626,,,https://images2.productserve.com/?w=200&h=200&bg=white&trim=5&t=letterbox&url=ssl%3Alojaarno.vteximg.com.br%2Farquivos%2Fids%2F166557_2&feedId=100096&k=4e76872a061a4bb8a1ab60150895090a3f3cc9d3,BRL,,,https://www.arno.com.br/liquidificador-arno-power-mix-preto-2720013771-pai/p?idsku=175&utm_source=googleshopping&utm_medium=cpc,,,BRL199.99,100096,,,,"66.66 BRL",,,,,,,2720013771,,7895500742245
https://www.awin1.com/pclick.php?p=40352632316&a=3093907&m=108626,"Liquidificador Arno Power Mix Vermelho LQ11",40352632316,173,https://lojaarno.vteximg.com.br/arquivos/ids/166548_2,"Liquidificador Arno Powermix 550W conta com 550W de potência e lâminas Zelkrom, feiras com aço inox de alta durabilidade, prático e perfeito para seu dia a dia!",Arno,199.99,"Arno BR",108626,,,https://images2.productserve.com/?w=200&h=200&bg=white&trim=5&t=letterbox&url=ssl%3Alojaarno.vteximg.com.br%2Farquivos%2Fids%2F166548_2&feedId=100096&k=9bf1f2ab49785635f98ba1dd17d1a61d0588a95a,BRL,,,https://www.arno.com.br/liquidificador-arno-power-mix-lq11-vermelho-2720013773-pai/p?idsku=173&utm_source=googleshopping&utm_medium=cpc,,,BRL199.99,100096,,,,"66.66 BRL",,,,,,,2720013773,,7895500742269
https://www.awin1.com/pclick.php?p=40352632317&a=3093907&m=108626,"Liquidificador Arno Power Mix Branco LQ12",40352632317,171,https://lojaarno.vteximg.com.br/arquivos/ids/166540_2,"Liquidificador Arno Powermix 550W conta com 550W de potência e lâminas Zelkrom, feiras com aço inox de alta durabilidade, prático e perfeito para seu dia a dia!",Arno,199.99,"Arno BR",108626,,,https://images2.productserve.com/?w=200&h=200&bg=white&trim=5&t=letterbox&url=ssl%3Alojaarno.vteximg.com.br%2Farquivos%2Fids%2F166540_2&feedId=100096&k=ba516983b8fda5c49216eb5e5a0a26598cb1ee9e,BRL,,,https://www.arno.com.br/liquidificador-arno-power-mix-lq12-branco-2720013779-pai/p?idsku=171&utm_source=googleshopping&utm_medium=cpc,,,BRL199.99,100096,,,,"66.66 BRL",,,,,,,2720013779,,7895500742283
https://www.awin1.com/pclick.php?p=40352632319&a=3093907&m=108626,"Liquidificador Arno Power Mix Limpa Fácil Off White com Lâminas Removíveis LQ31",40352632319,185,https://lojaarno.vteximg.com.br/arquivos/ids/155524_2,"Voc&ecirc; pediu e a Arno trouxe! Novo Liquidificador Arno Power Mix Limpa F&aacute;cil com sistema super seguro de l&acirc;mina remov&iacute;vel que facilita a limpeza com mais seguran&ccedil;a. Com a exclusiva tecnologia Limpa F&aacute;cil, basta remover a l&acirc;mina do copo do liquidificador de forma r&aacute;pida e f&aacute;cil, enxaguar, fixar novamente, e pronto, seu Liquidificador Arno Power Mix Limpa F&aacute;cil j&aacute; pode ser usado novamente! Com a qualidade de quem &eacute; especialista em liquidificadores h&aacute; mais de 65 anos, o novo Liquidificador Arno Power Mix Limpa F&aacute;cil possui l&acirc;minas Zelkrom, de a&ccedil;o inox ultradur&aacute;vel que possibilita liquidificar, misturar e triturar at&eacute; os ingrediantes mais duros. Tudo isso sem manchar, enferrujar ou perder o corte. Com sistema de seguran&ccedil;a que ajuda a travar o copo de 2,5 litros completamente em sua base, e 5 velocidades, que trituram gelo em segundos! Voc&ecirc; imagina, clic, a Arno faz!",Arno,249.99,"Arno BR",108626,,,https://images2.productserve.com/?w=200&h=200&bg=white&trim=5&t=letterbox&url=ssl%3Alojaarno.vteximg.com.br%2Farquivos%2Fids%2F155524_2&feedId=100096&k=5ef52ebe7ee8b8c302606ce8e9ab73cba0ca7578,BRL,,,https://www.arno.com.br/liquidificador-arno-power-mix-limpa-facil-lq31-cinza-2720013793-pai/p?idsku=185&utm_source=googleshopping&utm_medium=cpc,,,BRL249.99,100096,,,,"62.49 BRL",,,,,,,2720013793,,7895500742399
https://www.awin1.com/pclick.php?p=40352632320&a=3093907&m=108626,"Fritadeira sem Óleo AirFry Arno Moderna com 3,5l de capacidade e Cuba Antiaderente Preta PFRY",40352632320,37,https://lojaarno.vteximg.com.br/arquivos/ids/162798_2,"A Airfryer Moderna é a solução ideal para refeições saudáveis ​​e deliciosas em casa. Com menos óleo, você pode desfrutar de uma alimentação equilibrada sem abrir a mão do sabor. Além disso, economize até 70% de energia*. Com controle preciso de temperatura e timer de 60 minutos, prepare receitas perfeitas. Com capacidade para até 4 pessoas, é ideal para refeições em família. A limpeza é fácil com a cesta contendo antiaderente, lavável na máquina de lavar louça. Experimente e descubra como é simples adotar hábitos mais saudáveis. *Vs forno tradicional classe energética A. Testes realizados com batatas fritas congeladas.",Arno,399.99,"Arno BR",108626,,,https://images2.productserve.com/?w=200&h=200&bg=white&trim=5&t=letterbox&url=ssl%3Alojaarno.vteximg.com.br%2Farquivos%2Fids%2F162798_2&feedId=100096&k=267eed38f09b28875361aa2c95a1eb4e7b366f34,BRL,,,https://www.arno.com.br/fritadeira-sem-oleo-arno-airfry-moderna-pfry-preta-8010000774-pai/p?idsku=37&utm_source=googleshopping&utm_medium=cpc,,,BRL399.99,100096,,,,"57.14 BRL",,,,,,,8010000774,,3016661156960
https://www.awin1.com/pclick.php?p=40538986576&a=3093907&m=108626,"Cafeteira Filtro Arno Perfectta Inox com 600ml de Capacidade e Jarra de Vidro CFPI",40538986576,35,https://lojaarno.vteximg.com.br/arquivos/ids/166089_2,"A Cafeteira Arno Perfectta Inox é ideal para os amantes de café, perfeita para qualquer momento do dia. Com uma jarra de vidro resistente, sistema corta-pingos e capacidade de 0,6L, prepara até 12 xícaras de café de uma só vez, unindo praticidade e sabor.",Arno,219.99,"Arno BR",108626,,,https://images2.productserve.com/?w=200&h=200&bg=white&trim=5&t=letterbox&url=ssl%3Alojaarno.vteximg.com.br%2Farquivos%2Fids%2F166089_2&feedId=100096&k=20eac020a2f5fa30010cf1804a23ece26b83b808,BRL,,,https://www.arno.com.br/cafeteira-filtro-arno-perfectta-cfpi-inox-8010000817-pai/p?idsku=35&utm_source=googleshopping&utm_medium=cpc,,,BRL219.99,100096,,,,"54.99 BRL",,,,,,,8010000817,,3016661157264
https://www.awin1.com/pclick.php?p=40352632323&a=3093907&m=108626,"Batedeira Planetária Arno Compacta Inspirart com 5 velocidades Vermelha KM32 - Batedeira Planetária Arno Compacta Inspirart Vermelha KM32 - 127V",40352632323,236,https://lojaarno.vteximg.com.br/arquivos/ids/155554_2,"Deixe suas ideias fluírem e transforme seus momentos na cozinha em algo especial preparando deliciosas receitas doces e salgadas com a Batedeira Planetária Arno Inspirart. Com seu tamanho compacto e design perfeito para sua cozinha, se prepare para desafiar a sua criatividade criando receitas incríveis, compartilhando sabores e inspirando a todos.A nova Batedeira Planetária Arno Inspirart é supercompacta e suas funcionalidades vão inspirar você e a todos que você ama com receitas de dar água na boca.Leve mais arte para a sua cozinha!2 em 1: a combinação perfeita unindo o movimento planetário com os exclusivos batedores multifuncionais para um resultado incrível.2x mais rápida*: mais agilidade e rapidez em comparação com uma batedeira convencional.5 velocidades: com seletor diferenciado e mais rápido de usar para bater com mais precisão e eficiência desde as receitas mais delicadas até as mais densas.Compacta: tamanho reduzido de 30cm de comprimento ideal para poder guardar facilmente na sua cozinha.Alta potência: são 500W para garantir alta performance no preparo de suas receitas doces e salgadas.Prática e ergonômica: veja a mágica acontecer com a tigela transparente resistente a micro-ondas* e com bico auxiliar que facilita na hora de despejar a massa na forma e na hora de adicionar novos ingredientes durante o uso.Encontre dicas de confeitaria nos canais digitais da Arno e compartilhe suas criações para inspirar outros com a #MinhaInspirart.A Batedeira Inspirart são 100% testadas e possuem um ano de garantia além da qualidade e tecnologia de ponta dos produtos Arno especialista em planetárias há mais de 45 anos no Brasil.",Arno,499.99,"Arno BR",108626,,,https://images2.productserve.com/?w=200&h=200&bg=white&trim=5&t=letterbox&url=ssl%3Alojaarno.vteximg.com.br%2Farquivos%2Fids%2F155554_2&feedId=100096&k=d44eb0d7eb1a2ecbfdeb47da1685880a8cceb5a6,BRL,,,https://www.arno.com.br/batedeira-planetaria-arno-inspirart-km32-vermelha-2720015118-pai/p?idsku=236&utm_source=googleshopping&utm_medium=cpc,,,BRL499.99,100096,,,,"55.55 BRL",,,,,,,2720015118,,7895500756914
https://www.awin1.com/pclick.php?p=40352632324&a=3093907&m=108626,"Churrasqueira Elétrica Arno Mais Sabor e Menos Fumaça GPRA",40352632324,33,https://lojaarno.vteximg.com.br/arquivos/ids/167111_2,"Resultados perfeitos de receitas saudáveis e com pouca fumaça só poderia ser com a Churrasqueira Elétrica da Arno, que possui alças de fácil manuseio que não aquecem (para sua segurança), cabo removível (para facilitar o transporte e armazenagem), revestimento antiderente (para facilitar a limpeza), bandeja coletora de gordura (para menos fumaça) e um termostato regulável ate 230° C. Arno oferece resultados perfeitos e com segurança.",Arno,614.99,"Arno BR",108626,,,https://images2.productserve.com/?w=200&h=200&bg=white&trim=5&t=letterbox&url=ssl%3Alojaarno.vteximg.com.br%2Farquivos%2Fids%2F167111_2&feedId=100096&k=eb4bd7d12a18ddf344b951b04e98be9dcb65de7f,BRL,,,https://www.arno.com.br/churrasqueira-eletrica-arno-mais-sabor-e-menos-fumaca-gpra-inox-110v-8010000846-pai/p?idsku=33&utm_source=googleshopping&utm_medium=cpc,,,BRL614.99,100096,,,,"61.49 BRL",,,,,,,8010000846,,3016661157516
https://www.awin1.com/pclick.php?p=41183992775&a=3093907&m=108626,"Batedeira Planetária Arno Super Chef 750W com 3 Batedores, Tigela de 5 litros e 15 velocidades Branca KM00",41183992775,260,https://lojaarno.vteximg.com.br/arquivos/ids/166719_2,"A melhor planetária já feita pela Arno com alta potência de 750W e 15 velocidades para resultados perfeitos e mais rápidos! Possui 1 tigela de 5L para o preparar até o dobro de uma receita além de ter resistência térmica - pode ser levada diretamente ao freezer ou micro-ondas! Design exclusivo, botão integrado multi velocidades + trava de abertura, tampa anti respingo que além de maior praticidade e menos sujeira, possui o bocal exclusivo com uma maior abertura para facilitar a inclusão de ingredientes. Completa, com 3 batedores - para massas pesadas, médias ou leves além do início supersuave que mistura os ingredientes de forma eficiente evitando respingos + função turbo alcance para claras em neve em até 1 minuto! Além disso, o batedor para massas leves fica mais rente à tigela permitindo bater apenas 1 clara em neve, garantindo um menor desperdício e otimização de receitas menores. É ainda mais estável na bancada graças ao design da base e fácil de limpar por ter áreas planas que evitam o acúmulo de sujeira. A Arno ainda oferece 2 anos de garantia! Batedeira Arno Superchef - você imagina, clic, a Arno faz!Ver mais",Arno,519.99,"Arno BR",108626,,,https://images2.productserve.com/?w=200&h=200&bg=white&trim=5&t=letterbox&url=ssl%3Alojaarno.vteximg.com.br%2Farquivos%2Fids%2F166719_2&feedId=100096&k=142c2d10dddcea2be8607ed6838c85a706497c5f,BRL,,,https://www.arno.com.br/batedeira-planetaria-arno-super-chef-750w-5l-15-velocidades-branca-km00-2720014791-pai/p?idsku=260&utm_source=googleshopping&utm_medium=cpc,,,BRL519.99,100096,,,,"51.99 BRL",,,,,,,2720014791,,7895500756976
https://www.awin1.com/pclick.php?p=40352632325&a=3093907&m=108626,"Batedeira Arno Chef 400W 2 batedores multifuncionais 5 Litros Branca SM00",40352632325,250,https://lojaarno.vteximg.com.br/arquivos/ids/168436_2,"Batedeira Chef design moderno, inovador e robusto. É super estável na bancada graças ao design da base e fácil de limpar por ter áreas planas que evitam o acúmulo de sujeira. Possui 400W de potência e 5 velocidades garantido resultados perfeitos! Ainda conta com 1 par de batedores multifuncionais ideais para bater massas, recheios e coberturas. Conta com 1 tigela com design exclusivo mais largo que facilita a inclusão de ingredientes além de grande capacidade de 5L para o preparar até o dobro de uma receita além de ter resistência térmica - pode ser levada diretamente ao freezer ou micro-ondas! Batedeira Arno Chef- você imagina, clic, a Arno faz!",Arno,259.99,"Arno BR",108626,,,https://images2.productserve.com/?w=200&h=200&bg=white&trim=5&t=letterbox&url=ssl%3Alojaarno.vteximg.com.br%2Farquivos%2Fids%2F168436_2&feedId=100096&k=35ad164dd9d4b5212a34d626327a173a4e6879fc,BRL,,,https://www.arno.com.br/batedeira-arno-chef-400w-5-litros-branca-sm00-2720015333-pai/p?idsku=250&utm_source=googleshopping&utm_medium=cpc,,,BRL259.99,100096,,,,"51.99 BRL",,,,,,,2720015333,,7895500757140
https://www.awin1.com/pclick.php?p=40352632327&a=3093907&m=108626,"Batedeira Arno Chef 400W 2 batedores multifuncionais 5 Litros Vermelha SM02",40352632327,246,https://lojaarno.vteximg.com.br/arquivos/ids/168440_2,"Batedeira Chef design moderno, inovador e robusto. &Eacute; super est&aacute;vel na bancada gra&ccedil;as ao design da base e f&aacute;cil de limpar por ter &aacute;reas planas que evitam o ac&uacute;mulo de sujeira. Possui 400W de pot&ecirc;ncia e 5 velocidades garantido resultados perfeitos! Ainda conta com 1 par de batedores multifuncionais ideais para bater massas, recheios e coberturas. Conta com 1 tigela com design exclusivo mais largo que facilita a inclus&atilde;o de ingredientes al&eacute;m de grande capacidade de 5L para o preparar at&eacute; o dobro de uma receita al&eacute;m de ter resist&ecirc;ncia t&eacute;rmica - pode ser levada diretamente ao freezer ou micro-ondas! Batedeira Arno Chef- voc&ecirc; imagina, clic, a Arno faz!",Arno,259.99,"Arno BR",108626,,,https://images2.productserve.com/?w=200&h=200&bg=white&trim=5&t=letterbox&url=ssl%3Alojaarno.vteximg.com.br%2Farquivos%2Fids%2F168440_2&feedId=100096&k=e1b11a335f96bde3894e46cff7c2444c88bd1954,BRL,,,https://www.arno.com.br/batedeira-arno-chef-400w-5-litros-vermelha-sm02-2720015337-pai/p?idsku=246&utm_source=googleshopping&utm_medium=cpc,,,BRL259.99,100096,,,,"51.99 BRL",,,,,,,2720015337,,7895500757188
https://www.awin1.com/pclick.php?p=40352632328&a=3093907&m=108626,"Forno Elétrico Arno Airfry 5 em 1 com 20L de Capacidade Vermelho FOR3",40352632328,30,https://lojaarno.vteximg.com.br/arquivos/ids/162782_2,"Quer um forno elétrico que asse, grelhe, aqueça, toste e ainda frite seus alimentos? Conheça o Forno Elétrico Arno Airfry 5 em 1 que além de possuir super capacidade podendo assar uma pizza inteiro, vem com a função Airfry que frita seus alimentos e garante resultados muito mais crocantes e deliciosos.Um forno completo com diversas funções para facilitar o preparo de suas refeições seja para muitas ou poucas pessoas.5 em 1: frite, asse, grelhe, aqueça e toste seus alimentos preferidos com muito mais praticidade e sabor em um só produto.Função Airfry: além das funcionalidades do forno elétrico tradicional você pode fritar seus alimentos garantindo a crocância por conta da circulação de ar quente uniforme.Super capacidade: com muito mais espaço para você conseguir assar um frango ou até uma pizza inteira o Forno 5 em 1 tem capacidade total de 20 litros. Além disso, possui controle de níveis de altura para adaptar o espaço de acordo com o alimento.Temperatura ajustável: controle o nível da temperatura até 230°C ajustando de acordo com o alimento que for preparar.Luz indicadora: indica quando o produto está ligado para controlar o uso e evitar acidentes ao manusear.Temporizador: com o timer de 60 minutos com desligamento automático para que você pode ficar tranquilo ajustando o tempo ideal para cada um dos alimentos.Bandeja: possui uma bandeja para migalhas que tornam muito mais fácil a hora da limpeza.O Forno Elétrico Arno Airfry 5 em 1 possui a qualidade e garantia dos produtos Ano unidas à eficiência e tecnologia de ponta com design sofisticado que a sua cozinha merece.",Arno,399.99,"Arno BR",108626,,,https://images2.productserve.com/?w=200&h=200&bg=white&trim=5&t=letterbox&url=ssl%3Alojaarno.vteximg.com.br%2Farquivos%2Fids%2F162782_2&feedId=100096&k=57193f5760e3b787950709fa34362fdaad6b7616,BRL,,,https://www.arno.com.br/forno-eletrico-arno-airfry-5-em-1-for3-vermelho-8010000851-pai/p?idsku=30&utm_source=googleshopping&utm_medium=cpc,,,BRL399.99,100096,,,,"57.14 BRL",,,,,,,8010000852,,3016661157660
https://www.awin1.com/pclick.php?p=40352632329&a=3093907&m=108626,"Espremedor de Frutas Arno Suco Express 40W e 750ml de Capacidade Preto CP31",40352632329,25,https://lojaarno.vteximg.com.br/arquivos/ids/166831_2,"O espremedor de frutas Suco Express da Arno chegou com design renovado! &nbsp; Sua jarra transparente que facilita a visualiza&ccedil;&atilde;o do suco, possui capacidade de 0,75L. Tamb&eacute;m conta com 40W de pot&ecirc;ncia, o que &eacute; ideal para e extra&ccedil;&atilde;o da fruta at&eacute; a &uacute;ltima gota! O filtro com regulagem garante a escolha da bebida com ou sem os gominhos al&eacute;m da rota&ccedil;&atilde;o alternada que agiliza o preparo. &nbsp; O espremedor de frutas Suco Express entrega toda a praticidade gra&ccedil;as ao acionamento autom&aacute;tico: mesmo que o produto esteja ligado, far&aacute; a rota&ccedil;&atilde;o somente se pressionado.Espremedor de frutas Arno Suco Express - voc&ecirc; imagina, clic, a Arno faz!",Arno,249.99,"Arno BR",108626,,,https://images2.productserve.com/?w=200&h=200&bg=white&trim=5&t=letterbox&url=ssl%3Alojaarno.vteximg.com.br%2Farquivos%2Fids%2F166831_2&feedId=100096&k=0991ccbec0f72334e918f2d75fd6e4b324515d6a,BRL,,,https://www.arno.com.br/espremedor-de-frutas-suco-express-075l-preto-cp01-8010000883-pai/p?idsku=25&utm_source=googleshopping&utm_medium=cpc,,,BRL249.99,100096,,,,"62.49 BRL",,,,,,,8010000883,,3016661158063
https://www.awin1.com/pclick.php?p=40352632330&a=3093907&m=108626,"Espremedor de Frutas Arno Suco Express 40W e 750ml de Capacidade Vermelho CP32",40352632330,23,https://lojaarno.vteximg.com.br/arquivos/ids/166824_2,"O espremedor de frutas Suco Express da Arno chegou com design renovado! &nbsp; Sua jarra transparente que facilita a visualiza&ccedil;&atilde;o do suco, possui capacidade de 0,75L. Tamb&eacute;m conta com 40W de pot&ecirc;ncia, o que &eacute; ideal para e extra&ccedil;&atilde;o da fruta at&eacute; a &uacute;ltima gota! O filtro com regulagem garante a escolha da bebida com ou sem os gominhos al&eacute;m da rota&ccedil;&atilde;o alternada que agiliza o preparo. &nbsp; O espremedor de frutas Suco Express entrega toda a praticidade gra&ccedil;as ao acionamento autom&aacute;tico: mesmo que o produto esteja ligado, far&aacute; a rota&ccedil;&atilde;o somente se pressionado.Espremedor de frutas Arno Suco Express - voc&ecirc; imagina, clic, a Arno faz!",Arno,249.99,"Arno BR",108626,,,https://images2.productserve.com/?w=200&h=200&bg=white&trim=5&t=letterbox&url=ssl%3Alojaarno.vteximg.com.br%2Farquivos%2Fids%2F166824_2&feedId=100096&k=c233889793b792ea3308477762b76c044c6f0ef2,BRL,,,https://www.arno.com.br/espremedor-de-frutas-suco-express-075l-vermelho-cp02-8010000885-pai/p?idsku=23&utm_source=googleshopping&utm_medium=cpc,,,BRL249.99,100096,,,,"62.49 BRL",,,,,,,8010000885,,3016661158087
https://www.awin1.com/pclick.php?p=40352632331&a=3093907&m=108626,"Nescafé Dolce Gusto Arno Genio S Basic Multibebidas Digital Automática Branca DGS1",40352632331,21,https://lojaarno.vteximg.com.br/arquivos/ids/166445_2,"A NESCAF&Eacute;&reg; Dolce Gusto&reg; Genio S da Arno &eacute; uma m&aacute;quina MULTIBEBIDAS que prepara mais de 30 tipos de bebidas em c&aacute;psulas com inova&ccedil;&otilde;es a cada ano.  Voc&ecirc; pode preparar um cremoso caf&eacute; Espresso, um Chococcino quentinho ou at&eacute; um ch&aacute; gelado na sua casa com passos simples e de forma super r&aacute;pida.  A NESCAF&Eacute;&reg; Dolce Gusto&reg; Genio S da Arno &eacute; o primeiro passo para quem deseja uma m&aacute;quina autom&aacute;tica com bastante precis&atilde;o e resultados quentes ou gelados sempre muito saborosos.  Al&eacute;m das fun&ccedil;&otilde;es tradicionais das m&aacute;quinas autom&aacute;ticas NESCAF&Eacute;&reg; Dolce Gusto&reg;, a Genio S possui funcionalidades inovadoras para tornar a sua experi&ecirc;ncia ainda mais completa e agrad&aacute;vel:   Fun&ccedil;&atilde;o XL: prepare um extra longo com +30ml de bebida com um s&oacute; clique.  Fun&ccedil;&atilde;o limpeza: Avisa a hora de limpar vest&iacute;gios de caf&eacute;, leite e chocolate das partes internas garantindo que sua m&aacute;quina fique sempre em excelentes condi&ccedil;&otilde;es e dure por muito mais tempo.   A Genio S prepara desde um verdadeiro Espresso, Cappuccino e v&aacute;rias outras bebidas em quest&atilde;o de segundos. Para isso, basta selecionar o n&iacute;vel de &aacute;gua indicado na c&aacute;psula, a temperatura da bebida e ela para automaticamente quando sua bebida estiver pronta. A NESCAF&Eacute;&reg; Dolce Gusto&reg; Genio S possui reservat&oacute;rio de &aacute;gua com grande capacidade e fun&ccedil;&atilde;o ECO.  Assim como todas as m&aacute;quinas NESCAF&Eacute;&reg; Dolce Gusto&reg; da Arno, possui 15 BAR de press&atilde;o que garante a melhor qualidade, aroma e cremosidade para todas as bebidas, permitindo resultado semelhante ao obtido pelos baristas profissionais.  Com design arrojado e que combina com todos os tipos de ambiente de forma elegante e moderna, essa m&aacute;quina faz sucesso em qualquer lugar. Escolha seu sabor preferido e viva a experiencia de NESCAF&Eacute;&reg; Dolce Gusto&reg;!",Arno,599.99,"Arno BR",108626,,,https://images2.productserve.com/?w=200&h=200&bg=white&trim=5&t=letterbox&url=ssl%3Alojaarno.vteximg.com.br%2Farquivos%2Fids%2F166445_2&feedId=100096&k=d454e91d6587f4f145a048537d5c1a753932567f,BRL,,,https://www.arno.com.br/cafeteira-nescafe-dolce-gusto-genio-s-basic-dgs1-branca-110v-8010000934-pai/p?idsku=21&utm_source=googleshopping&utm_medium=cpc,,,BRL599.99,100096,,,,"59.99 BRL",,,,,,,1510002353,,3016661158841
https://www.awin1.com/pclick.php?p=40352632332&a=3093907&m=108626,"Sanduicheira Arno Compacta com Placas Antiaderentes SACB",40352632332,5,https://lojaarno.vteximg.com.br/arquivos/ids/155429_2,"Desfrute deliciosos lanches com a Sanduicheira Arno, que prepara desde sanduiches, paninis, até carnes grelhadas. Por acompanhar placa de revestimento antiaderente, é fácil de limpar. Pode ser armazenada verticalmente, ocupando menos espaço em sua cozinha. Possui alça isolada e trava de segurança, sendo completamente segura. Em sua parte superior possui luzes piloto de indicação liga/desliga, que também indica o final do pré-aquecimento do seu alimento.",Arno,219.99,"Arno BR",108626,,,https://images2.productserve.com/?w=200&h=200&bg=white&trim=5&t=letterbox&url=ssl%3Alojaarno.vteximg.com.br%2Farquivos%2Fids%2F155429_2&feedId=100096&k=ade1343ec0f23209a1fc5e376b5441c734352e20,BRL,,,https://www.arno.com.br/sanduicheira-arno-sacb-preta-8000035844-pai/p?idsku=5&utm_source=googleshopping&utm_medium=cpc,,,BRL219.99,100096,,,,"54.99 BRL",,,,,,,8000035844,,3016661147852
https://www.awin1.com/pclick.php?p=40787009180&a=3093907&m=108626,"Ventilador de Mesa 40cm Arno Bluetooth, 6 PÁS, 126W VDBT",40787009180,334,https://lojaarno.vteximg.com.br/arquivos/ids/162891_2,"Agora voc&ecirc; pode desfrutar do sil&ecirc;ncio e pot&ecirc;ncia que a Arno oferece com a praticidade que voc&ecirc; sempre quis! O Ultra Silence Force Bluetooth&reg; &ndash; O mais forte e silencioso j&aacute; feito com uso personalizado via APP &eacute; o primeiro ventilador com conex&atilde;o Bluetooth&sup1; do mercado e com controle personalizado via aplicativo exclusivo. Tenha total controle do seu ventilador e maximize seu conforto: O Ultra Silence Force Bluetooth&reg; &eacute; at&eacute; 4x vezes mais forte e silencioso&sup2; e oferece op&ccedil;&otilde;es para que voc&ecirc; sinta bem-estar em todos os momentos do seu dia-a-dia. Deixe que o Ultra Silence Force Bluetooth&reg; cuide do seu sono &ndash; crie programa&ccedil;&otilde;es personalizadas para que voc&ecirc; possa aproveitar noites tranquilas e sem interrup&ccedil;&otilde;es. Com as op&ccedil;&otilde;es de timer e programa&ccedil;&atilde;o personalizada, seu ventilador acompanha seus h&aacute;bitos noturnos; A partir do aplicativo exclusivo Ultra Silence Force Bluetooth&reg; &eacute; poss&iacute;vel aproveitar ao m&aacute;ximo o seu produto. Programe &agrave; dist&acirc;ncia seu ventilador, da forma que quiser e incorpore mais praticidade no seu dia-a-dia; O aplicativo &eacute; compat&iacute;vel com todos os smartphones. Baixe o APP e conhe&ccedil;a acessibilidade apoiada em inova&ccedil;&atilde;o: usufrua de todas as possibilidades que o Ultra Silence Force Bluetooth&reg; tem a oferecer, a qualquer hora e por quanto tempo quiser se refrescar; Tenha em m&atilde;os a solu&ccedil;&atilde;o para dias intensos de ver&atilde;o e noites silenciosas. S&atilde;o 3 velocidades ideais para satisfazer suas diferentes necessidades; 6 p&aacute;s e 4 inclina&ccedil;&otilde;es verticais, incluindo exclusiva inclina&ccedil;&atilde;o para o ch&atilde;o e oscila&ccedil;&atilde;o horizontal.",Arno,424.99,"Arno BR",108626,,,https://images2.productserve.com/?w=200&h=200&bg=white&trim=5&t=letterbox&url=ssl%3Alojaarno.vteximg.com.br%2Farquivos%2Fids%2F162891_2&feedId=100096&k=0e94651a8a14e3576d0f947f408548fdba81f0de,BRL,,,https://www.arno.com.br/ventilador-ultra-silence-force-bluetooth-2720014850-pai/p?idsku=334&utm_source=googleshopping&utm_medium=cpc,,,BRL424.99,100096,,,,"53.12 BRL",,,,,,,2720014850,,7895500756198
https://www.awin1.com/pclick.php?p=40352632334&a=3093907&m=108626,"Cafeteira Filtro Digital Arno New Element com 1,8L Tubo misturador e Funções Programáveis CFNE",40352632334,394,https://lojaarno.vteximg.com.br/arquivos/ids/166100_2,"A Catefeira Arno New Element é extremamente estilosa e a cafeteira com a maior capacidade de toda a linha Arno, com possibilidade de extrair até 44 xícaras de café de uma só vez. Com seu painel digital, é possível fazer programações para ter seu cafezinho fresquinho no momento que desejar. Acompanha função de desligamento automático após um ciclo de manutenção quente de 30 minutos, para total tranquilidade e segurança.",Arno,639.99,"Arno BR",108626,,,https://images2.productserve.com/?w=200&h=200&bg=white&trim=5&t=letterbox&url=ssl%3Alojaarno.vteximg.com.br%2Farquivos%2Fids%2F166100_2&feedId=100096&k=7d86d08c5e753c43e0ec4ba4078a52078ec374b2,BRL,,,https://www.arno.com.br/cafeteira-arno-new-element-cfne-1510001995-pai/p?idsku=394&utm_source=googleshopping&utm_medium=cpc,,,BRL639.99,100096,,,,"63.99 BRL",,,,,,,1510001995,,3045380019959
https://www.awin1.com/pclick.php?p=40352632335&a=3093907&m=108626,"Cafeteira Espresso Arno Mini Espresso Compacta Inox 800W com bico vaporizador para leite CMME",40352632335,282,https://lojaarno.vteximg.com.br/arquivos/ids/166099_2,"Além de ter um design moderno e arrojado que combina perfeitamente com a sua cozinha, a Cafeteira Arno Mini Espresso conta com um vaporizador de leite, permitindo o preparo de deliciosas bebidas, como cappuccino e latte, sempre fresquinhos.",Arno,635.99,"Arno BR",108626,,,https://images2.productserve.com/?w=200&h=200&bg=white&trim=5&t=letterbox&url=ssl%3Alojaarno.vteximg.com.br%2Farquivos%2Fids%2F166099_2&feedId=100096&k=f9c46e4244a3ce34444109f34eaeee41ff0768a3,BRL,,,https://www.arno.com.br/cafeteira-arno-mini-espresso-sfcm-8010001047-pai/p?idsku=282&utm_source=googleshopping&utm_medium=cpc,,,BRL635.99,100096,,,,"63.59 BRL",,,,,,,8010001048,,3016661165696
https://www.awin1.com/pclick.php?p=40920010768&a=3093907&m=108626,"Fritadeira sem óleo Arno Airfry Easy Fry com 3,2 litros Hot Air e Cesto Removível Preta EZFP",40920010768,391,https://lojaarno.vteximg.com.br/arquivos/ids/157918_2,"Airfryer Arno Easy Fry, sua aliada para uma vida mais saudável e prática na cozinha. Reduza o uso de óleo em suas refeições sem perder o sabor, graças à tecnologia avançada Hot Air, que proporciona alimentos mais crocantes por fora e suculentos por dentro.Com um design compacto que se encaixa perfeitamente em qualquer cozinha, Arno Airfry Easy Fry economiza espaço sem comprometer a capacidade de servir até 4 pessoas com sua cesta de 3,2 litros. Desfrute da praticidade no preparo das refeições com o controle preciso de temperatura, variando de 80ºC a 200ºC, e um timer de 60 minutos que permite cronometrar com precisão o cozimento dos alimentos.E quando se trata de limpeza, Arno Easy Fry torna tudo mais fácil. Sua cesta é removível e antiaderente, garantindo uma limpeza rápida e sem esforço. Experimente e descubra como é simples e prazeroso adotar hábitos alimentares mais saudáveis, sem abrir mão do sabor e da praticidade.",Arno,379.99,"Arno BR",108626,,,https://images2.productserve.com/?w=200&h=200&bg=white&trim=5&t=letterbox&url=ssl%3Alojaarno.vteximg.com.br%2Farquivos%2Fids%2F157918_2&feedId=100096&k=160f7fa1cc3c4e57f36c8ca41000b30a34d3ed8d,BRL,,,https://www.arno.com.br/fritadeira-easy-fry-32-l-black-1510002102-pai/p?idsku=391&utm_source=googleshopping&utm_medium=cpc,,,BRL379.99,100096,,,,"54.28 BRL",,,,,,,1510002102,,3045380021020
https://www.awin1.com/pclick.php?p=40352632337&a=3093907&m=108626,"Nescafé Dolce Gusto Arno Genio S Plus Multibebidas Digital Automática Preta DGS2",40352632337,19,https://lojaarno.vteximg.com.br/arquivos/ids/166455_2,"Descubra a Praticidade da NESCAFÉ® Dolce Gusto® Genio S Plus. A máquina MULTIBEBIDAS que transforma seu café! A NESCAFÉ® Dolce Gusto® Genio S Plus Preta da Arno é a máquina ideal para quem busca praticidade e variedade em cada xícara. Com mais de 30 tipos de bebidas em cápsulas, a cada ano a linha traz inovações que vão surpreender seu paladar. Aproveite a Black Friday Dolce Gusto e garanta a sua máquina com desconto exclusivo para experimentar sabores incríveis! Delícias em Apenas Um Clique Com a Genio S Plus, você prepara rapidamente deliciosos cafés Espresso, cremosos Chococcinos e até chás gelados. Esta máquina automática é perfeita para quem deseja precisão e qualidade, tanto em bebidas quentes quanto geladas, sempre com resultados saborosos. Funcionalidades que Elevam sua Experiência A Genio S Plus não é apenas uma máquina de café; ela é equipada com diversas funcionalidades que aprimoram sua experiência:  Anel de Controle: Ajuste o tamanho da bebida de forma simples para garantir a quantidade ideal. Controle de Temperatura: Com 4 ajustes, de ""ambiente"" até ""muito quente"", você pode personalizar suas bebidas para agradar a todos. Espresso Boost: Intensifica o sabor, pré-umedecendo o espresso para um café mais concentrado. Função de Limpeza: Lembra o momento ideal para limpar resíduos de café, leite e chocolate, mantendo a máquina sempre impecável. Função XL: Com um clique, adicione +30ml à sua bebida para doses maiores e mais saborosas.  Praticidade e Design Sofisticado Com um reservatório de água de grande capacidade e a função ECO, a Dolce Gusto proporciona praticidade no seu dia a dia. Com 15 BAR de pressão, todas as máquinas da linha garantem qualidade de barista em cada preparo, seja para um Espresso ou um Cappuccino. Seu design moderno e elegante na cor preta combina com qualquer ambiente, tornando-se a escolha perfeita para quem valoriza estética e funcionalidade. E com o Kit Dolce Gusto Arno Genio DGS2, você pode compartilhar momentos de alegria com quem ama. Não Perca as Promoções Imperdíveis! Aproveite as promoções Nescafé Dolce Gusto e viva a experiência autêntica da marca. Felicidade compartilhada é sempre mais saborosa! Garanta a sua máquina agora e transforme a maneira como você aprecia cada bebida!      Ver mais",Arno,649.99,"Arno BR",108626,,,https://images2.productserve.com/?w=200&h=200&bg=white&trim=5&t=letterbox&url=ssl%3Alojaarno.vteximg.com.br%2Farquivos%2Fids%2F166455_2&feedId=100096&k=10e1fc15903d52cc6180650b273b4852e570c910,BRL,,,https://www.arno.com.br/cafeteira-nescafe-dolce-gusto-genio-s-plus-dgs2-preta-110v-8010000936-pai/p?idsku=19&utm_source=googleshopping&utm_medium=cpc,,,BRL649.99,100096,,,,"64.99 BRL",,,,,,,2720018433,,7895500765923
https://www.awin1.com/pclick.php?p=40352632338&a=3093907&m=108626,"Multiprocessador de alimentos Arno Multichef 7 em 1 700W Limpa Fácil com Lâminas Removíveis Jarra de 3,1L Vermelho MP76",40352632338,315,https://lojaarno.vteximg.com.br/arquivos/ids/165099_2,"O Multiprocessador Arno Multichef 7 em 1 chegou para que voc&ecirc; possa explorar sua imagina&ccedil;&atilde;o e criar as mais variadas receitas do seu jeito! Ele vem com v&aacute;rios acess&oacute;rios! Voc&ecirc; pode preparar todas as refei&ccedil;&otilde;es que quiser, com 1 s&oacute; processador: conta com 1 l&acirc;mina processadora com faca em a&ccedil;o inoxid&aacute;vel para picar cebola, temperos, carne e muito mais! - 1 l&acirc;mina para ralar fino com alt&iacute;ssima precis&atilde;o - rala cenoura, batata, queijo, coco e os mais variados tipos de ingredientes; - 1 l&acirc;mina de fatiar, para pepino, salame e outros; - 1 batedor de massas pesadas, como p&atilde;es e massa de pizza; - 1 emulsificador, para fazer claras em neve, maioneses e molhos; - 1 espremedor para fazer sucos fresquinhos e deliciosos. - 1 Super jarra de liquidificador com 3,1L de capacidade total. Voc&ecirc; vai picar, ralar, fatiar, bater massas pesadas, emulsificar, espremer um delicioso suco sem baga&ccedil;os e liquidificar as mais variadas receitas. Possui tamb&eacute;m o sistema secure lock com clic sonoro e visual para travamento do produto, que garante total seguran&ccedil;a no manuseio. Al&eacute;m disso, possui 2 velocidades + pulsar e 700W de pot&ecirc;ncia. O produto atrela versatilidade &agrave; pot&ecirc;ncia, para diversos tipos de preparo! Voc&ecirc; imagina, clic, a Arno faz!",Arno,819.99,"Arno BR",108626,,,https://images2.productserve.com/?w=200&h=200&bg=white&trim=5&t=letterbox&url=ssl%3Alojaarno.vteximg.com.br%2Farquivos%2Fids%2F165099_2&feedId=100096&k=3a83a403e3107fc52cd38646ec9c3e2ec3437aef,BRL,,,https://www.arno.com.br/proc-de-alimentos-multichef-limpa-facil-700w-vm-2720016328-pai/p?idsku=315&utm_source=googleshopping&utm_medium=cpc,,,BRL819.99,100096,,,,"81.99 BRL",,,,,,,2720016328,,7895500760676
https://www.awin1.com/pclick.php?p=40352632339&a=3093907&m=108626,"Batedeira Arno Mini Chef Portátil 400W Compacta com 4 velocidades e Função Pulsar HM01",40352632339,327,https://lojaarno.vteximg.com.br/arquivos/ids/168443_2,"Com a Mini Chef Port&aacute;til o momento de cozinhar a se torna ainda mais completo. Tenha maior controle e precis&atilde;o no preparo de merengues e chantillys. Al&eacute;m de possuir 400W e 4 velocidades incluindo a fun&ccedil;&atilde;o pulsar, acompanha 1 tigelas de 4L que podem ser levadas no freezer e micro-ondas.",Arno,149.99,"Arno BR",108626,,,https://images2.productserve.com/?w=200&h=200&bg=white&trim=5&t=letterbox&url=ssl%3Alojaarno.vteximg.com.br%2Farquivos%2Fids%2F168443_2&feedId=100096&k=d900cc4ea307c7df9b346f5430ad2a20244d3e11,BRL,,,https://www.arno.com.br/bat-mini-chef-portatil-400w-pt-2720015871-pai/p?idsku=327&utm_source=googleshopping&utm_medium=cpc,,,BRL149.99,100096,,,,"74.99 BRL",,,,,,,2720015871,,7895500760126
https://www.awin1.com/pclick.php?p=40352632340&a=3093907&m=108626,"Batedeira Arno Mini Chef Portátil 400W com 2 Tigelas de 4 Litros 4 velocidades Função Pulsar Branca HM10",40352632340,325,https://lojaarno.vteximg.com.br/arquivos/ids/166790_2,"Com a Mini Chef o momento de cozinhar a se torna ainda mais completo. Al&eacute;m de possuir 400W e 4 velocidades incluindo a fun&ccedil;&atilde;o pulsar, acompanha 2 tigelas de 4L que podem ser levadas no freezer e microondas. Possui 1 par de batedores multifuncionais para um preparo de massas, recheios e coberturas. Al&eacute;m disso, pode ser usada sem o pedestal, para maior controle e precis&atilde;o para o preparo de merengues e chantilys",Arno,264.99,"Arno BR",108626,,,https://images2.productserve.com/?w=200&h=200&bg=white&trim=5&t=letterbox&url=ssl%3Alojaarno.vteximg.com.br%2Farquivos%2Fids%2F166790_2&feedId=100096&k=a95cded9dc7b11a7f538957bd69815220d0e323e,BRL,,,https://www.arno.com.br/bat-mini-chef-400w-br-2720015873-pai/p?idsku=325&utm_source=googleshopping&utm_medium=cpc,,,BRL264.99,100096,,,,"52.99 BRL",,,,,,,2720015873,,7895500760140
https://www.awin1.com/pclick.php?p=41183992776&a=3093907&m=108626,"Batedeira Arno Mini Chef Portátil 400W com 2 Tigelas de 4 Litros 4 velocidades Função Pulsar Preta HM11",41183992776,322,https://lojaarno.vteximg.com.br/arquivos/ids/166781_2,"Com a Mini Chef o momento de cozinhar a se torna ainda mais completo. Al&eacute;m de possuir 400W e 4 velocidades incluindo a fun&ccedil;&atilde;o pulsar, acompanha 2 tigelas de 4L que podem ser levadas no freezer e microondas. Possui 1 par de batedores multifuncionais para um preparo de massas, recheios e coberturas. Al&eacute;m disso, pode ser usada sem o pedestal, para maior controle e precis&atilde;o para o preparo de merengues e chantilys",Arno,264.99,"Arno BR",108626,,,https://images2.productserve.com/?w=200&h=200&bg=white&trim=5&t=letterbox&url=ssl%3Alojaarno.vteximg.com.br%2Farquivos%2Fids%2F166781_2&feedId=100096&k=ed5c4f33b14646957eb781f74cca6043cc6dc9bf,BRL,,,https://www.arno.com.br/bat-mini-chef-400w-pt-2720015875-pai/p?idsku=322&utm_source=googleshopping&utm_medium=cpc,,,BRL264.99,100096,,,,"52.99 BRL",,,,,,,2720015876,,7895500760171
https://www.awin1.com/pclick.php?p=40529663012&a=3093907&m=108626,"Nescafé Dolce Gusto Arno Genio S Plus Multibebidas Digital Automática Vermelha DGS3",40529663012,17,https://lojaarno.vteximg.com.br/arquivos/ids/166465_2,"Nescafé Dolce Gusto Genio S Plus da Arno é uma máquina multibebidas, que te possibilita fazer mais de 45 tipos de bebidas diferentes, com controle de temperatura dentre 4 opções - de fria a super quente. Conta com o sistema de 15 Bars de pressão, que garante a melhor qualidade, aroma e cremosidade para todas as bebidas, permitindo resultado semelhante ao obtido pelos baristas profissionais. Acompanha tecnologia espresso boost, no qual é possível ter uma experiência ainda mais intensa que pré umedece o café expresso antes do preparo, para café mais intenso e concentrado. Possui função XL, que permite preparar bebidas de até 300 ml. Além disso, acompanha um tanque removível de água de 0,8L, alerta de limpeza e função eco mode, que desliga automaticamente após 1 minuto de inatividade.",Arno,649.99,"Arno BR",108626,,,https://images2.productserve.com/?w=200&h=200&bg=white&trim=5&t=letterbox&url=ssl%3Alojaarno.vteximg.com.br%2Farquivos%2Fids%2F166465_2&feedId=100096&k=6ae1e6dc0fccab2a9cc9ab2a355e4df0ebe7e2ba,BRL,,,https://www.arno.com.br/cafeteira-nescafe-dolce-gusto-genio-s-plus-dgs3-vermelha-110v-8010000938-pai/p?idsku=17&utm_source=googleshopping&utm_medium=cpc,,,BRL649.99,100096,,,,"64.99 BRL",,,,,,,2720018435,,7895500765954
https://www.awin1.com/pclick.php?p=40352632342&a=3093907&m=108626,"Nescafé Dolce Gusto Arno Genio S Touch Multibebidas Digital Automática Cinza DGS4",40352632342,43,https://lojaarno.vteximg.com.br/arquivos/ids/166474_2,"A NESCAF&Eacute;&reg; Dolce Gusto&reg; Genio S Touch da Arno &eacute; uma m&aacute;quina MULTIBEBIDAS que prepara mais de 30 tipos de bebidas em c&aacute;psulas com inova&ccedil;&otilde;es a cada ano. Voc&ecirc; pode preparar um cremoso caf&eacute; Espresso, um Chococcino quentinho ou at&eacute; um ch&aacute; gelado na sua casa com passos simples e de forma super r&aacute;pida. A NESCAF&Eacute;&reg; Dolce Gusto&reg; Geno S Touch da Arno &eacute; perfeita para quem deseja uma m&aacute;quina autom&aacute;tica com bastante precis&atilde;o e resultados quentes ou gelados sempre muito saborosos. Al&eacute;m das fun&ccedil;&otilde;es tradicionais das m&aacute;quinas autom&aacute;ticas NESCAF&Eacute;&reg; Dolce Gusto&reg;, a Genio S Touch possui funcionalidades inovadoras para tornar a sua experi&ecirc;ncia ainda mais completa e agrad&aacute;vel:  Painel Touch: todas as fun&ccedil;&otilde;es com um simples toque para agilizar o preparo das suas bebidas al&eacute;m de deixar o visual muito mais bonito e elegante. Bandeja de metal: toque de requinte mais premium e com qualidade superior. Controle de temperatura: com 4 ajustes que v&atilde;o de &ldquo;ambiente&rdquo; at&eacute; &ldquo;muito quente&rdquo; personalizar sua bebida e agradar a todos os diferentes gostos. Espresso boost: experi&ecirc;ncia ainda mais intensa que pr&eacute; umedece seu espresso antes do preparo para caf&eacute; mais concentrado. Fun&ccedil;&atilde;o limpeza: Avisa a hora de limpar vest&iacute;gios de caf&eacute;, leite e chocolate das partes internas garantindo que sua m&aacute;quina fique sempre em excelentes condi&ccedil;&otilde;es e dure por muito mais tempo. Fun&ccedil;&atilde;o XL: prepare um extra longo com +30ml de bebida com um s&oacute; clique.  A Genio S Touch prepara desde um verdadeiro Espresso, Cappuccino e v&aacute;rias outras bebidas em quest&atilde;o de segundos. Para isso, basta selecionar o n&iacute;vel de &aacute;gua indicado na c&aacute;psula, a temperatura da bebida e ela para automaticamente quando sua bebida estiver pronta. A NESCAF&Eacute;&reg; Dolce Gusto&reg; Genio S Touch possui reservat&oacute;rio de &aacute;gua com grande capacidade e fun&ccedil;&atilde;o ECO. Assim como todas as m&aacute;quinas NESCAF&Eacute;&reg; Dolce Gusto&reg; da Arno, possui 15 BAR de press&atilde;o que garante a melhor qualidade, aroma e cremosidade para todas as bebidas, permitindo resultado semelhante ao obtido pelos baristas profissionais. Com design arrojado e que combina com todos os tipos de ambiente de forma elegante e moderna, essa m&aacute;quina faz sucesso em qualquer lugar. Escolha seu sabor preferido e viva a experiencia de NESCAF&Eacute;&reg; Dolce Gusto&reg;!",Arno,899.99,"Arno BR",108626,,,https://images2.productserve.com/?w=200&h=200&bg=white&trim=5&t=letterbox&url=ssl%3Alojaarno.vteximg.com.br%2Farquivos%2Fids%2F166474_2&feedId=100096&k=55f80bf5bedb522e6b4e457b171aa8adb54394b1,BRL,,,https://www.arno.com.br/cafeteira-nescafe-dolce-gusto-genio-s-touch-dgs4-prata-110v-8010000940-pai/p?idsku=43&utm_source=googleshopping&utm_medium=cpc,,,BRL899.99,100096,,,,"89.99 BRL",,,,,,,2720018437,,7895500765961
https://www.awin1.com/pclick.php?p=40352632343&a=3093907&m=108626,"Liquidificador Arno Blendforce Preto 700W Limpa Fácil com Lâminas Removíveis e Jarra de Vidro LN91",40352632343,45,https://lojaarno.vteximg.com.br/arquivos/ids/155618_2,"O liquidificador Blendforce da Arno veio para trazer toda a sofistica&ccedil;&atilde;o que voc&ecirc; deseja para a sua cozinha, al&eacute;m de muita praticidade para o dia a dia. Ele entrega design refinado na cor preta brilhante e chapa em a&ccedil;o inox, al&eacute;m da exclusiva jarra de vidro de alta resist&ecirc;ncia para misturas geladas e quentes. Possui bot&atilde;o com toque aprimorado e 2 velocidades + fun&ccedil;&atilde;o gelo: tritura em segundos! Conta ainda com 700W de pot&ecirc;ncia, garantindo uma mistura homog&ecirc;nea e cremosa no preparo de sucos, vitaminas, smoothies, sopas e cremes. Al&eacute;m disso, possui a l&acirc;mina Powerlix de alta qualidade e sistema limpa f&aacute;cil que facilita a limpeza. O Blendforce tem o Sistema Air Cooling como diferencial que garante o resfriamento de ar para prolongar o uso cont&iacute;nuo do produto. Liquidificador Blendforce Glass com Jarra de Vidro. Voc&ecirc; imagina, clic, a Arno faz!",Arno,599.99,"Arno BR",108626,,,https://images2.productserve.com/?w=200&h=200&bg=white&trim=5&t=letterbox&url=ssl%3Alojaarno.vteximg.com.br%2Farquivos%2Fids%2F155618_2&feedId=100096&k=8f1a23a3e6682a86c2b07ec3dc7dcf93206ef9b3,BRL,,,https://www.arno.com.br/liquidificador-arno-blendforce-jarra-de-vidro-700w-preto-ln91-7211004288-pai/p?idsku=45&utm_source=googleshopping&utm_medium=cpc,,,BRL599.99,100096,,,,"59.99 BRL",,,,,,,7211004288,,3016667242889
https://www.awin1.com/pclick.php?p=40352632344&a=3093907&m=108626,"Fritadeira sem Óleo Arno Airfry Super Inox com 4,2L de capacidade e Cesto Removível IFRY",40352632344,53,https://lojaarno.vteximg.com.br/arquivos/ids/155754_2,"Prepare receitas saudáveis, sem óleo, sem perder o sabor e a crocância, mesmo para pratos como batatas fritas, frango à passarinho e coxinhas. Ela pode fritar, grelhar e assar rapidamente todas as suas receitas favoritas.A fritadeira Arno Super Inox economiza até 70% de energia* e oferece praticidade na cozinha, com controle de temperatura até 200ºC e um timer de 60 minutos. Com sua cesta de 4,2L, ela serve até 6 pessoas.A tecnologia Hot Air garante alimentos crocantes por fora e suculentos por dentro, graças à circulação uniforme de ar quente. Além disso, é fácil de limpar, sem deixar a cozinha engordurada ou com fumaça, com uma cesta removível que pode ser lavada na máquina de lavar louça.",Arno,499.99,"Arno BR",108626,,,https://images2.productserve.com/?w=200&h=200&bg=white&trim=5&t=letterbox&url=ssl%3Alojaarno.vteximg.com.br%2Farquivos%2Fids%2F155754_2&feedId=100096&k=0b70e18e99dcd08468e79dcdb5569e640d09bd48,BRL,,,https://www.arno.com.br/fritadeira-sem-oleo-arno-airfry-super-ifry-inox-1510001508-pai/p?idsku=53&utm_source=googleshopping&utm_medium=cpc,,,BRL499.99,100096,,,,"55.55 BRL",,,,,,,1510001508,,3045380015081
https://www.awin1.com/pclick.php?p=40352632346&a=3093907&m=108626,"Sanduicheira Arno Inox Compacta com Placas Antiaderentes SACS",40352632346,3,https://lojaarno.vteximg.com.br/arquivos/ids/155431_2,"Desfrute deliciosos lanches com a Sanduicheira Arno, que prepara desde sanduiches, paninis, até carnes grelhadas. Por acompanhar placa de revestimento antiaderente, é fácil de limpar. Pode ser armazenada verticalmente, ocupando menos espaço em sua cozinha. Possui alça isolada e trava de segurança, sendo completamente segura.Em sua parte superior possui luzes piloto de indicação liga/desliga, que também indica o final do pré-aquecimento do seu alimento, bem como finalização em Inox, que dá um estilo mais premium para sua cozinha.",Arno,264.99,"Arno BR",108626,,,https://images2.productserve.com/?w=200&h=200&bg=white&trim=5&t=letterbox&url=ssl%3Alojaarno.vteximg.com.br%2Farquivos%2Fids%2F155431_2&feedId=100096&k=dfd53109ec6f3f62ff7b791a292a0910d89db2b4,BRL,,,https://www.arno.com.br/sanduicheira-arno-inox-sacs-110v-8000035846-pai/p?idsku=3&utm_source=googleshopping&utm_medium=cpc,,,BRL264.99,100096,,,,"52.99 BRL",,,,,,,8000035846,,3016661147876
https://www.awin1.com/pclick.php?p=40482796530&a=3093907&m=108626,"Ventilador Arno Xtreme Force Breeze Coluna Repelente 40cm VB5C - 220V",40482796530,482,https://lojaarno.vteximg.com.br/arquivos/ids/162854_2,"Potência que não se ouve, se sente, imbatível contra os mosquitos, com função repelente líquido.A ação conjunta com o sistema de ventilação aumenta a área de difusão do repelente líquido, tornando o produto mais eficiente contra os mosquitos. O refil é localizado no centro da grade, facilitando sua troca, e é compatível com todos os frascos de repelentes disponíveis no mercado. Com grande eficácia de uso, o ventilador tem uma longa duração de até 70 noites sem precisar trocar o refil, apenas com a utilização do frasco repelente, que protege o ambiente contra os mosquitos transmissores de doenças. Frasco repelente não acompanha o produto. Testes em laboratório indicam que o refil dura até 45 noites.Força máxima, silêncio garantido O Ventilador de Coluna Repelente Líquido Desmontável Xtreme Force Breeze, de 40 cm, é o ventilador mais forte e silencioso já feito. Em ação conjunta com o sistema de ventilação, ele amplia a área de difusão do repelente, garantindo maior eficiência contra os mosquitos. Seu novo design é sofisticado, discreto e totalmente desmontável, facilitando o armazenamento quando não estiver em uso.Power Zone: uma área concentrada que garante o máximo de vento direcionado, oferecendo performance superior e controle para que você não se preocupe com mais nada e pare de sofrer com o calor. Além disso, conta com a exclusiva grade Chevron Zone, que proporciona um conforto acústico muito maior. São 6 pás para máxima força do vento e 3 velocidades para as funções ventilador e ventilador com repelente, atendendo a cada necessidade:Velocidade 3 - Turbo Silêncio: o vento mais forte e silencioso do mercado, para alívio imediato do calor.Velocidade 2 - Eco Fresh: até 20% mais econômica, para deixar o ventilador ligado durante todo o dia sem preocupação.Velocidade 1 - Silêncio/Dormir: vento moderado com silêncio garantido para uma noite de sono tranquila.Função Eco Fresh: economiza até 20% de energia, ajudando a reduzir o consumo e os gastos com a conta de luz.Fácil de montar e versátil, o ventilador possui 80° de oscilação horizontal, 4 inclinações verticais e ajuste de altura máxima até 1,52m. Com garantia da marca número 1 e especialista há 70 anos em ventilação, a linha Xtreme Force Breeze com função repelente líquido conta com a máxima tecnologia para levar eficiência, praticidade e economia para o seu dia a dia, sempre com muita segurança e durabilidade.Novo Ventilador de Coluna Arno Xtreme Force Breeze: Potência que não se ouve, se sente, imbatível contra os mosquitos! Você imagina, clic, a Arno faz. *(Considerando resultados de vazão de ar e potência sonora, na velocidade baixa, conforme IEC 60704-2-7:2000/IEC 60704-1/1997, em relatórios emitidos por laboratórios independentes, certificados pelo Inmetro. *Considerando os ventiladores já produzidos pela Arno).",Arno,499.99,"Arno BR",108626,,,https://images2.productserve.com/?w=200&h=200&bg=white&trim=5&t=letterbox&url=ssl%3Alojaarno.vteximg.com.br%2Farquivos%2Fids%2F162854_2&feedId=100096&k=f85e1e84d5efe7ecfa29327e8a171338613e26ae,BRL,,,https://www.arno.com.br/ventilador-xtreme-forece-breeze-coluna-repelente-40cm-vb5c-2720016802_pai/p?idsku=482&utm_source=googleshopping&utm_medium=cpc,,,BRL499.99,100096,,,,"55.55 BRL",,,,,,,2720016803,,7895500761109
https://www.awin1.com/pclick.php?p=40732937980&a=3093907&m=108626,"Ventilador Arno Xtreme Force Breeze Coluna 50cm VB52",40732937980,485,https://lojaarno.vteximg.com.br/arquivos/ids/166851_2,"O Ventilador de Coluna 50cm Arno Xtreme Force Breeze oferece grande vazão de ar e alta performance, com 6 pás e potência de 126W, garantindo uma ventilação potente e eficiente. Sua grade Chevron Zone reduz o ruído, proporcionando mais conforto, especialmente durante a noite.Conta com 3 velocidades, incluindo um modo noturno ultra silencioso, ideal para uma noite de sono tranquila.Seu design moderno e versátil facilita a montagem, transporte, desmontagem para limpeza e armazenamento.Com 80° de oscilação, 4 inclinações verticais e altura ajustável de até 1,5 metros, permite um fluxo de ar direcionado e personalizado. Desenvolvido com tecnologia avançada, alia eficiência, praticidade e economia, sem abrir mão da segurança e durabilidade.",Arno,519.99,"Arno BR",108626,,,https://images2.productserve.com/?w=200&h=200&bg=white&trim=5&t=letterbox&url=ssl%3Alojaarno.vteximg.com.br%2Farquivos%2Fids%2F166851_2&feedId=100096&k=91fc83cb7621b71d6bcc056d584b1f1f1f4d90bf,BRL,,,https://www.arno.com.br/ventilador-xtreme-force-breeze-coluna-50cm--vb52-2720016771_pai/p?idsku=485&utm_source=googleshopping&utm_medium=cpc,,,BRL519.99,100096,,,,"51.99 BRL",,,,,,,2720016771,,7895500761055
https://www.awin1.com/pclick.php?p=40478588066&a=3093907&m=108626,"Ventilador Arno Xtreme Force Breeze Coluna 40cm VB4C",40478588066,495,https://lojaarno.vteximg.com.br/arquivos/ids/158981_2,"O Ventilador de Coluna 40cm Arno Xtreme Force Breeze oferece alta performance com 6 pás e potência de 126W, garantindo uma ventilação potente e eficiente. Sua grade Chevron Zone reduz o ruído, proporcionando um ambiente mais silencioso e confortável.Possui 3 velocidades, incluindo um modo noturno ultra silencioso, ideal para uma noite de sono tranquila. Seu design moderno e versátil facilita a montagem, transporte, desmontagem para limpeza e armazenamento.Com 80° de oscilação, 4 inclinações verticais e altura ajustável de até 1,5 metros, oferece mais controle e personalização da ventilação. Desenvolvido com tecnologia avançada, alia eficiência, praticidade e economia, sem abrir mão da segurança e durabilidade.",Arno,464.99,"Arno BR",108626,,,https://images2.productserve.com/?w=200&h=200&bg=white&trim=5&t=letterbox&url=ssl%3Alojaarno.vteximg.com.br%2Farquivos%2Fids%2F158981_2&feedId=100096&k=ca073ec76340d5fb584fe82e084af3cb3ff67e90,BRL,,,https://www.arno.com.br/ventilador-xtreme-force-breeze-coluna-40cm-vb4c-2720016681_pai/p?idsku=495&utm_source=googleshopping&utm_medium=cpc,,,BRL464.99,100096,,,,"51.66 BRL",,,,,,,2720016681,,7895500760959
https://www.awin1.com/pclick.php?p=40920010773&a=3093907&m=108626,"Ventilador Arno Xtreme Force Breeze Parede 50cm VB51",40920010773,487,https://lojaarno.vteximg.com.br/arquivos/ids/166853_2,"O Ventilador de Parede 50cm Arno Xtreme Force Breeze, possui grande vazão de ar, com 6 pás e potência de 126W garante alta performance e conta a nota Chevron Zone que deixa o ventilador mais silencioso, trazendo muito mais conforto para suas noites de sono. São 3 velocidades, incluindo modo noturno mais silencioso, controle de velocidade no suporte com fio. Design moderno e versátil, fácil de montar, transportar, desmontar para limpar e armazenar. Com 80° de oscilação e 4 inclinações verticais. Tecnologia avançada para eficiência, praticidade e economia, com segurança e durabilidade.",Arno,389.99,"Arno BR",108626,,,https://images2.productserve.com/?w=200&h=200&bg=white&trim=5&t=letterbox&url=ssl%3Alojaarno.vteximg.com.br%2Farquivos%2Fids%2F166853_2&feedId=100096&k=baaf8b2bf6628050a64f5a2d5d610c7b29d4d30a,BRL,,,https://www.arno.com.br/ventilador-xtreme-force-breeze-parede-50cm-vb51-2720016751_pai/p?idsku=487&utm_source=googleshopping&utm_medium=cpc,,,BRL389.99,100096,,,,"55.71 BRL",,,,,,,2720016751,,7895500761031
https://www.awin1.com/pclick.php?p=40444683159&a=3093907&m=108626,"Ventilador Arno Xtreme Force Breeze Mesa 50cm VB50",40444683159,489,https://lojaarno.vteximg.com.br/arquivos/ids/166855_2,"O Ventilador de Mesa 50cm Arno Xtreme Force Breeze oferece alta vazão de ar e alta performance com 6 pás e potência de 126W, garantindo uma ventilação potente e eficiente. Sua grade Chevron Zone reduz o ruído, proporcionando um ambiente mais silencioso e confortável.Conta com 3 velocidades, incluindo um modo noturno ultra silencioso, ideal para uma noite de sono tranquila. Seu design moderno e versátil facilita a montagem, transporte, desmontagem para limpeza e armazenamento.Com 80° de oscilação e 4 inclinações verticais, proporciona um fluxo de ar direcionado e personalizado. Desenvolvido com tecnologia avançada, alia eficiência, praticidade e economia, sem abrir mão da segurança e durabilidade.",Arno,389.99,"Arno BR",108626,,,https://images2.productserve.com/?w=200&h=200&bg=white&trim=5&t=letterbox&url=ssl%3Alojaarno.vteximg.com.br%2Farquivos%2Fids%2F166855_2&feedId=100096&k=8f0288313ce8447b117357eeaf5cffaf3fce9034,BRL,,,https://www.arno.com.br/ventilador-xtreme-force-breeze-mesa-50cm-vb50-2720016728_pai/p?idsku=489&utm_source=googleshopping&utm_medium=cpc,,,BRL389.99,100096,,,,"55.71 BRL",,,,,,,2720016728,,7895500761017
https://www.awin1.com/pclick.php?p=40538986577&a=3093907&m=108626,"Ventilador Arno Xtreme Force Breeze Mesa 40cm VB40",40538986577,498,https://lojaarno.vteximg.com.br/arquivos/ids/158982_2,"O Ventilador de Mesa 40cm Arno Xtreme Force Breeze oferece alta performance com 6 pás e potência de 126W, garantindo uma ventilação potente e eficiente. Sua grade Chevron Zone reduz o ruído, proporcionando um ambiente mais silencioso e confortável.Conta com 3 velocidades, incluindo um modo noturno ultra silencioso, ideal para uma noite de sono tranquila. Seu design moderno e versátil facilita a montagem, transporte, desmontagem para limpeza e armazenamento.Com 80° de oscilação e 4 inclinações verticais, o ventilador proporciona maior controle e direcionamento do ar. Desenvolvido com tecnologia avançada, alia eficiência, praticidade e economia, sem abrir mão da segurança e durabilidade.",Arno,304.99,"Arno BR",108626,,,https://images2.productserve.com/?w=200&h=200&bg=white&trim=5&t=letterbox&url=ssl%3Alojaarno.vteximg.com.br%2Farquivos%2Fids%2F158982_2&feedId=100096&k=9a10e6c4c0190d212b56cff059ad4a4ce6e8894e,BRL,,,https://www.arno.com.br/ventilador-xtreme-force-breeze-mesa-40cm-vb40-2720016633_pai/p?idsku=498&utm_source=googleshopping&utm_medium=cpc,,,BRL304.99,100096,,,,"50.83 BRL",,,,,,,2720016634,,7895500760928
https://www.awin1.com/pclick.php?p=40885033757&a=3093907&m=108626,"Nescafé Dolce Gusto Arno Genio S Basic Multibebidas Digital Automática Grafite DGS5",40885033757,503,https://lojaarno.vteximg.com.br/arquivos/ids/166485_2,"""A NESCAF&Eacute;&reg; Dolce Gusto&reg; Genio S Grafite da Arno  &eacute; uma m&aacute;quina MULTI-BEBIDAS que prepara mais de 30 tipos de bebidas em c&aacute;psulas com inova&ccedil;&otilde;es a cada ano. Voc&ecirc; pode preparar um cremoso caf&eacute; Espresso, um Chococcino quentinho ou at&eacute; um ch&aacute; gelado na sua casa com passos simples e de forma super r&aacute;pida. A NESCAF&Eacute;&reg; Dolce Gusto&reg; Geno da Arno &eacute; ideal para quem deseja uma m&aacute;quina autom&aacute;tica com bastante precis&atilde;o e resultados quentes ou gelados sempre muito saborosos. Al&eacute;m das fun&ccedil;&otilde;es tradicionais das m&aacute;quinas autom&aacute;ticas NESCAF&Eacute;&reg; Dolce Gusto&reg;, a Genio S possui funcionalidades inovadoras para tornar a sua experi&ecirc;ncia ainda mais completa e agrad&aacute;vel:  Anel de controle: ajuste o tamanho da bebida de forma f&aacute;cil e simplificada. Controle de temperatura: com 4 ajustes que v&atilde;o de &ldquo;ambiente&rdquo; at&eacute; &ldquo;muito quente&rdquo; personalizar sua bebida e agradar a todos os diferentes gostos. Espresso boost: experi&ecirc;ncia ainda mais intensa que pr&eacute; umedece seu espresso antes do preparo para caf&eacute; mais concentrado. Fun&ccedil;&atilde;o limpeza: Avisa a hora de limpar vest&iacute;gios de caf&eacute;, leite e chocolate das partes internas garantindo que sua m&aacute;quina fique sempre em excelentes condi&ccedil;&otilde;es e dure por muito mais tempo. Fun&ccedil;&atilde;o XL: prepare um extra longo com +30ml de bebida com um s&oacute; clique.  A Genio prepara desde um verdadeiro Espresso, Cappuccino e v&aacute;rias outras bebidas em quest&atilde;o de segundos. Para isso, basta selecionar o n&iacute;vel de &aacute;gua indicado na c&aacute;psula, a temperatura da bebida e ela para automaticamente quando sua bebida estiver pronta. A NESCAF&Eacute;&reg; Dolce Gusto&reg; Genio S possui reservat&oacute;rio de &aacute;gua com grande capacidade e fun&ccedil;&atilde;o ECO. Assim como todas as m&aacute;quinas NESCAF&Eacute;&reg; Dolce Gusto&reg; da Arno, possui 15 BAR de press&atilde;o que garante a melhor qualidade, aroma e cremosidade para todas as bebidas, permitindo resultado semelhante ao obtido pelos baristas profissionais. Com design arrojado que combina com todos os tipos de ambiente de forma elegante e moderna, essa m&aacute;quina faz sucesso em qualquer lugar. Escolha seu sabor preferido e viva a experiencia de NESCAF&Eacute;&reg; Dolce Gusto&reg;!"" Voc&ecirc; imagina, clic, a Arno faz!",Arno,549.99,"Arno BR",108626,,,https://images2.productserve.com/?w=200&h=200&bg=white&trim=5&t=letterbox&url=ssl%3Alojaarno.vteximg.com.br%2Farquivos%2Fids%2F166485_2&feedId=100096&k=ef66214e0fca33d9d40b2c7e34ce6d960c04c3aa,BRL,,,https://www.arno.com.br/cafeteira-nestle-dolce-gusto-genio-s-grafite-dgs5-127v-1510002267_pai/p?idsku=503&utm_source=googleshopping&utm_medium=cpc,,,BRL549.99,100096,,,,"54.99 BRL",,,,,,,2720018429,,7896075037064
https://www.awin1.com/pclick.php?p=40352632356&a=3093907&m=108626,"Chopeira Elétrica Heineken Beertender Krups com Capacidade de 5 Litros Preta B101",40352632356,73,https://lojaarno.vteximg.com.br/arquivos/ids/166087_2,"A Beertender da KRUPS é uma chopeira capaz de oferecer uma experiência única para todos os amantes de cerveja. Beber cerveja tirada como chope, gelada e a qualquer momento em sua própria casa! A perfeição e tecnologia dos produtos da marca KRUPS se une à marca especialista em cervejas, Heineken, para te oferecer uma experiência e conveniência de beber chopes de qualidade, sem precisar sair de casa. É possível tirar com precisão chopes com colarinho cremoso e na medida ideal! Possui um indicador de temperatura que através de luzes de LED indicam a temperatura ideal de 4ºC, para que você possa tomar um chope saboroso e gelado.",Arno,999.99,"Arno BR",108626,,,https://images2.productserve.com/?w=200&h=200&bg=white&trim=5&t=letterbox&url=ssl%3Alojaarno.vteximg.com.br%2Farquivos%2Fids%2F166087_2&feedId=100096&k=758c9628634f5ca834a46f3051d589e8b334b5be,BRL,,,https://www.arno.com.br/chopeira-beertender-krups-heineken-b101-preta-220v-1500637762-pai/p?idsku=73&utm_source=googleshopping&utm_medium=cpc,,,BRL999.99,100096,,,,"99.99 BRL",,,,,,,1500637763,,3045386377633
https://www.awin1.com/pclick.php?p=40360197332&a=3093907&m=108626,"Chaleira Arno Linha Soleil com 1,7L de Capacidade e Base Giratória Marfim SKET",40360197332,60,https://lojaarno.vteximg.com.br/arquivos/ids/166094_2,"Traga estilo e elegância para sua cozinha com a linha Soleil, que combina um design retrô sofisticado com funcionalidade para o seu dia a dia.A Chaleira Arno Soleil é ideal para quem busca mais praticidade e segurança. Com capacidade de 1,7L, serve até 7 xícaras e conta com dois visores laterais para acompanhar o nível da água.Seu bico de precisão evita derramamentos, enquanto a tampa de fácil utilização e a base giratória de 360º garantem mais comodidade no uso. Além disso, o botão liga-desliga com indicador luminoso torna o manuseio ainda mais simples.Com Arno Soleil, sua cozinha ganha um toque de estilo e sofisticação!",Arno,414.99,"Arno BR",108626,,,https://images2.productserve.com/?w=200&h=200&bg=white&trim=5&t=letterbox&url=ssl%3Alojaarno.vteximg.com.br%2Farquivos%2Fids%2F166094_2&feedId=100096&k=7f66b12584a32e3e88173d21ce539b6eef0f5fab,BRL,,,https://www.arno.com.br/chaleira-arno-soleil-marfim-7211004045-pai/p?idsku=60&utm_source=googleshopping&utm_medium=cpc,,,BRL414.99,100096,,,,"51.87 BRL",,,,,,,7211004044,,3045386382668
https://www.awin1.com/pclick.php?p=40352632358&a=3093907&m=108626,"Torradeira Arno Linha Soleil Com 7 Níveis de Tostagem e Bandeja Removível Marfim STOA",40352632358,57,https://lojaarno.vteximg.com.br/arquivos/ids/166091_2,"Traga estilo e elegância para sua cozinha através da linha Soleil, que possui design retrô, decorando seu ambiente.A Torradeira Arno Soleil conta com 7 níveis de tostagem, garantindo torradas perfeitamente douradas, personalizadas para todos os gostos, podendo ser tanto fatias grossas quanto finas.Possui funções dedicadas com indicadores luminosos que proporcionam maior facilidade de uso:Parar (interromper imediatamente o ciclo de torragem);Descongelar (torrar pão congelado);Reaquecer (aquecer pães previamente torrados).Para completar, há uma alavanca de alta elevação para remover facilmente até os menores pedaços de torrada e uma conveniente bandeja de migalhas removível para uma limpeza prática.Com Arno Soleil, tenha estilo também na sua cozinha!",Arno,414.99,"Arno BR",108626,,,https://images2.productserve.com/?w=200&h=200&bg=white&trim=5&t=letterbox&url=ssl%3Alojaarno.vteximg.com.br%2Farquivos%2Fids%2F166091_2&feedId=100096&k=ed292a2664af0f513205f357ff5ce5bd489b8521,BRL,,,https://www.arno.com.br/torradeira-arno-soleil-marfim-7211004049-pai/p?idsku=57&utm_source=googleshopping&utm_medium=cpc,,,BRL414.99,100096,,,,"51.87 BRL",,,,,,,7211004049,,3045386382705
https://www.awin1.com/pclick.php?p=40352632359&a=3093907&m=108626,"Cafeteira Arno Linha Soleil com Jarra de 1,25L e Sistema Corta Gotas Marfim SFCM",40352632359,80,https://lojaarno.vteximg.com.br/arquivos/ids/166097_2,"Traga estilo e elegância para sua cozinha com a linha Soleil, que combina um design retrô encantador com praticidade para o seu dia a dia.A Cafeteira Arno Soleil é perfeita para quem busca conveniência e segurança. Com capacidade de 1,25L, conta com um visor lateral que facilita o enchimento do reservatório e um porta-filtro giratório para um acesso mais prático.Seu sistema corta-pingos permite servir uma xícara de café a qualquer momento do preparo, sem preocupações. Além disso, a função de desligamento automático entra em ação após 30 minutos de manutenção quente, garantindo mais tranquilidade e segurança.Com Arno Soleil, sua cozinha ganha charme e sofisticação, sem abrir mão da funcionalidade!",Arno,414.99,"Arno BR",108626,,,https://images2.productserve.com/?w=200&h=200&bg=white&trim=5&t=letterbox&url=ssl%3Alojaarno.vteximg.com.br%2Farquivos%2Fids%2F166097_2&feedId=100096&k=6b894f9c606b067e45c6b00cb29c383073520631,BRL,,,https://www.arno.com.br/cafefeteia-arno-soleil-marfim-7211004076-pai/p?idsku=80&utm_source=googleshopping&utm_medium=cpc,,,BRL414.99,100096,,,,"51.87 BRL",,,,,,,7211004076,,3045386382750
https://www.awin1.com/pclick.php?p=40352632360&a=3093907&m=108626,"Fritadeira sem Óleo Arno Airfry Ultra Grafite 4,2L com Cesta Removível UFRY",40352632360,78,https://lojaarno.vteximg.com.br/arquivos/ids/162775_2,"A fritadeira sem óleo Arno Airfryer Ultra Digital oferece praticidade e conveniência incomparáveis. Com um painel digital intuitivo e oito programas pré-definidos, desde batatas fritas até peixes, preparar refeições nunca foi tão fácil.Além disso, seu design facilita a limpeza, sem deixar resíduos gordurosos na cozinha, e sua cesta removível é lavável na máquina de lavar louça.Economizando até 70% de energia*, este aparelho oferece controle preciso de temperatura, variando de 40ºC a 200ºC, e um timer de 60 minutos para garantir resultados perfeitos.Com capacidade para até 6 pessoas, é a escolha ideal para refeições saudáveis, sem óleo, mantendo a crocância dos alimentos.*Vs forno tradicional classe energética A. Testes realizados com batatas fritas congeladas.",Arno,499.99,"Arno BR",108626,,,https://images2.productserve.com/?w=200&h=200&bg=white&trim=5&t=letterbox&url=ssl%3Alojaarno.vteximg.com.br%2Farquivos%2Fids%2F162775_2&feedId=100096&k=0f710bbec656f27235df0ac17a0ec5d3771ca049,BRL,,,https://www.arno.com.br/fritadeira-sem-oleo-arno-airfry-ultra-42l-ufry-7211004467-pai/p?idsku=78&utm_source=googleshopping&utm_medium=cpc,,,BRL499.99,100096,,,,"55.55 BRL",,,,,,,7211004467,,3045387244675
https://www.awin1.com/pclick.php?p=40352632361&a=3093907&m=108626,"Ventilador de Torre Arno Eole Infinite NEOL",40352632361,88,https://lojaarno.vteximg.com.br/arquivos/ids/166849_2,"Deixe os ambientes da sua casa muito mais agrad&aacute;veis e refrescantes com o Ventilador de Torre Arno Eole Infinite. Este produto &eacute; perfeito para qualquer tipo de ambiente pois possui um design diferenciado devido seu acabamento premium e torre inteiramente preta de 1 metro de altura que oferece uma maior &aacute;rea de ventila&ccedil;&atilde;o, regulagem de 3 n&iacute;veis de velocidade, oscila&ccedil;&atilde;o 180&ordm; para uma &oacute;tima distribui&ccedil;&atilde;o de ar, grades girat&oacute;rias e seguras, ajuste de inclina&ccedil;&atilde;o, f&aacute;cil de transportar, montar e desmontar. Com a garantia da marca Arno, n&uacute;mero 1 e especialista h&aacute; mais de 60 anos em ventila&ccedil;&atilde;o, o Ventilador de Torre Eole Infinite conta com a tecnologia para levar efici&ecirc;ncia, praticidade e economia para o seu dia a dia, sempre com muita seguran&ccedil;a e durabilidade. Ventilador de Torre Arno Eole Infinite: frescor com eleg&acirc;ncia! Voc&ecirc; imagina, clic, a Arno faz.",Arno,764.99,"Arno BR",108626,,,https://images2.productserve.com/?w=200&h=200&bg=white&trim=5&t=letterbox&url=ssl%3Alojaarno.vteximg.com.br%2Farquivos%2Fids%2F166849_2&feedId=100096&k=ee717642b29aac357a7954addff4b4007873ef86,BRL,,,https://www.arno.com.br/ventilador-de-torre-arno-eole-infinite-neol-preto-1830006411-pai/p?idsku=88&utm_source=googleshopping&utm_medium=cpc,,,BRL764.99,100096,,,,"76.49 BRL",,,,,,,1830006411,,3121040064115
https://www.awin1.com/pclick.php?p=40352632362&a=3093907&m=108626,"Ferro a vapor Arno Ecogliss com Modo Econômico FEC1",40352632362,86,https://lojaarno.vteximg.com.br/arquivos/ids/164820_2,"Toda performance com maior economia! O ferro Arno Ecogliss possui a Função Eco para economizar até 25% de energia versus o modo normal. Sua performance é muito eficiente e ideal para resultados rápidos! Possui Base de Cerâmica e remove as dobras com facilidade, graças ao Vapor Extra de 80g/min. É um ferro completo com Vapor Variável de 24g/mim, Vapor Vertical e Spray. Além disso, possui o sistema Corta-Pingos, que evita pingos nas roupas mesmo quando o ferro estiver em baixas temperaturas, e tanque para 200ml de água. Quer economia e eficiência na hora de passar roupas? Você imagina, clic, A Arno faz!",Arno,299.99,"Arno BR",108626,,,https://images2.productserve.com/?w=200&h=200&bg=white&trim=5&t=letterbox&url=ssl%3Alojaarno.vteximg.com.br%2Farquivos%2Fids%2F164820_2&feedId=100096&k=c284c060207c01811a26a7ee24e0da7306fe57c5,BRL,,,https://www.arno.com.br/ferro-a-vapor-arno-ecogliss-fec1-verde-1830007236-pai/p?idsku=86&utm_source=googleshopping&utm_medium=cpc,,,BRL299.99,100096,,,,"59.99 BRL",,,,,,,1830007236,,3121040072363
https://www.awin1.com/pclick.php?p=40679184991&a=3093907&m=108626,"Ferro a vapor Arno Smartgliss Inteligente com Desligamento Automático FSC1",40679184991,84,https://lojaarno.vteximg.com.br/arquivos/ids/164821_2,"O Ferro a Vapor Arno Smartgliss &eacute; inteligente e n&atilde;o queima suas roupas!  N&atilde;o tem seletor de temperatura, o ferro &eacute; pr&eacute;-ajustado para passar qualquer tipo de tecido, gra&ccedil;as &agrave; exclusiva tecnologia Smart, que mant&eacute;m a temperatura constante e ideal para passar do jeans &agrave; seda.  &Eacute; seguro, pois possui Desligamento Autom&aacute;tico ap&oacute;s per&iacute;odo de inatividade de 30 segundos na horizontal e 8 minutos na vertical, garantindo seguran&ccedil;a para seu dia a dia. Sua Base de Cer&acirc;mica &eacute; ideal para quem procura resultados r&aacute;pidos. Al&eacute;m disso, conta ainda com a Fun&ccedil;&atilde;o ECO para economizar energia versus o modo normal.  &Eacute; ergon&ocirc;mico, com Vapor Cont&iacute;nuo de at&eacute; 25g/min e Vapor Extra de at&eacute; 90g/min para eliminar os vincos facilmente, Vapor Vertical e Fun&ccedil;&atilde;o Spray. Com sistema Corta-Pingos que evita pingos nas roupas mesmo quando estiver em baixas temperaturas, tanque de &aacute;gua com capacidade de 200 ml.  Quer um ferro inteligente que n&atilde;o queima suas roupas?  Voc&ecirc; imagina, clic, a Arno faz.",Arno,509.99,"Arno BR",108626,,,https://images2.productserve.com/?w=200&h=200&bg=white&trim=5&t=letterbox&url=ssl%3Alojaarno.vteximg.com.br%2Farquivos%2Fids%2F164821_2&feedId=100096&k=9016223535bbdb1b14142cdececcb4f835744bff,BRL,,,https://www.arno.com.br/ferro-a-vapor-arno-smartgliss-fsc1-cinza-110v-1830007238-pai/p?idsku=84&utm_source=googleshopping&utm_medium=cpc,,,BRL509.99,100096,,,,"50.99 BRL",,,,,,,1830007238,,3121040072387
https://www.awin1.com/pclick.php?p=40352632364&a=3093907&m=108626,"Ferro a Vapor Elétrico Arno Steamgliss Base Antiaderente e Ponta de Precisão FSGP",40352632364,82,https://lojaarno.vteximg.com.br/arquivos/ids/164822_2,"Maior, mais r&aacute;pido! O novo Ferro a Vapor Steamgliss Base Antiaderente da Arno possui uma sola 25% maior que n&atilde;o gruda nas roupas e &eacute; ideal para resultados r&aacute;pidos com qualquer tipo de roupa. Sua Ponta de Precis&atilde;o &eacute; perfeita para desamassar at&eacute; as zonas de mais dif&iacute;cil acesso das suas roupas como entre os bot&otilde;es, no colarinho e nos punhos. Possui Vapor Cont&iacute;nuo de at&eacute; 20g/min e Vapor Extra de at&eacute; 100g/min que oferecem at&eacute; 2x mais Vapor ajudando a amolecer as tramas de roupa e tornando o processo de passar roupas muito mais simples e eficiente. 5 configura&ccedil;&otilde;es de temperatura, Fun&ccedil;&atilde;o Spray, tanque de &aacute;gua com grande capacidade de 230 ml, Al&ccedil;a ergon&ocirc;mica que torna o ato de passar mais natural e Sistema Anti-calc&aacute;rio que prolonga a vida &uacute;til do ferro e o mant&eacute;m sempre limpo e pronto para o uso - tudo pensado para a sua comodidade! Voc&ecirc; imagina, clic, a Arno faz.",Arno,249.99,"Arno BR",108626,,,https://images2.productserve.com/?w=200&h=200&bg=white&trim=5&t=letterbox&url=ssl%3Alojaarno.vteximg.com.br%2Farquivos%2Fids%2F164822_2&feedId=100096&k=d19225eeb9a37212c466a9ad4879ff77ec87f8dd,BRL,,,https://www.arno.com.br/ferro-a-vapor-arno-steamgliss-fsgp-verde-1830007713-pai/p?idsku=82&utm_source=googleshopping&utm_medium=cpc,,,BRL249.99,100096,,,,"62.49 BRL",,,,,,,1830007713,,3121040077139
https://www.awin1.com/pclick.php?p=40352632365&a=3093907&m=108626,"Ferro a Vapor Elétrico Arno Steamgliss Base Ampla de Cerâmica e Ponta de Precisão FSGC",40352632365,96,https://lojaarno.vteximg.com.br/arquivos/ids/165360_2,"Maior, mais r&aacute;pido! O novo Ferro a Vapor Steamgliss Base Antiaderente da Arno possui uma sola 25% maior que n&atilde;o gruda nas roupas e &eacute; ideal para resultados r&aacute;pidos com qualquer tipo de roupa. Sua Ponta de Precis&atilde;o &eacute; perfeita para desamassar at&eacute; as zonas de mais dif&iacute;cil acesso das suas roupas como entre os bot&otilde;es, no colarinho e nos punhos. Possui Vapor Cont&iacute;nuo de at&eacute; 20g/min e Vapor Extra de at&eacute; 100g/min que oferecem at&eacute; 2x mais Vapor ajudando a amolecer as tramas de roupa e tornando o processo de passar roupas muito mais simples e eficiente. 5 configura&ccedil;&otilde;es de temperatura, Fun&ccedil;&atilde;o Spray, tanque de &aacute;gua com grande capacidade de 230 ml, Al&ccedil;a ergon&ocirc;mica que torna o ato de passar mais natural e Sistema Anti-calc&aacute;rio que prolonga a vida &uacute;til do ferro e o mant&eacute;m sempre limpo e pronto para o uso - tudo pensado para a sua comodidade! Voc&ecirc; imagina, clic, a Arno faz.",Arno,274.99,"Arno BR",108626,,,https://images2.productserve.com/?w=200&h=200&bg=white&trim=5&t=letterbox&url=ssl%3Alojaarno.vteximg.com.br%2Farquivos%2Fids%2F165360_2&feedId=100096&k=14409bde4fa4182d9cb6b54d3a77936f5483c13e,BRL,,,https://www.arno.com.br/ferro-a-vapor-eletrico-arno-steamgliss-fsgc-rosa-1830007714-pai/p?idsku=96&utm_source=googleshopping&utm_medium=cpc,,,BRL274.99,100096,,,,"54.99 BRL",,,,,,,1830007714,,3121040077146
https://www.awin1.com/pclick.php?p=40352632366&a=3093907&m=108626,"Fritadeira sem Óleo Arno Airfry Ultra com 4,2L de capacidade Preta UFRP",40352632366,401,https://lojaarno.vteximg.com.br/arquivos/ids/162746_2,"Promova uma alimentação mais saudável ao reduzir significativamente o uso de óleo em suas refeições com a Airfryer Ultra.Desfrute da praticidade na cozinha com o controle preciso de temperatura, variando de 80ºC a 200ºC, e um timer de 60 minutos que permite o preparo de refeições perfeitamente cronometradas.Sua capacidade de 4,2 litros é ideal para servir até 6 pessoas, tornando-se um aliado perfeito para refeições em família ou com amigos.A tecnologia Hot Air assegura que seus alimentos sejam uniformemente cozidos, resultando em uma textura crocante por fora e suculenta por dentro.Além disso, a limpeza após o uso é rápida e descomplicada, pois a cesta removível pode ser facilmente lavada na máquina de lavar louça.Experimente a fritadeira Arno Ultra e descubra uma maneira mais saudável e conveniente de preparar suas refeições favoritas, sem abrir mão do sabor e da praticidade.",Arno,499.99,"Arno BR",108626,,,https://images2.productserve.com/?w=200&h=200&bg=white&trim=5&t=letterbox&url=ssl%3Alojaarno.vteximg.com.br%2Farquivos%2Fids%2F162746_2&feedId=100096&k=4a8a39791c07be28889bc10e602f027824c92098,BRL,,,https://www.arno.com.br/fritadeira-sem-oleo-arno-ultra-mecanica-preta-ufrp-7211004633_pai/p?idsku=401&utm_source=googleshopping&utm_medium=cpc,,,BRL499.99,100096,,,,"55.55 BRL",,,,,,,7211004633,,3045387246334
https://www.awin1.com/pclick.php?p=40352632367&a=3093907&m=108626,"Vaporizador de Roupas Portátil Arno Steam Minute HS61",40352632367,94,https://lojaarno.vteximg.com.br/arquivos/ids/165316_2,"A Arno trouxe mais uma inova&ccedil;&atilde;o a fim de facilitar a sua vida! Com o Vaporizador de Roupas Steam Minute passar roupas se tornou um processo muito mais pr&aacute;tico e r&aacute;pido, levando apenas 15 segundos para aquecer, possui vapor eficiente de at&eacute; 20g/min e garante resultados incr&iacute;veis em todos os tecidos, sem precisar de t&aacute;bua de passar.  Possui tanque de &aacute;gua remov&iacute;vel de 70ml.  Perfeito para higienizar superf&iacute;cies em geral.  Ele elimina bact&eacute;rias e odores.  Em tamanho super compacto, acompanha acess&oacute;rio para remo&ccedil;&atilde;o de pelos.  Nunca foi t&atilde;o f&aacute;cil ter roupas passadas e higienizadas!  Voc&ecirc; imagina, clic, a Arno faz!",Arno,389.99,"Arno BR",108626,,,https://images2.productserve.com/?w=200&h=200&bg=white&trim=5&t=letterbox&url=ssl%3Alojaarno.vteximg.com.br%2Farquivos%2Fids%2F165316_2&feedId=100096&k=53f6eed9af7f36dc50e11a8e99d3fcb47f478166,BRL,,,https://www.arno.com.br/vaporizador-de-roupas-arno-steam-minute-hs61-1830007753-pai/p?idsku=94&utm_source=googleshopping&utm_medium=cpc,,,BRL389.99,100096,,,,"55.71 BRL",,,,,,,1830007753,,3121040077535
https://www.awin1.com/pclick.php?p=40352632368&a=3093907&m=108626,"Fritadeira sem Óleo Arno Airfry Ultra Preta 4,2L com Cesta Removível UFRD",40352632368,674,https://lojaarno.vteximg.com.br/arquivos/ids/162741_2,"A fritadeira sem óleo Arno Airfryer Ultra Digital oferece praticidade e conveniência incomparáveis.Com um painel digital intuitivo e oito programas pré-definidos, desde batatas fritas até peixes, preparar refeições nunca foi tão fácil.Além disso, seu design facilita a limpeza, sem deixar resíduos gordurosos na cozinha, e sua cesta removível é lavável na máquina de lavar louça.Economizando até 70% de energia*, este aparelho oferece controle preciso de temperatura, variando de 40ºC a 200ºC, e um timer de 60 minutos para garantir resultados perfeitos.Com capacidade para até 6 pessoas, é a escolha ideal para refeições saudáveis, sem óleo, mantendo a crocância dos alimentos.*Vs forno tradicional classe energética A. Testes realizados com batatas fritas congeladas.",Arno,499.99,"Arno BR",108626,,,https://images2.productserve.com/?w=200&h=200&bg=white&trim=5&t=letterbox&url=ssl%3Alojaarno.vteximg.com.br%2Farquivos%2Fids%2F162741_2&feedId=100096&k=dffcc406c42c9c042051f71fefae1ae77a516b5f,BRL,,,https://www.arno.com.br/fritadeira-sem-oleo-arno-airfry-ultra-preta-42l-com-cesta-removivel-ufrd-7211419054_pai/p?idsku=674&utm_source=googleshopping&utm_medium=cpc,,,BRL499.99,100096,,,,"55.55 BRL",,,,,,,7211419054,,3045387290542
https://www.awin1.com/pclick.php?p=40352632369&a=3093907&m=108626,"Vaporizador de Roupas Portátil Arno Steam Power HS81",40352632369,92,https://lojaarno.vteximg.com.br/arquivos/ids/165566_2,"Buscando facilidade e pot&ecirc;ncia na hora de passar suas roupas? A Arno trouxe o Vaporizador de Roupas Steam Power pensando na melhor forma de trazer resultados r&aacute;pidos e precisos, nosso produto conta com um vapor eficiente de at&eacute; 26g/min, tanque remov&iacute;vel de 200 ml, possui cabe&ccedil;a com placa de metal aquecida e dois n&iacute;veis de vapor, para resultados eficientes em todo tipo de tecido!  Al&eacute;m disso, conta com um pendurador para cabide, um suporte que te permite passar usar seu Vaporizador de Roupas Steam Power em qualquer lugar!  Perfeito para higienizar superf&iacute;cies em geral.  Ele elimina bact&eacute;rias e odores, podendo ser utilizado n&atilde;o apenas em roupas, mas cortinas, sof&aacute;s e todo tipo de tecido.  Acompanha tamb&eacute;m acess&oacute;rio para remo&ccedil;&atilde;o de pelos.  Voc&ecirc; imagina, clic, a Arno faz!",Arno,609.99,"Arno BR",108626,,,https://images2.productserve.com/?w=200&h=200&bg=white&trim=5&t=letterbox&url=ssl%3Alojaarno.vteximg.com.br%2Farquivos%2Fids%2F165566_2&feedId=100096&k=b6328934fb695aae7ad7f463b79eb5a41e8bb8f0,BRL,,,https://www.arno.com.br/vaporizador-de-roupas-arno-steam-power-hs81-1830007841-pai/p?idsku=92&utm_source=googleshopping&utm_medium=cpc,,,BRL609.99,100096,,,,"60.99 BRL",,,,,,,1830007841,,3121040078419
https://www.awin1.com/pclick.php?p=40352632370&a=3093907&m=108626,"Sanduicheira Grill Arno Compact Uno com Placas Antiaderentes GUNO",40352632370,7,https://lojaarno.vteximg.com.br/arquivos/ids/166643_2,"Grill compacto te ajuda a preparar diferentes alimentos de forma fácil e prática. Sua placa é antiaderente e em formato grelha, sendo considerado um produto compacto e de fácil limpeza. Sua placa superior é ajustável, se adaptando à altura do alimento que está sendo preparado. Possui alça permanente e fria, trazendo maior segurança no momento da utilização, além de uma trava lateral para fechamento seguro. Possui um indicador de luz vermelha que indica que o produto está ligado e quente, para que possa prosseguir com sua refeição.",Arno,239.99,"Arno BR",108626,,,https://images2.productserve.com/?w=200&h=200&bg=white&trim=5&t=letterbox&url=ssl%3Alojaarno.vteximg.com.br%2Farquivos%2Fids%2F166643_2&feedId=100096&k=5be02431990366b043e4d817eb30a545400e11f7,BRL,,,https://www.arno.com.br/grill-arno-compact-uno-guno-vermelha-8010000259-pai/p?idsku=7&utm_source=googleshopping&utm_medium=cpc,,,BRL239.99,100096,,,,"59.99 BRL",,,,,,,8010000259,,3016661152917
https://www.awin1.com/pclick.php?p=40352632371&a=3093907&m=108626,"Fritadeira sem Óleo Arno Airfry Ultra com 4,2L de capacidade Vermelha UFRV",40352632371,403,https://lojaarno.vteximg.com.br/arquivos/ids/163977_2,"Conheça a nova Fritadeira sem Óleo Arno Airfry Ultra 4,2 litros e não deixe a sua comida preferida fora do cardápio. Batatas Fritas, frango à passarinho, e coxinhas podem ser mais saudáveis quando preparadas sem o uso de óleo e sem perder o sabor e crocância.A Fritadeira sem Óleo Arno Airfry Ultra 4,2 litros possui mais capacidade para as suas receitas sem óleo, são 4,2L e serve até 6 pessoas. Sua cesta removível pode ser levada à máquina de lavar, o que é tecnologia patenteada da marca. Possui timer de até 60 minutos e atinge até 200 °C de temperatura.Tenha uma vida mais saudável e com menos óleo. Aproveite refeições saborosas com a Fritadeira sem Óleo Arno Airfry Ultra 4,2 litros.",Arno,647.99,"Arno BR",108626,,,https://images2.productserve.com/?w=200&h=200&bg=white&trim=5&t=letterbox&url=ssl%3Alojaarno.vteximg.com.br%2Farquivos%2Fids%2F163977_2&feedId=100096&k=25750c7e9fba42d1758dc0e8523601021d863b3e,BRL,,,https://www.arno.com.br/airfryer-arno-ultra-mecanica-vermelha-ufyv-7211004609_pai/p?idsku=403&utm_source=googleshopping&utm_medium=cpc,,,BRL647.99,100096,,,,"64.79 BRL",,,,,,,7211004609,,3045387246099
https://www.awin1.com/pclick.php?p=40352632372&a=3093907&m=108626,"Ferro a vapor Arno Powergliss com Base XGlide e Vapor Contínuo FPO1",40352632372,90,https://lojaarno.vteximg.com.br/arquivos/ids/164824_2,"O Ferro a Vapor Arno Powergliss, possui deslizamento superior com sua base Cer&acirc;mica XGlide super resistente.  Vapor Cont&iacute;nuo de at&eacute; 25g/min e Vapor Extra de at&eacute; 110g/min que oferecem at&eacute; 2x mais Vapor e ajuda a desamassar at&eacute; os vincos mais dif&iacute;ceis. Sistema Corta-Pingos que n&atilde;o deixa gotejar &aacute;gua em cima das roupas, 5 configura&ccedil;&otilde;es de temperatura para uma perfomance sem igual nos diversos tipos de roupa, tanque com capacidade de 270 ml que evita a necessidade de parar diversas vezes para abastecer.  O ferro a Vapor Arno Powergliss com Base X Glide ainda conta com a Fun&ccedil;&atilde;o Spray e Al&ccedil;a ergon&ocirc;mica que torna o ato de passar mais natural - tudo pensado para a sua comodidade!  Quer um ferro r&aacute;pido e f&aacute;cil para passar suas roupas?  Voc&ecirc; imagina, clic, a Arno faz.",Arno,334.99,"Arno BR",108626,,,https://images2.productserve.com/?w=200&h=200&bg=white&trim=5&t=letterbox&url=ssl%3Alojaarno.vteximg.com.br%2Farquivos%2Fids%2F164824_2&feedId=100096&k=b8f44d3a108310a4ec6e2f3599f4ee5a0b3c79f8,BRL,,,https://www.arno.com.br/ferro-a-vapor-arno-powergliss-base-xglide-fpo1-roxo-110v-1830007981-pai/p?idsku=90&utm_source=googleshopping&utm_medium=cpc,,,BRL334.99,100096,,,,"55.83 BRL",,,,,,,1830007981,,3121040079812
https://www.awin1.com/pclick.php?p=40352632373&a=3093907&m=108626,"Super Grill e Sanduicheira Arno Inox com Abertura 180 Graus e Placas Antiaderentes GGRA",40352632373,98,https://lojaarno.vteximg.com.br/arquivos/ids/155576_2,"O tamanho perfeito para preparar alimentos em família, uma vez que o produto possui grande capacidade e possibilidade de abertura a 180º graus, com aquecimento nas 2 placas.Com sua super capacidade, é possível preparar até 12 hambúrgueres ou 8 frangos ao mesmo tempo! Suas placas são antiaderentes, o que proporciona mais facilidade no momento de preparar os alimentos e limpar o equipamento.Possui um coletor lateral de gordura, controle de temperatura (permitindo o ajuste de acordo com cada alimento), placa superior que se adapta à altura do alimento, luz indicadora, alça fria para total segurança no momento da utilização e trava lateral de fechamento para armazenamento vertical.",Arno,764.99,"Arno BR",108626,,,https://images2.productserve.com/?w=200&h=200&bg=white&trim=5&t=letterbox&url=ssl%3Alojaarno.vteximg.com.br%2Farquivos%2Fids%2F155576_2&feedId=100096&k=7dfe7100e6be10de15512658a8e03117701cd042,BRL,,,https://www.arno.com.br/super-grill-arno-inox-ggra-2100116273-pai/p?idsku=98&utm_source=googleshopping&utm_medium=cpc,,,BRL764.99,100096,,,,"76.49 BRL",,,,,,,2100116273,,3168431162739
https://www.awin1.com/pclick.php?p=40352632374&a=3093907&m=108626,"Ferro a Vapor Arno Ultragliss Plus com Base Durilium Airglide FMY",40352632374,697,https://lojaarno.vteximg.com.br/arquivos/ids/168133_2,"Explore a inovação do Ferro de passar a Vapor Arno Ultragliss Plus, com a revolucionária Base Durilium Airglide que oferece um deslizamento até 33% mais rápido* e uma resistência superior a riscos e arranhões, garantindo eficiência e durabilidade. Ainda economize até 20% de energia elétrica com o Modo ECO, enquanto seus potentes 1520W garantem um aquecimento rápido. Desfrute do Vapor Contínuo de 30g/min e do Vapor Extra super poderoso de até 130g/min, combinados com 96 furos ativos para uma distribuição de vapor impecável para desamassar suas roupas com rapidez e facilidade sem igual para resultados perfeitos: suas roupas sempre impecáveis. Transforme sua rotina de cuidado com as roupas com o Ultragliss Plus. *Versus versão anterior da base Durilium Airglide",Arno,449.99,"Arno BR",108626,,,https://images2.productserve.com/?w=200&h=200&bg=white&trim=5&t=letterbox&url=ssl%3Alojaarno.vteximg.com.br%2Farquivos%2Fids%2F168133_2&feedId=100096&k=3e4181ae04ef37dd037e3e18a5ac437da8cc1e28,BRL,,,https://www.arno.com.br/ferro-a-vapor-ultraglide-plus-deslizamento-com-base-durilium-airglide-tecnologia-exclusiva-fmy-1830008401/p?idsku=697&utm_source=googleshopping&utm_medium=cpc,,,BRL449.99,100096,,,,"56.24 BRL",,,,,,,1830008400,,3121040084007
https://www.awin1.com/pclick.php?p=40352632375&a=3093907&m=108626,"Ferro a Vapor Arno Ultragliss com Base Durilium Airglide FMV",40352632375,695,https://lojaarno.vteximg.com.br/arquivos/ids/168105_2,"Descubra a inovação em cuidados com suas roupas com o Ferro de Passar a Vapor Arno Ultragliss.Sua revolucionária Base Durilium Airglide proporciona um deslizamento até 33% mais rápido*, com resistência superior a riscos e arranhões, garantindo eficiência e durabilidade incomparáveis.Experimente o poder do Vapor Contínuo de até 25 g/min e do Vapor Extra de 110 g/min, combinados com 67 furos ativos para desamassar suas roupas com facilidade e rapidez, garantindo resultados perfeitos: suas roupas sempre impecáveis.Com 1750W de potência, desfrute de um aquecimento rápido que agiliza o processo de passar roupas.Transforme sua rotina de cuidados com as roupas com o Arno Ultragliss hoje mesmo!*Versus versão anterior da base Durilium Airglide.",Arno,409.99,"Arno BR",108626,,,https://images2.productserve.com/?w=200&h=200&bg=white&trim=5&t=letterbox&url=ssl%3Alojaarno.vteximg.com.br%2Farquivos%2Fids%2F168105_2&feedId=100096&k=5ac8a10bed71c6e3ef4e97a71c2045cda5c3b234,BRL,,,https://www.arno.com.br/ferro-a-vapor-express-steam-ultra-deslizamento-e-potencia-com-base-durilium-airglide-tecnologia-excl-1830008402/p?idsku=695&utm_source=googleshopping&utm_medium=cpc,,,BRL409.99,100096,,,,"51.24 BRL",,,,,,,1830008402,,3121040084021
https://www.awin1.com/pclick.php?p=40352632376&a=3093907&m=108626,"Kit Chá da Tarde: Torradeira, Chaleira e Cafeteira Soleil",40352632376,414,https://lojaarno.vteximg.com.br/arquivos/ids/166342_2,"Sua cozinha com mais estilo!A Torradeira Soleil Arno &eacute; ideal para seus caf&eacute;s da manh&atilde; e lanches, para fatias mais finas ou mais grossas. Linha exclusiva da nova linhale com 3 configura&ccedil;&otilde;es com indicador luminoso: A marca Torradeira para e descongelar. S&atilde;o 7 n&iacute;veis de tostagem, para uma tostagem personalizada! Al&eacute;m disso possui uma bandeja remov&iacute;vel, adequada para uma bandeja de limpeza e um sistema de remo&ccedil;&atilde;o f&aacute;cil como torradeiras menores.A Chaleira Soleil da Arno tem um design e cor &uacute;nicos que v&atilde;o deixar sua cozinha ainda mais gostosa e uma viseira exclusiva da nova linha Sola com duas viseiras laterais de n&iacute;vel de &aacute;gua grande7L. Vem com acabamento cromado e base girat&oacute;ria para auxiliar no 360&deg;. Al&eacute;m de um bico que serve com precis&atilde;o e chave liga-desliga com indicador luminoso.Cafeteira Soleil da Arno tem um design e cor &uacute;nicos que v&atilde;o deixar sua cozinha ainda mais gostosa. A Cafeteira exclusiva da linha Soleil possui timer program&aacute;vel para um caf&eacute; fresco assim que voc&ecirc; acorda, sistema auto off, desligando automaticamente ap&oacute;s 30 minutos para sua total tranquilidade. Al&eacute;m disso, possui um sistema corta-gotas que permite remover o jarro a qualquer momento do preparo para servir seu caf&eacute;. Jarra de caf&eacute; com capacidade de 1,25L e f&aacute;cil acesso ao recipiente de &aacute;gua, com um indicador de medida transparente na lateral.Voc&ecirc; imagina, clique, a Arno faz!",Arno,1244.99,"Arno BR",108626,,,https://images2.productserve.com/?w=200&h=200&bg=white&trim=5&t=letterbox&url=ssl%3Alojaarno.vteximg.com.br%2Farquivos%2Fids%2F166342_2&feedId=100096&k=7393f58f55e2b56e687c7618e051cd060e09c3fb,BRL,,,https://www.arno.com.br/kit-cha-da-tarde--torradeira-chaleira-e-cafeteira-soleil-kit_7211004049_v32_pai/p?idsku=414&utm_source=googleshopping&utm_medium=cpc,,,BRL1244.99,100096,,,,"124.49 BRL",,,,,,,KIT_7211004049_V32,,1000043606718
https://www.awin1.com/pclick.php?p=40352632377&a=3093907&m=108626,"Kit Café I: Torradeira e Cafeteira Soleil",40352632377,416,https://lojaarno.vteximg.com.br/arquivos/ids/166370_2,"Sua cozinha com mais estilo!A Torradeira Soleil Arno &eacute; ideal para seus caf&eacute;s da manh&atilde; e lanches, para fatias mais finas ou mais grossas. Linha exclusiva da nova linhale com 3 configura&ccedil;&otilde;es com indicador luminoso: A marca Torradeira para e descongelar. S&atilde;o 7 n&iacute;veis de tostagem, para uma tostagem personalizada! Al&eacute;m disso possui uma bandeja remov&iacute;vel, adequada para uma bandeja de limpeza e um sistema de remo&ccedil;&atilde;o f&aacute;cil como torradeiras menores.Cafeteira Soleil da Arno tem um design e cor &uacute;nicos que v&atilde;o deixar sua cozinha ainda mais gostosa. A Cafeteira exclusiva da linha Soleil possui timer program&aacute;vel para um caf&eacute; fresco assim que voc&ecirc; acorda, sistema auto off, desligando automaticamente ap&oacute;s 30 minutos para sua total tranquilidade. Al&eacute;m disso, possui um sistema corta-gotas que permite remover o jarro a qualquer momento do preparo para servir seu caf&eacute;. Jarra de caf&eacute; com capacidade de 1,25L e f&aacute;cil acesso ao recipiente de &aacute;gua, com um indicador de medida transparente na lateral.Voc&ecirc; imagina, clique, a Arno faz!",Arno,829.99,"Arno BR",108626,,,https://images2.productserve.com/?w=200&h=200&bg=white&trim=5&t=letterbox&url=ssl%3Alojaarno.vteximg.com.br%2Farquivos%2Fids%2F166370_2&feedId=100096&k=4a0b2497d1b7068607f923f952b34373dc566266,BRL,,,https://www.arno.com.br/kit-cafe-i--torradeira-e-cafeteira-soleil-kit_7211004049_v34_pai/p?idsku=416&utm_source=googleshopping&utm_medium=cpc,,,BRL829.99,100096,,,,"82.99 BRL",,,,,,,KIT_7211004049_V34,,1000043606732
https://www.awin1.com/pclick.php?p=40352632378&a=3093907&m=108626,"Kit Chá Prático: Torradeira e Chaleira Soleil",40352632378,418,https://lojaarno.vteximg.com.br/arquivos/ids/166398_2,"Sua cozinha com mais estilo!A Torradeira Soleil Arno &eacute; ideal para seus caf&eacute;s da manh&atilde; e lanches, para fatias mais finas ou mais grossas. Linha exclusiva da nova linhale com 3 configura&ccedil;&otilde;es com indicador luminoso: A marca Torradeira para e descongelar. S&atilde;o 7 n&iacute;veis de tostagem, para uma tostagem personalizada! Al&eacute;m disso possui uma bandeja remov&iacute;vel, adequada para uma bandeja de limpeza e um sistema de remo&ccedil;&atilde;o f&aacute;cil como torradeiras menores.A Chaleira Soleil da Arno tem um design e cor &uacute;nicos que v&atilde;o deixar sua cozinha ainda mais gostosa. e uma viseira exclusiva da nova linha Sola com duas viseiras laterais de n&iacute;vel de &aacute;gua grande7L. Vem com acabamento cromado e base girat&oacute;ria para auxiliar no 360&deg;. Al&eacute;m de um bico que serve com precis&atilde;o e chave liga-desliga com indicador luminoso.Voc&ecirc; imagina, clique, a Arno faz!",Arno,829.99,"Arno BR",108626,,,https://images2.productserve.com/?w=200&h=200&bg=white&trim=5&t=letterbox&url=ssl%3Alojaarno.vteximg.com.br%2Farquivos%2Fids%2F166398_2&feedId=100096&k=9d49e04317d82576c37ab1450489c88cf8425578,BRL,,,https://www.arno.com.br/kit-cha-pratico--torradeira-e-chaleira-soleil-kit_7211004049_v36_pai/p?idsku=418&utm_source=googleshopping&utm_medium=cpc,,,BRL829.99,100096,,,,"82.99 BRL",,,,,,,KIT_7211004049_V36,,1000043606756
https://www.awin1.com/pclick.php?p=40352632379&a=3093907&m=108626,"Kit Nescafé Dolce Gusto Arno Genio DGS2 - 2 unidades",40352632379,701,https://lojaarno.vteximg.com.br/arquivos/ids/166434_2,"Kit Nescaf&eacute; Dolce Gusto Arno Genio DGS2 - 2 unidades  A NESCAF&Eacute;&reg; Dolce Gusto&reg; Genio S Plus Preta da Arno &eacute; uma m&aacute;quina MULTIBEBIDAS que prepara mais de 30 tipos de bebidas em c&aacute;psulas com inova&ccedil;&otilde;es a cada ano. Voc&ecirc; pode preparar um cremoso caf&eacute; Espresso, um Chococcino quentinho ou at&eacute; um ch&aacute; gelado na sua casa com passos simples e de forma super r&aacute;pida. A NESCAF&Eacute;&reg; Dolce Gusto&reg; Geno S Plus da Arno &eacute; ideal para quem deseja uma m&aacute;quina autom&aacute;tica com bastante precis&atilde;o e resultados quentes ou gelados sempre muito saborosos. Al&eacute;m das fun&ccedil;&otilde;es tradicionais das m&aacute;quinas autom&aacute;ticas NESCAF&Eacute;&reg; Dolce Gusto&reg;, a Genio S Plus possui funcionalidades inovadoras para tornar a sua experi&ecirc;ncia ainda mais completa e agrad&aacute;vel: &bull; Anel de controle: ajuste o tamanho da bebida de forma f&aacute;cil e simplificada. Controle de temperatura: com 4 ajustes que v&atilde;o de &ldquo;ambiente&rdquo; at&eacute; &ldquo;muito quente&rdquo; personalizar sua bebida e agradar a todos os diferentes gostos. Espresso boost: experi&ecirc;ncia ainda mais intensa que pr&eacute; umedece seu espresso antes do preparo para caf&eacute; mais concentrado. &bull; Fun&ccedil;&atilde;o limpeza: Avisa a hora de limpar vest&iacute;gios de caf&eacute;, leite e chocolate das partes internas garantindo que sua m&aacute;quina fique sempre em excelentes condi&ccedil;&otilde;es e dure por muito mais tempo. &bull; Fun&ccedil;&atilde;o XL: prepare um extra longo com +30ml de bebida com um s&oacute; clique. A Genio S Plus prepara desde um verdadeiro Espresso, Cappuccino e v&aacute;rias outras bebidas em quest&atilde;o de segundos. Para isso, basta selecionar o n&iacute;vel de &aacute;gua indicado na c&aacute;psula, a temperatura da bebida e ela para automaticamente quando sua bebida estiver pronta. A NESCAF&Eacute;&reg; Dolce Gusto&reg; Genio S Plus possui reservat&oacute;rio de &aacute;gua com grande capacidade e fun&ccedil;&atilde;o ECO. Assim como todas as m&aacute;quinas NESCAF&Eacute;&reg; Dolce Gusto&reg; da Arno, possui 15 BAR de press&atilde;o que garante a melhor qualidade, aroma e cremosidade para todas as bebidas, permitindo resultado semelhante ao obtido pelos baristas profissionais. Com design arrojado e na cor preta que combina com todos os tipos de ambiente de forma elegante e moderna, essa m&aacute;quina faz sucesso em qualquer lugar. Escolha seu sabor preferido e viva a experiencia de NESCAF&Eacute;&reg; Dolce Gusto&reg;! O Kit Dolce Gusto Arno Genio DGS2 - 2 unidades, &eacute; uma &oacute;tima op&ccedil;&atilde;o para presentear algu&eacute;m especial, afinal, felicidade boa, &eacute; felicidade compartilhada!",Arno,2199.99,"Arno BR",108626,,,https://images2.productserve.com/?w=200&h=200&bg=white&trim=5&t=letterbox&url=ssl%3Alojaarno.vteximg.com.br%2Farquivos%2Fids%2F166434_2&feedId=100096&k=b206f2999bdf1bf21ede2165bcd766c2a76bb939,BRL,,,https://www.arno.com.br/kit-nescafe-dolce-gusto-arno-genio-dgs2-2-unidades-kit_8010000936_v108_pai/p?idsku=701&utm_source=googleshopping&utm_medium=cpc,,,BRL2199.99,100096,,,,"219.99 BRL",,,,,,,KIT_8010000936_V108,,1000043638719
https://www.awin1.com/pclick.php?p=40352632380&a=3093907&m=108626,"Ventilador Arno X-treme 7 Mesa 40cm VE70",40352632380,720,https://lojaarno.vteximg.com.br/arquivos/ids/166857_2,"O Ventilador de Mesa 40cm Arno X-TREME 7 oferece longo alcance de ar de até 11m e alta performance, graças às suas 7 pás e potência de 150W. Conta com a Power Zone, que garante máximo vento direcionado, e a grade Chevron Zone, que reduz o ruído, proporcionando mais conforto, especialmente durante a noite.Possui 3 velocidades, incluindo um modo noturno ultra silencioso, ideal para um ambiente mais tranquilo.Seu design moderno e versátil facilita a montagem, transporte, desmontagem para limpeza e armazenamento.Com 80° de oscilação e 4 inclinações verticais, permite um fluxo de ar direcionado e personalizado. Desenvolvido com tecnologia avançada, alia eficiência, praticidade e economia, sem abrir mão da segurança e durabilidade.",Arno,349.99,"Arno BR",108626,,,https://images2.productserve.com/?w=200&h=200&bg=white&trim=5&t=letterbox&url=ssl%3Alojaarno.vteximg.com.br%2Farquivos%2Fids%2F166857_2&feedId=100096&k=b6ca1321481b401b42e9ace8c2c00bb3e3a1c5c5,BRL,,,https://www.arno.com.br/ventilador-arno-x-treme-7-mesa-40cm-ve70-2720017321/p?idsku=720&utm_source=googleshopping&utm_medium=cpc,,,BRL349.99,100096,,,,"58.33 BRL",,,,,,,2720017321,,7895500762632
https://www.awin1.com/pclick.php?p=40352632381&a=3093907&m=108626,"Airfry Oven e Grill Arno Expert 9 em 1 Digital 11L Preta UFE9",40352632381,722,https://lojaarno.vteximg.com.br/arquivos/ids/165414_2,"A Arno Airfryer Oven & Grill Expert 9x1 é uma fritadeira sem óleo e forno multifuncional, que oferece não menos que 9 incríveis funções para enriquecer sua rotina culinária. Além de fritar, este aparelho versátil permite assar, grelhar, cozinhar, brasear, desidratar, assar no espeto giratório, gratinar e dourar alimentos com perfeição.Equipado com 7 acessórios e 8 programas automáticos em um painel de controle digital intuitivo, ele tem 11 litros de capacidade. Tudo isso é possível graças à avançada tecnologia Hot Air, que proporciona preparações mais crocantes e saudáveis.Adquira já este completo e inovador item para sua cozinha - uma fritadeira sem óleo que é fácil de limpar, com tampa removível e que promete revolucionar seu modo de cozinhar com praticidade e qualidade superiores.",Arno,999.99,"Arno BR",108626,,,https://images2.productserve.com/?w=200&h=200&bg=white&trim=5&t=letterbox&url=ssl%3Alojaarno.vteximg.com.br%2Farquivos%2Fids%2F165414_2&feedId=100096&k=23ce93af5c2e55fc7a3f77420d2925273fa374c0,BRL,,,https://www.arno.com.br/airfry-oven-e-grill-arno-expert-9-em-1-digital-11l-preta-ufe9-1510002386/p?idsku=722&utm_source=googleshopping&utm_medium=cpc,,,BRL999.99,100096,,,,"99.99 BRL",,,,,,,1510002386,,3045380023864
https://www.awin1.com/pclick.php?p=40352632382&a=3093907&m=108626,"Airfry Arno Air Plus Expert e Grill Digital 4,2L Inox UFE2",40352632382,723,https://lojaarno.vteximg.com.br/arquivos/ids/172832_2,"Conheça a revolucionária fritadeira sem óleo Arno Airfryer & Grill Expert 2x1, um verdadeiro 2 em 1 que oferece o melhor dos dois mundos: a tecnologia de airfryer para receitas mais saudáveis e a versatilidade do grill para grelhados perfeitos.Com oito programas pré-definidos, esta fritadeira combina a praticidade de uma fritadeira sem óleo com a qualidade de um grill premium. Sua grelha em alumínio fundido aquece na temperatura ideal para selar os alimentos, resultando em carnes e vegetais saborosos, suculentos e com as características marcantes dos grelhados perfeitos.Experimente agora e eleve sua experiência culinária a um novo nível com a fritadeira Arno Airfry & Grill.",Arno,699.99,"Arno BR",108626,,,https://images2.productserve.com/?w=200&h=200&bg=white&trim=5&t=letterbox&url=ssl%3Alojaarno.vteximg.com.br%2Farquivos%2Fids%2F172832_2&feedId=100096&k=7a6e3f2a8fb7eeaf6a8c1a4fed8d4aa72c10de43,BRL,,,https://www.arno.com.br/airfry-arno-air-plus-expert-e-grill-digital-42l-inox-ufe2-1510002369/p?idsku=723&utm_source=googleshopping&utm_medium=cpc,,,BRL699.99,100096,,,,"69.99 BRL",,,,,,,1510002369,,3045380023697
https://www.awin1.com/pclick.php?p=40352632383&a=3093907&m=108626,"Liquidificador Arno Power Mix Limpa Fácil 700W Comfort Preto LQ35",40352632383,728,https://lojaarno.vteximg.com.br/arquivos/ids/166586_2,"O liquidificador Arno Powermix 700W Limpa Fácil conta com excelente combinação de potência (700W) e suas 4 lâminas Zelkrom, garantindo maior facilidade no preparo de receitas. Além disso, o produto conta com controle contínuo de velocidades (Tecnologia Comfort Control) e 2,5L de capacidade total. Tudo isso com a tecnologia limpa fácil (Lâminas removíveis), garantindo facilidade e praticidade na hora de limpar! Tudo isso com qualidade e design Arno.",Arno,329.99,"Arno BR",108626,,,https://images2.productserve.com/?w=200&h=200&bg=white&trim=5&t=letterbox&url=ssl%3Alojaarno.vteximg.com.br%2Farquivos%2Fids%2F166586_2&feedId=100096&k=42b2af94ffe8cd640c7937ced413a860c484d2f8,BRL,,,https://www.arno.com.br/liq-arno-power-mix-limpa-facil-700w-pt-127v-comfort-2720017598_pai/p?idsku=728&utm_source=googleshopping&utm_medium=cpc,,,BRL329.99,100096,,,,"54.99 BRL",,,,,,,2720017598,,7895500763226
https://www.awin1.com/pclick.php?p=40352632384&a=3093907&m=108626,"Liquidificador Arno Power Mix Limpa Fácil 700W Vermelho LQ36",40352632384,724,https://lojaarno.vteximg.com.br/arquivos/ids/166566_2,"O liquidificador Arno Powermix 700W Limpa Fácil conta com excelente combinação de potência (700W) e suas 4 lâminas Zelkrom, garantindo maior facilidade no preparo de receitas. Além disso, o produto conta com controle contínuo de velocidades (Tecnologia Comfort Control) e 2,5L de capacidade total. Tudo isso com a tecnologia limpa fácil (Lâminas removíveis), garantindo facilidade e praticidade na hora de limpar! Tudo isso com qualidade e design Arno.",Arno,329.99,"Arno BR",108626,,,https://images2.productserve.com/?w=200&h=200&bg=white&trim=5&t=letterbox&url=ssl%3Alojaarno.vteximg.com.br%2Farquivos%2Fids%2F166566_2&feedId=100096&k=4cb8ade19e2c3587df5442880f5ea40581ba04b6,BRL,,,https://www.arno.com.br/liq-arno-power-mix-limpa-facil-700w-vm-127v-comfort-2720017618_pai/p?idsku=724&utm_source=googleshopping&utm_medium=cpc,,,BRL329.99,100096,,,,"54.99 BRL",,,,,,,2720017618,,7895500763240
https://www.awin1.com/pclick.php?p=40352632385&a=3093907&m=108626,"Liquidificador Arno Power Max Autolock 1400W Cinza LN82",40352632385,726,https://lojaarno.vteximg.com.br/arquivos/ids/166576_2,"Prepare-se para resultados perfeitos! Facilite seu dia-a-dia na cozinha com o novo Liquidificador Arno Power Max 1400 Plus Limpa F&aacute;cil com tecnologia exclusiva Autolock anti vazamento e seu sistema de l&acirc;mina remov&iacute;vel. O novo Liquidificador Arno Power Max 1400 Autolock Limpa F&aacute;cil &eacute; o mais potente da Arno! Garanta os melhores resultados com toda a seguran&ccedil;a e efici&ecirc;ncia que s&oacute; a Arno a oferece com a nova e exclusiva tecnologia Autolock: N&atilde;o se preocupe mais com vazamentos e prepare todos os tipos de refei&ccedil;&otilde;es sem bagun&ccedil;a, gra&ccedil;as ao dispositivo de travamento que s&oacute; inicia o processamento ap&oacute;s o encaixe correto da jarra. &Eacute; menos desperd&iacute;cio e tempo gasto com limpeza! Tenha mais precis&atilde;o e conforto no manuseio do seu Power Max como nunca: escolha a velocidade ideal para o preparo de suas receitas com o novo sistema cont&iacute;nuo de controle exclusivo Comfort Control! J&aacute; com as exclusivas l&acirc;minas POWELIX PRO, as l&acirc;minas mais poderosas, dur&aacute;veis e precisas at&eacute; hoje desenvolvidas pela Arno, tenha desempenho superior e qualidade da marca que &eacute; especialista h&aacute; mais de 65 anos em liquidificadores. Elas s&atilde;o 6 vezes mais eficientes, gra&ccedil;as &agrave; sua ultraresist&ecirc;ncia, alto poder de corte e possui l&acirc;minas de corte na angula&ccedil;&atilde;o correta para processar at&eacute; os ingredientes mais duros e que podem ser usadas para diferentes preparos, sem que seja necess&aacute;rio pr&eacute;-cortar em pequenos peda&ccedil;os, garantindo a mistura perfeita de forma r&aacute;pida e eficaz no dia a dia da sua cozinha. Com copo de 3,1 litros de capacidade, fun&ccedil;&atilde;o pulsar, autolimpeza e painel moderno, o novo Liquidificador Arno Power Max 1400 Autolock Limpa F&aacute;cil Plus tritura tudo, sem deixar peda&ccedil;os e facilita a limpeza profunda do seu produto. Prepare sucos, sopas, molhos, vitaminas e muito mais e agilize a limpeza com o sistema Limpa F&aacute;cil que possibilita que voc&ecirc; remova as l&acirc;minas de forma segura para limpar profundamente o copo! Tudo isso com design premium e cores que combinam com sua cozinha. Liquidificador Arno Power Max 1400 Autolock Limpa F&aacute;cil Plus &ndash; O mais potente para resultados perfeitos. Voc&ecirc; imagina, clic, a Arno faz.",Arno,489.99,"Arno BR",108626,,,https://images2.productserve.com/?w=200&h=200&bg=white&trim=5&t=letterbox&url=ssl%3Alojaarno.vteximg.com.br%2Farquivos%2Fids%2F166576_2&feedId=100096&k=a454382fdb5a4623baee592d5754a75c15ffc366,BRL,,,https://www.arno.com.br/liq-arno-powermax-autolock-1400w-cz-127v-comfort-2720017612_pai/p?idsku=726&utm_source=googleshopping&utm_medium=cpc,,,BRL489.99,100096,,,,"54.44 BRL",,,,,,,2720017612,,7895500763288
https://www.awin1.com/pclick.php?p=40352632386&a=3093907&m=108626,"Liquidificador Arno Power Max 1200W Limpa Fácil Preto LN78",40352632386,730,https://lojaarno.vteximg.com.br/arquivos/ids/166595_2,"O liquidificador Arno Powermax 1200W Limpa Fácil conta com grande potência (1200W) combinada às 4 poderosas lâminas Powelix, garantindo eficiência no preparo.Também possui tecnologia Limpa Fácil (lâminas removíveis para melhor limpeza do produto).Tudo isso combinado à qualidade e design Arno!",Arno,359.99,"Arno BR",108626,,,https://images2.productserve.com/?w=200&h=200&bg=white&trim=5&t=letterbox&url=ssl%3Alojaarno.vteximg.com.br%2Farquivos%2Fids%2F166595_2&feedId=100096&k=998c1c057aed1ba3cb37a11bbd0bf03e53886d8c,BRL,,,https://www.arno.com.br/liq-arno-power-max-1200w-limpa-facil-pt-127v-2720017400_pai/p?idsku=730&utm_source=googleshopping&utm_medium=cpc,,,BRL359.99,100096,,,,"51.42 BRL",,,,,,,2720017400,,7895500762748
https://www.awin1.com/pclick.php?p=40352632387&a=3093907&m=108626,"Fritadeira sem Óleo Arno Airfry Essential 3,5L AFE3",40352632387,744,https://lojaarno.vteximg.com.br/arquivos/ids/163243_2,"Com a nova Airfry Essential da ARNO você saboreia suas receitas preferidas com muito mais crocância. Além de praticidade e versatilidade ela tem um design inovador, compacta e com acabamento que combina com a sua cozinha! A tecnologia Hot Air presente na fritadeira Airfry Essential permite a circulação uniforme do ar quente proporcionando um cozimento perfeito, sem a necessidade da utilização de óleo*. Prepare Batatas fritas, frango à passarinho, pão de alho, peixe assado, além das suas próprias receitas através do amplo controle de tempo e temperatura que a nova Airfry Essential proporciona, tudo sem utilizar óleo* deixando os seus alimentos crocantes, saborosos e saudáveis! A Airfry Essential é eficiente e compacta, e permite o preparo de alimentos de forma mais saudável, através da tecnologia Hot Air. Sua capacidade é de 3,5L e serve perfeitamente até 4 pessoas. A Fritadeira sem óleo oferece uma variedade de opções na cozinha, podendo assar, fritar, grelhar e aquecer proporcionando total controle sobre suas receitas, graças ao seu sistema de controle de temperatura de 80°C até 200°C e um timer de até 60 minutos para facilitar sua rotina. Pensando ainda mais na praticidade da fritadeira sem óleo, a Airfry Essential ainda vem com uma cesta inovadora fácil de limpar, garantindo que você possa ter mais tempo para aproveitar as receitas deliciosas e saudáveis. Você imagina, clic, a Arno faz! *Para alimentos in natura utilizar uma colher de óleo.",Arno,389.99,"Arno BR",108626,,,https://images2.productserve.com/?w=200&h=200&bg=white&trim=5&t=letterbox&url=ssl%3Alojaarno.vteximg.com.br%2Farquivos%2Fids%2F163243_2&feedId=100096&k=fbb766fa25ffcaa0de0feb4685f43c0a6c5d8d55,BRL,,,https://www.arno.com.br/fritadeira-sem-oleo-arno-airfry-essential-3-5l-afe3-5861032876/p?idsku=744&utm_source=googleshopping&utm_medium=cpc,,,BRL389.99,100096,,,,"55.71 BRL",,,,,,,5861032876,,3045385828761
https://www.awin1.com/pclick.php?p=40352632388&a=3093907&m=108626,"Cafeteira Arno Espresso Steam e Pump Opio Soleil Marfim SCSP - Cafeteira Arno Espresso Steam e Pump Opio Soleil Marfim - 127V",40352632388,745,https://lojaarno.vteximg.com.br/arquivos/ids/166105_2,"Uma máquina de café espresso que entrega autenticidade, qualidade de barista e um elegante estilo retrô. Suas configurações manuais são facilmente ajustáveis, proporcionando uma experiência completa de café espresso em casa. Com 15 bar de pressão, garante sabores intensos na temperatura ideal em pouco tempo.Equipada com um bico vaporizador, permite preparar cappuccinos e lattes incrivelmente suaves e cremosos. Além disso, acompanha acessórios para facilitar o preparo das bebidas: dois filtros, uma colher medidora com compactador de pó, um porta-filtro e um reservatório de água removível de 1,2 L para fácil reabastecimento.Para uma experiência ainda mais completa, conta com um aquecedor de xícaras no topo da máquina, garantindo que seu café esteja sempre na temperatura perfeita.",Arno,1269.99,"Arno BR",108626,,,https://images2.productserve.com/?w=200&h=200&bg=white&trim=5&t=letterbox&url=ssl%3Alojaarno.vteximg.com.br%2Farquivos%2Fids%2F166105_2&feedId=100096&k=5f6ea678f971e37fb7f9d08828bc65a9f61e4521,BRL,,,https://www.arno.com.br/cafeteira-arno-espresso-steam-e-pump-opio-soleil-marfim-scsp-8010001230/p?idsku=745&utm_source=googleshopping&utm_medium=cpc,,,BRL1269.99,100096,,,,"126.99 BRL",,,,,,,8010001230,,3016661174865
https://www.awin1.com/pclick.php?p=40356149516&a=3093907&m=108626,"Ventilador Arno X-treme 9 Mesa 40cm VE90",40356149516,756,https://lojaarno.vteximg.com.br/arquivos/ids/166859_2,"O Ventilador de Mesa 40cm Arno X-TREME 9 oferece um longo alcance de ar de até 12m e ótima performance, graças às suas 9 pás e potência de 160W. Conta com a Power Zone, que garante máximo vento direcionado, e a grade Chevron Zone, que reduz o ruído, proporcionando mais conforto, especialmente durante a noite.Possui 3 velocidades, incluindo um modo noturno ultra silencioso, ideal para um ambiente mais tranquilo.Seu design moderno e versátil facilita a montagem, transporte, desmontagem para limpeza e armazenamento.Com 80° de oscilação e 4 inclinações verticais, permite um fluxo de ar direcionado e personalizado.Desenvolvido com tecnologia avançada, alia eficiência, praticidade e economia, sem abrir mão da segurança e durabilidade.",Arno,369.99,"Arno BR",108626,,,https://images2.productserve.com/?w=200&h=200&bg=white&trim=5&t=letterbox&url=ssl%3Alojaarno.vteximg.com.br%2Farquivos%2Fids%2F166859_2&feedId=100096&k=8fb1fc23b8b877b93e47e562b6853e9403e9917e,BRL,,,https://www.arno.com.br/ventilador-arno-x-treme-9-mesa-40cm-ve90-2720017485/p?idsku=756&utm_source=googleshopping&utm_medium=cpc,,,BRL369.99,100096,,,,"52.85 BRL",,,,,,,2720017485,,7895500762953
https://www.awin1.com/pclick.php?p=40352632390&a=3093907&m=108626,"Ventilador de Teto Arno Ultimate Bivolt Branco com 3 Pás e Controle Remoto VX13 Bivolt",40352632390,760,https://lojaarno.vteximg.com.br/arquivos/ids/166863_2,"Tenha conforto e design com o novo Ventilador de Teto Arno Ultimate Bivolt Branco, ideal para cada momento do seu dia. O Arno Ultimate oferece m&aacute;xima ilumina&ccedil;&atilde;o com at&eacute; duas l&acirc;mpadas* iguais de at&eacute; 14 cm e 25m&sup2; de alcance do vento gra&ccedil;as ao seu novo motor Bivolt e pot&ecirc;ncia** de 150 Watts. Leve e f&aacute;cil de instalar com apenas 2 fios, al&eacute;m de ser seguro e est&aacute;vel. Conta com Controle Remoto*** com 6 velocidades + 4 fun&ccedil;&otilde;es: Dormir, vento leve e super silencioso para uma noite de sono tranquila + Brisa, fluxo de ar cont&iacute;nuo para um frescor similar ao vento natural + Exaustor, que ao girar no sentido anti-hor&aacute;rio ajuda o ar circular mais amplamente para deixar o ambiente mais arejado + Timer com programa&ccedil;&atilde;o de 1h &agrave; 8h, ideal para sua comodidade. Bot&otilde;es para desligar a Fun&ccedil;&atilde;o Timer e para Ligar/Desligar a luz. Seu design foi aprovado em pesquisas nacionais e &eacute; ganhador do Pr&ecirc;mio Selo Procel e nota A no Programa Brasileiro de Etiquetagem. Ventilador de Teto Arno Ultimate Bivolt Branco &ndash; voc&ecirc; imagina, clic, a Arno faz! *L&acirc;mpadas n&atilde;o inclu&iacute;das. **Pot&ecirc;ncia total considerando o aparelho com duas l&acirc;mpadas incandescentes conforme descrito no manual de instru&ccedil;&otilde;es. ***Funciona com duas pilhas do tipo AAA, n&atilde;o inclu&iacute;das.",Arno,764.99,"Arno BR",108626,,,https://images2.productserve.com/?w=200&h=200&bg=white&trim=5&t=letterbox&url=ssl%3Alojaarno.vteximg.com.br%2Farquivos%2Fids%2F166863_2&feedId=100096&k=e70e4ae70526ae4edd0d4704d77b0b56d77ad4f5,BRL,,,https://www.arno.com.br/ventilador-de-teto-arno-ultimate-bivolt-branco-com-3-pas-e-controle-remoto-vx13-2720017434/p?idsku=760&utm_source=googleshopping&utm_medium=cpc,,,BRL764.99,100096,,,,"76.49 BRL",,,,,,,2720017434,,7895500763073
https://www.awin1.com/pclick.php?p=40352632391&a=3093907&m=108626,"Grill Arno Dual Inox com abertura de 180° GNOX",40352632391,13,https://lojaarno.vteximg.com.br/arquivos/ids/166659_2,"Com o Grill Arno Dual Inox, você pode ter mais espaço para cozinhar, uma vez que possui abertura de 180° e aquecimento em ambas as placas. Isso permite que seja utilizado de forma aberta ou fechada, de acordo com a sua necessidade.Suas placas são antiaderentes e o equipamento acompanha um termostato com controle de temperatura. Prepare carnes, grelhados e muito mais!",Arno,479.99,"Arno BR",108626,,,https://images2.productserve.com/?w=200&h=200&bg=white&trim=5&t=letterbox&url=ssl%3Alojaarno.vteximg.com.br%2Farquivos%2Fids%2F166659_2&feedId=100096&k=74a86bf383d2c6e7f768fa177eae9b8af87e1b05,BRL,,,https://www.arno.com.br/grill-arno-dual-inox-gnox-8010000261-pai/p?idsku=13&utm_source=googleshopping&utm_medium=cpc,,,BRL479.99,100096,,,,"53.33 BRL",,,,,,,8010000261,,3016661152931
https://www.awin1.com/pclick.php?p=40352632392&a=3093907&m=108626,"Ferro a Vapor Arno Essentialgliss com Base Antiaderente FMQ",40352632392,763,https://lojaarno.vteximg.com.br/arquivos/ids/165318_2,"F&aacute;cil de passar e sem esfor&ccedil;o! O novo Ferro a Vapor Arno Essentialgliss possui Base Antiaderente que n&atilde;o gruda nas roupas e &eacute; ideal para resultados r&aacute;pidos com qualquer tipo de roupa. Sua Ponta de Precis&atilde;o &eacute; perfeita para desamassar at&eacute; as zonas de mais dif&iacute;cil acesso das suas roupas como entre os bot&otilde;es, no colarinho e nos punhos. Possui Vapor Cont&iacute;nuo de at&eacute; 15g/min e Vapor Extra de at&eacute; 80g/min que ajudam a amolecer as tramas de roupa e tornam o processo de passar roupas muito mais simples e eficiente. Possui 3 configura&ccedil;&otilde;es de temperatura, Fun&ccedil;&atilde;o Spray, tanque de &aacute;gua com capacidade de 180 ml, Al&ccedil;a ergon&ocirc;mica que torna o ato de passar mais natural e Sistema Anti-calc&aacute;rio que prolonga a vida &uacute;til do ferro e o mant&eacute;m sempre limpo e pronto para o uso - tudo pensado para a sua comodidade! Voc&ecirc; imagina, clic, a Arno faz!",Arno,174.99,"Arno BR",108626,,,https://images2.productserve.com/?w=200&h=200&bg=white&trim=5&t=letterbox&url=ssl%3Alojaarno.vteximg.com.br%2Farquivos%2Fids%2F165318_2&feedId=100096&k=9aed81d63bba90e186b02cf0d7e74d8ac51683fa,BRL,,,https://www.arno.com.br/fer-vap-essentialgliss-1830009066_pai/p?idsku=763&utm_source=googleshopping&utm_medium=cpc,,,BRL174.99,100096,,,,"58.33 BRL",,,,,,,1830009066,,3121040090664
https://www.awin1.com/pclick.php?p=40352632393&a=3093907&m=108626,"Ventilador de Teto Arno Ultimate Bivolt Preto com 3 Pás e Controle Remoto VX14",40352632393,765,https://lojaarno.vteximg.com.br/arquivos/ids/166864_2,"Tenha conforto e design com o novo Ventilador de Teto Arno Ultimate Bivolt Preto, ideal para cada momento do seu dia. O Arno Ultimate oferece m&aacute;xima ilumina&ccedil;&atilde;o com at&eacute; duas l&acirc;mpadas* iguais de at&eacute; 14 cm e 25m&sup2; de alcance do vento gra&ccedil;as ao seu novo motor Bivolt e pot&ecirc;ncia** de 150 Watts. Leve e f&aacute;cil de instalar com apenas 2 fios, al&eacute;m de ser seguro e est&aacute;vel. Conta com Controle Remoto*** com 6 velocidades + 4 fun&ccedil;&otilde;es: Dormir, vento leve e super silencioso para uma noite de sono tranquila + Brisa, fluxo de ar cont&iacute;nuo para um frescor similar ao vento natural + Exaustor, que ao girar no sentido anti-hor&aacute;rio ajuda o ar circular mais amplamente para deixar o ambiente mais arejado + Timer com programa&ccedil;&atilde;o de 1h &agrave; 8h, ideal para sua comodidade. Bot&otilde;es para desligar a Fun&ccedil;&atilde;o Timer e para Ligar/Desligar a luz. Seu design foi aprovado em pesquisas nacionais e &eacute; ganhador do Pr&ecirc;mio Selo Procel e nota A no Programa Brasileiro de Etiquetagem. Ventilador de Teto Arno Ultimate Bivolt Preto &ndash; voc&ecirc; imagina, clic, a Arno faz! *L&acirc;mpadas n&atilde;o inclu&iacute;das.**Pot&ecirc;ncia total considerando o aparelho com duas l&acirc;mpadas incandescentes conforme descrito no manual de instru&ccedil;&otilde;es. ***Funciona com duas pilhas do tipo AAA, n&atilde;o inclu&iacute;das.",Arno,764.99,"Arno BR",108626,,,https://images2.productserve.com/?w=200&h=200&bg=white&trim=5&t=letterbox&url=ssl%3Alojaarno.vteximg.com.br%2Farquivos%2Fids%2F166864_2&feedId=100096&k=2fc03a4c91ae880d82925c1cabe8ec8c1bc2601a,BRL,,,https://www.arno.com.br/ventilador-de-teto-arno-ultimate-bivolt-preto-com-3-pas-e-controle-remoto-vx14-2720017435-pai/p?idsku=765&utm_source=googleshopping&utm_medium=cpc,,,BRL764.99,100096,,,,"76.49 BRL",,,,,,,2720017435,,7895500763080
https://www.awin1.com/pclick.php?p=40352632394&a=3093907&m=108626,"Multiprocessador de Alimentos Arno Multichef 4 em 1 com 600W MP60",40352632394,116,https://lojaarno.vteximg.com.br/arquivos/ids/161291_2,"O Multiprocessador Arno Multichef 4 em 1 oferece toda a versatilidade e pot&ecirc;ncia que voc&ecirc; precisa nas suas receitas! Com este processador, voc&ecirc; poder&aacute; preparar sua pr&oacute;pria comida na consist&ecirc;ncia desejada! Explore as diversas possibilidades de picar, ralar, fatiar e liquidificar os mais variados ingredientes. S&atilde;o 3 l&acirc;minas processadoras, mais uma super jarra de liquidificador de 3,1L de capacidade! Ideal para GRANDES receitas! O Multiprocessador Arno Multichef 4 em 1 tem 2 velocidades + fun&ccedil;&atilde;o pulsar e 600W de pot&ecirc;ncia, garantindo praticidade e alto desempenho para todas as ocasi&otilde;es. Voc&ecirc; imagina, clic, a Arno faz!",Arno,544.99,"Arno BR",108626,,,https://images2.productserve.com/?w=200&h=200&bg=white&trim=5&t=letterbox&url=ssl%3Alojaarno.vteximg.com.br%2Farquivos%2Fids%2F161291_2&feedId=100096&k=30d6619e72d27363bc17679d4bef54b198606286,BRL,,,https://www.arno.com.br/processador-de-alimentos-arno-multichef-4-em-1-mp60-2720011917-pai/p?idsku=116&utm_source=googleshopping&utm_medium=cpc,,,BRL544.99,100096,,,,"54.49 BRL",,,,,,,2720011917,,7895500725613
https://www.awin1.com/pclick.php?p=40352632395&a=3093907&m=108626,"Liquidificador Arno Power Max 1400W Marfim LN64",40352632395,780,https://lojaarno.vteximg.com.br/arquivos/ids/168446_2,"O liquidificador Arno Powermax 1400W conta com incr&iacute;vel pot&ecirc;ncia (1400W) combinada com as 6 l&acirc;minas Powelix Pro, o que tornar&aacute; o seu preparo super r&aacute;pido e perfeito! Al&eacute;m disso, o produto conta com 3,1L de capacidade total, 15 velocidades e design e qualidade Arno.",Arno,349.99,"Arno BR",108626,,,https://images2.productserve.com/?w=200&h=200&bg=white&trim=5&t=letterbox&url=ssl%3Alojaarno.vteximg.com.br%2Farquivos%2Fids%2F168446_2&feedId=100096&k=098eb31ca9c042bbebd89ba3eacffb3804c1b341,BRL,,,https://www.arno.com.br/liquidificador-arno-powermax-marfim-1400w-127v-2720017941_pai/p?idsku=780&utm_source=googleshopping&utm_medium=cpc,,,BRL349.99,100096,,,,"58.33 BRL",,,,,,,2720017941,,7895500764766
https://www.awin1.com/pclick.php?p=40352632396&a=3093907&m=108626,"Liquidificador Arno Power Max 1400W Preto LN65",40352632396,782,https://lojaarno.vteximg.com.br/arquivos/ids/168860_2,"O liquidificador Arno Powermax 1400W conta com incr&iacute;vel pot&ecirc;ncia (1400W) combinada com as 6 l&acirc;minas Powelix Pro, o que tornar&aacute; o seu preparo super r&aacute;pido e perfeito! Al&eacute;m disso, o produto conta com 3,1L de capacidade total, tecnologia exclusiva de controle de velocidades Comfort Control e design e qualidade Arno",Arno,359.99,"Arno BR",108626,,,https://images2.productserve.com/?w=200&h=200&bg=white&trim=5&t=letterbox&url=ssl%3Alojaarno.vteximg.com.br%2Farquivos%2Fids%2F168860_2&feedId=100096&k=ceadb95f0c621e16bebea0e4d82c0dd58c3b3df3,BRL,,,https://www.arno.com.br/liquidificador-arno-powermax-preto-1400w-comfort-control-127v-2720017943_pai/p?idsku=782&utm_source=googleshopping&utm_medium=cpc,,,BRL359.99,100096,,,,"51.42 BRL",,,,,,,2720017943,,7895500764780
https://www.awin1.com/pclick.php?p=40352632397&a=3093907&m=108626,"Liquidificador Arno Ultraforce Inox Jarra de Vidro LN92",40352632397,784,https://lojaarno.vteximg.com.br/arquivos/ids/166603_2,"O liquidificConhe&ccedil;a a linha de liquidificadores Ultraforce Arno. Para quem procura um produto ultra potente e dur&aacute;vel!S&atilde;o 1400W de pot&ecirc;ncia combinada as poderosas l&acirc;minas Powelix Pro - 6 l&acirc;minas com alto poder de corte. Sua Jarra de Vidro resistente a choque t&eacute;rmico de 2.2L garante preparos quentes ou frios.A tecnologia Limpa F&aacute;cil permite a f&aacute;cil limpeza do produto, economizando tempo para aproveitar com sua fam&iacute;lia!",Arno,599.99,"Arno BR",108626,,,https://images2.productserve.com/?w=200&h=200&bg=white&trim=5&t=letterbox&url=ssl%3Alojaarno.vteximg.com.br%2Farquivos%2Fids%2F166603_2&feedId=100096&k=a8014dbbabf100e164cebe1dd01061e7622ab0a1,BRL,,,https://www.arno.com.br/liquidificador-arno-ultraforce-jarra-de-vidro-127v-5861034111_pai/p?idsku=784&utm_source=googleshopping&utm_medium=cpc,,,BRL599.99,100096,,,,"59.99 BRL",,,,,,,5861034111,,7702073032805
https://www.awin1.com/pclick.php?p=40352632398&a=3093907&m=108626,"Liquidificador Arno Ultraforce Pro Inox Vidro LN93",40352632398,786,https://lojaarno.vteximg.com.br/arquivos/ids/166612_2,"Conhe&ccedil;a a linha de liquidificadores Ultraforce Arno.O Arno Ultraforce Pro &eacute; para quem procura um produto inovador, potente e dur&aacute;vel, al&eacute;m de muita criatividade com o nosso novo app de receitas que pode ser utilizado com os 3 modos pr&eacute; programados de preparo! S&atilde;o 50% a mais de for&ccedil;a em cada giro*, combinado com as poderosas l&acirc;minas Powelix Life - 6 l&acirc;minas com alto poder de corte que duram at&eacute; 2x mais*.Sua Jarra de Vidro resistente a choque t&eacute;rmico de 2.0L garante preparos quentes ou frios. A tecnologia Limpa F&aacute;cil (l&acirc;minas remov&iacute;veis para melhor e facil limpeza do produto) tambem economiza tempo para aproveitar com sua fam&iacute;lia! *Quando comparado com produto de entrada do mesmo fabricante (Powermix)",Arno,799.99,"Arno BR",108626,,,https://images2.productserve.com/?w=200&h=200&bg=white&trim=5&t=letterbox&url=ssl%3Alojaarno.vteximg.com.br%2Farquivos%2Fids%2F166612_2&feedId=100096&k=b2a3632e2db5c99e561616dfb175d5df06b2ad2f,BRL,,,https://www.arno.com.br/liquidificador-arno-ultraforce-pro-jarra-de-vidro-127v-7211419239_pai/p?idsku=786&utm_source=googleshopping&utm_medium=cpc,,,BRL799.99,100096,,,,"79.99 BRL",,,,,,,7211419239,,3016667292396
https://www.awin1.com/pclick.php?p=40679184994&a=3093907&m=108626,"Ventilador Arno X-treme 9 Coluna Repelente 40cm VE9R",40679184994,790,https://lojaarno.vteximg.com.br/arquivos/ids/166867_2,"Máximo alcance, mínimo ruído! Imbatível contra o calor e mosquitos O novo Ventilador X-treme 9 Repelente Líquido de Coluna 40cm é o único com o Exclusivo Sistema de Repelente Líquido, que garante proteção para sua família contra insetos, mosquitos da Dengue, Chikungunya e Zika vírus. A ação conjunta com o sistema de ventilação aumenta a área de difusão do repelente, apresentando maior eficiência contra mosquitos do que o aparelho elétrico de mesa. O refil está localizado no centro da grade, sendo fácil de trocar e aceitar todos os frascos de repelentes disponíveis no mercado. Possui grande eficácia de uso, com longa duração de até 70 noites sem precisar de trocar o refil. Possui também a tecnologia única que tem a melhor combinação de vento máximo com conforto sonoro. Potência + X-treme Silêncio que deixa os ambientes muito mais modernos e refrescantes. Com longo alcance de ar de até 12* metros, o Ventilador X-treme 9 conta com a Power Zone**, uma área equipada que garante o máximo de vento direcionado, oferecendo desempenho superior para que você não sofra com o calor e possui a exclusiva grade Chevron Zone, que proporciona um conforto muito maior do som. Máximo alcance de vento, extremamente potente com 9 pás e 3 velocidades, ou 3 velocidades + Função Repelente que atendem a cada necessidade:  Velocidade 3 - Potência Extrema: o vento mais forte com o menor ruído do mercado para problemas imediatos do calor; Velocidade 2 - Eco Fresh: até 20%*** mais econômico, para deixar o ventilador ligado durante todo o dia sem preocupação; Velocidade 1 - Sono tranquilo: vento moderado, super silencioso para uma noite de sono tranquila.  Design moderno, fácil de montar, transportar e desmontável para armazenar quando não estiver em uso, versátil com 80° de oscilação horizontal e 4 inclinações verticais. Ajuste de altura máxima de até 1,5m e Cabo longo até 2,4m. Garantia de 1 ano. A linha X-treme 9 conta com a máxima tecnologia para levar eficiência, praticidade e economia para o seu dia a dia, sempre com muita segurança e durabilidade. Novo Ventilador Arno X-treme 9 Coluna Repelente 40cm: Máximo alcance, mínimo ruído! Você imagina, clique, a Arno faz! A marca mais desejada e especialista há 80 anos no mercado brasileiro****. *Considerando resultados de testes conforme procedimento Groupe Seb medidos por laboratório independente, acreditado pelo Inmetro. **Zona de concentração máxima de fluxo de ar. ***-20% em comparação com a energia consumida com a velocidade máxima. ****Conforme pesquisa de usos e atitudes da categoria de ventilação realizada em dezembro de 2022 com 1307 entrevistados. Levando em consideração o início da fabricação de utensílios pelo Arno em 1944.",Arno,579.99,"Arno BR",108626,,,https://images2.productserve.com/?w=200&h=200&bg=white&trim=5&t=letterbox&url=ssl%3Alojaarno.vteximg.com.br%2Farquivos%2Fids%2F166867_2&feedId=100096&k=36e48f97576b77fca88ee3a18313369c76d00f35,BRL,,,https://www.arno.com.br/ventilador-arno-x-treme-9-coluna-repelente-40cm-ve9r-2720017499_pai/p?idsku=790&utm_source=googleshopping&utm_medium=cpc,,,BRL579.99,100096,,,,"57.99 BRL",,,,,,,2720017499,,7895500763035
https://www.awin1.com/pclick.php?p=40352632400&a=3093907&m=108626,"Ventilador Arno X-treme 9 Mesa Repelente 40cm VE95",40352632400,792,https://lojaarno.vteximg.com.br/arquivos/ids/166869_2,"O Ventilador de Mesa 40cm Arno X-TREME 9 Repelente, possui função repelente de líquidos e um longo alcance de ar de até 12m, proporcionando um ambiente mais seguro contra os insetos. Suas 9 pás e potência de 160W garantem ótimo desempenho e conta com a classe Chevron Zona que deixa o ventilador mais silencioso, trazendo muito mais conforto para suas noites de sono.",Arno,454.99,"Arno BR",108626,,,https://images2.productserve.com/?w=200&h=200&bg=white&trim=5&t=letterbox&url=ssl%3Alojaarno.vteximg.com.br%2Farquivos%2Fids%2F166869_2&feedId=100096&k=9708c7f716b94fca6c1b793791312e123ef43e66,BRL,,,https://www.arno.com.br/ventilador-arno-x-treme-9-mesa-repelente-40cm-ve95-2720017497_pai/p?idsku=792&utm_source=googleshopping&utm_medium=cpc,,,BRL454.99,100096,,,,"50.55 BRL",,,,,,,2720017497,,7895500763011
https://www.awin1.com/pclick.php?p=40767961842&a=3093907&m=108626,"Ventilador Arno X-treme 9 2 em 1 40cm VE9M",40767961842,794,https://lojaarno.vteximg.com.br/arquivos/ids/166871_2,"O Ventilador de Coluna 40cm Arno X-TREME 9 2 em 1, pode ser utilizado como mesa ou coluna, possui um longo alcance de ar de até 12m, suas 9 pás e potência de 160W garantem ótimo desempenho. Conta com a Power Zone para o conforto de vento direcionado e o grau máximo Chevron Zone que deixa o ventilador mais silencioso, trazendo muito mais conforto para suas noites de sono. São 3 velocidades, incluindo modo noturno mais silencioso. Design moderno e versátil, fácil de montar, transportar, desmontar para limpar e armazenar. Com 80° de oscilação, 4 inclinações verticais e altura ajustável de até 1,5 metros e cabo de energia mais longo de 2,4 metros. Tecnologia avançada para eficiência, praticidade e economia, com segurança e durabilidade.",Arno,539.99,"Arno BR",108626,,,https://images2.productserve.com/?w=200&h=200&bg=white&trim=5&t=letterbox&url=ssl%3Alojaarno.vteximg.com.br%2Farquivos%2Fids%2F166871_2&feedId=100096&k=1b65b46b08cb9bfc6ce1da29c12d658c791a9e83,BRL,,,https://www.arno.com.br/ventilador-arno-x-treme-9-2-em-1-40cm-ve9m-2720017493_pai/p?idsku=794&utm_source=googleshopping&utm_medium=cpc,,,BRL539.99,100096,,,,"53.99 BRL",,,,,,,2720017493,,7895500762991
https://www.awin1.com/pclick.php?p=40690907396&a=3093907&m=108626,"Ventilador Arno X-treme 9 Parede 40cm VE9P",40690907396,788,https://lojaarno.vteximg.com.br/arquivos/ids/166865_2,"""""Máximo alcance, mínimo ruído. O novo Ventilador X-treme 9 Parede 40 cm possui uma tecnologia única que tem a melhor combinação de máximo vento com conforto sonoro. Potência + X-treme Silêncio que deixa os ambientes muito mais agradáveis e refrescantes. Com longo alcance de ar de até 12* metros o Ventilador X-treme 9 Parede conta com a Power Zone**, uma área concentrada que garante o máximo de vento direcionado, oferecendo performance superior para que você não sofra com o calor e possui a exclusiva grade Chevron Zone que proporciona um conforto muito maior do som. Máximo alcance de vento, extremamente potente com 9 pás e 3 velocidades que atendem a cada necessidade: - Velocidade 3 - Potência Extrema: o vento mais forte com o menor ruído do mercado para alívio imediato do calor; - Velocidade 2 - Eco Fresh: até 20%*** mais econômica, para deixar o ventilador ligado durante todo o dia sem preocupação; - Velocidade 1 - Sono tranquilo: vento moderado, super silencioso para uma noite de sono tranquila. Design moderno, fácil de montar, transportar e desmontável para armazenar quando não estiver em uso, versátil com 80° de oscilação horizontal e 4 inclinações verticais. Garantia de 1 ano. A linha X-treme 9 conta com a máxima tecnologia para levar eficiência, praticidade e economia para o seu dia a dia sempre com muita segurança e durabilidade. Novo Ventilador Arno X-treme 9 Parede: Máximo alcance, mínimo ruído! Você imagina, clic, a Arno faz! A marca mais desejada e especialista há 80 anos no mercado brasileiro****. *Considerando resultados de testes conforme procedimento Groupe Seb medidos por laboratório independente, acreditado pelo Inmetro. **Zona de máxima concentração de fluxo de ar. ***-20% comparado com a energia consumida com a velocidade máxima. **** Conforme pesquisa de usos e atitudes da categoria de ventilação realizada em Dezembro de 2022 com 1307 respondentes. | Levando em consideração início de fabricação de eletrodomésticos pelas Arno em 1944.""""",Arno,399.99,"Arno BR",108626,,,https://images2.productserve.com/?w=200&h=200&bg=white&trim=5&t=letterbox&url=ssl%3Alojaarno.vteximg.com.br%2Farquivos%2Fids%2F166865_2&feedId=100096&k=8ea8a02ff9ce99c8e378bcda1f75f247fc72e096,BRL,,,https://www.arno.com.br/ventilador-arno-x-treme-9-parede-40cm-ve9p-2720017501_pai/p?idsku=788&utm_source=googleshopping&utm_medium=cpc,,,BRL399.99,100096,,,,"57.14 BRL",,,,,,,2720017501,,7895500763059
https://www.awin1.com/pclick.php?p=40352632401&a=3093907&m=108626,"Chaleira Elétrica Arno Soleil 1,7l Preta SPKE",40352632401,797,https://lojaarno.vteximg.com.br/arquivos/ids/166106_2,"Traga estilo e elegância para sua cozinha através da linha Soleil, que possui design retrô, decorando seu ambiente. A Chaleira Arno Soleil é recomendada para aqueles que desejam maior conveniência e praticidade em seu dia a dia, aliado à segurança. Possui capacidade de 1,7L (serve até 7 xícaras), 2 visores laterais para visualização do nível de água, bico de precisão para auxiliar na utilização sem derramamento de líquido, tampa de fácil utilização, base giratória de 360º e botão liga-desliga com indicador luminoso, que deixa o manuseio ainda mais fácil. Com Arno Soleil, tenha estilo também na sua cozinha!",Arno,414.99,"Arno BR",108626,,,https://images2.productserve.com/?w=200&h=200&bg=white&trim=5&t=letterbox&url=ssl%3Alojaarno.vteximg.com.br%2Farquivos%2Fids%2F166106_2&feedId=100096&k=217a26962b9380e122ee88e1007f1fa62fe529d5,BRL,,,https://www.arno.com.br/chaleira-eletrica-arno-soleil-17l-preta-spke_7211419301_pai/p?idsku=797&utm_source=googleshopping&utm_medium=cpc,,,BRL414.99,100096,,,,"51.87 BRL",,,,,,,7211419301,,3045387293017
https://www.awin1.com/pclick.php?p=40352632402&a=3093907&m=108626,"Torradeira Arno Soleil com 7 níveis de tostagem Preta SPTO",40352632402,801,https://lojaarno.vteximg.com.br/arquivos/ids/166511_2,"Traga estilo e elegância para sua cozinha através da linha Soleil, que possui design retrô, decorando seu ambiente. A Torradeira Arno Soleil conta com 7 níveis de tostagem, garantindo torradas perfeitamente douradas, personalizadas para todos os gostos, podendo ser tanto fatias grossas quanto finas. Possui funções dedicadas com indicadores luminosos que proporcionam maior facilidade de uso:  Parar: Interromper imediatamente o ciclo de torragem. Descongelar: Torrar pão congelado. Reaquecer: Aquecer pães previamente torrados.  Para completar, há uma alavanca de alta elevação para remover facilmente até os menores pedaços de torrada e uma conveniente bandeja de migalhas removível para uma limpeza prática. Com Arno Soleil, tenha estilo também na sua cozinha!",Arno,414.99,"Arno BR",108626,,,https://images2.productserve.com/?w=200&h=200&bg=white&trim=5&t=letterbox&url=ssl%3Alojaarno.vteximg.com.br%2Farquivos%2Fids%2F166511_2&feedId=100096&k=34268f8aada4da38ddf8d6c59e8ab2e8f689af73,BRL,,,https://www.arno.com.br/torradeira-arno-soleil-com-7-niveis-de-tostagem-preta-spto-127v_7211419303/p?idsku=801&utm_source=googleshopping&utm_medium=cpc,,,BRL414.99,100096,,,,"51.87 BRL",,,,,,,7211419303,,3045387293031
https://www.awin1.com/pclick.php?p=40352632403&a=3093907&m=108626,"Cafeteira Elétrica Arno Soleil Preta 1,25L SPFC",40352632403,799,https://lojaarno.vteximg.com.br/arquivos/ids/166678_2,"Traga estilo e elegância para sua cozinha através da linha Soleil, que possui design retrô, decorando seu ambiente. A Cafeteira Arno Soleil é recomendada para aqueles que desejam maior conveniência e praticidade em seu dia a dia, aliado à segurança. Possui capacidade de 1,25L, visor lateral que facilita o enchimento do reservatório, juntamente com um porta-filtro giratório, que garante um acesso perfeito. Além disso, possui sistema corta pingos, que permite que você sirva uma xícara de café a qualquer momento durante o ciclo de preparação sem medo de pingar. Acompanha função de desligamento automático, após um ciclo de manutenção quente de 30 minutos, para total tranquilidade e segurança. Com Arno Soleil, tenha estilo também na sua cozinha!",Arno,414.99,"Arno BR",108626,,,https://images2.productserve.com/?w=200&h=200&bg=white&trim=5&t=letterbox&url=ssl%3Alojaarno.vteximg.com.br%2Farquivos%2Fids%2F166678_2&feedId=100096&k=eb1ab3e01720512474eaf5b318f3895895804e4d,BRL,,,https://www.arno.com.br/cafeteira-eletrica-arno-soleil-preta-125l-spfc-127v_cafeteira-eletrica-arno-soleil-preta-125l-spfc_7211419321_pai/p?idsku=799&utm_source=googleshopping&utm_medium=cpc,,,BRL414.99,100096,,,,"51.87 BRL",,,,,,,7211419321,,3045387293215
https://www.awin1.com/pclick.php?p=40352632404&a=3093907&m=108626,"Ventilador Arno Eole Ultra de Torre NEO2",40352632404,807,https://lojaarno.vteximg.com.br/arquivos/ids/166873_2,"O Ventilador de Torre Arno Eole Ultra combina frescor intenso e silencioso, com at&eacute; *6 m de alcance de vento. Seu design moderno que integra ao ambiente, tamb&eacute;m possui painel touch. Controle remoto incluso, oferece 3 n&iacute;veis de velocidade, conta com 2 modos autom&aacute;ticos, o noturno com vento leve e super silencioso para uma noite de sono tranquila e o modo brisa, com fluxo de ar cont&iacute;nuo para um frescor similar ao vento natural. Timer program&aacute;vel at&eacute; 7horas, oscila&ccedil;&atilde;o de 60&deg; com distribui&ccedil;&atilde;o de ar muito mais concentrada e desligamento autom&aacute;tico ap&oacute;s 12 horas.",Arno,739.99,"Arno BR",108626,,,https://images2.productserve.com/?w=200&h=200&bg=white&trim=5&t=letterbox&url=ssl%3Alojaarno.vteximg.com.br%2Farquivos%2Fids%2F166873_2&feedId=100096&k=f00f7e1c39e92b26a8e547ab8d455cb224d8dd9f,BRL,,,https://www.arno.com.br/ventilador-arno-eole-ultra-de-torre-neo2-1830009090/p?idsku=807&utm_source=googleshopping&utm_medium=cpc,,,BRL739.99,100096,,,,"73.99 BRL",,,,,,,1830009090,,3121040090909
https://www.awin1.com/pclick.php?p=40352632405&a=3093907&m=108626,"Liquidificador Arno Power Max Vermelho 1400W LN63",40352632405,803,https://lojaarno.vteximg.com.br/arquivos/ids/168450_2,"O Liquidificador Arno Power Max 1400W é para quem quer mais! São 15 velocidades e 1400W de potência, além de uma jarra super robusta de 3,1L de capacidade para fazer grandes quantidades para toda a família. Conta com o poder das lâminas Powelix Pro - 6 lâminas super afiadas que proporcionam diferentes ações no preparo. Com o Arno Power Max 1400W você tem máxima potência, eficiência e design para sua cozinha. Você imagina, clic, a Arno faz!",Arno,349.99,"Arno BR",108626,,,https://images2.productserve.com/?w=200&h=200&bg=white&trim=5&t=letterbox&url=ssl%3Alojaarno.vteximg.com.br%2Farquivos%2Fids%2F168450_2&feedId=100096&k=5ef61e06361e3a355ef1b9f0d9719df60d022cf4,BRL,,,https://www.arno.com.br/liquidificador-arno-powermax-vermelho-1400w-ln63-127v_2720018191_pai/p?idsku=803&utm_source=googleshopping&utm_medium=cpc,,,BRL349.99,100096,,,,"58.33 BRL",,,,,,,2720018191,,7895500765312
https://www.awin1.com/pclick.php?p=40492366262&a=3093907&m=108626,"Fritadeira sem Óleo Airfryer Arno Dual 8,3L Inox Digital 1800W AFD2",40492366262,808,https://lojaarno.vteximg.com.br/arquivos/ids/165436_2,"Conhe&ccedil;a a revolucion&aacute;ria fritadeira sem &oacute;leo Arno Airfry Dual, projetada para proporcionar uma experi&ecirc;ncia culin&aacute;ria completa para toda a fam&iacute;lia de uma s&oacute; vez. Equipada com dois cestos assim&eacute;tricos e independentes, sendo um grande com 5,2L para o prato principal e outro regular com 3,1L para o acompanhamento, esta fritadeira permite cozinhar em temperaturas e tempos diferentes simultaneamente. J&aacute; imaginou fazer um frango + batatas de uma s&oacute; vez? Sua refei&ccedil;&atilde;o completa pronta ao mesmo tempo.Ela conta com a fun&ccedil;&atilde;o SYNC, que sincroniza os tempos de cozimento dos cestos, garantindo refei&ccedil;&otilde;es perfeitamente preparadas e coordenadas. Eleve o seu padr&atilde;o de praticidade e versatilidade na cozinha com a fritadeira Arno Airfry Dual.",Arno,1149.99,"Arno BR",108626,,,https://images2.productserve.com/?w=200&h=200&bg=white&trim=5&t=letterbox&url=ssl%3Alojaarno.vteximg.com.br%2Farquivos%2Fids%2F165436_2&feedId=100096&k=02f0bfaf813fcd64698ef500a05dcac4ae06ec46,BRL,,,https://www.arno.com.br/fritadeira-sem-oleo-airfryer-arno-dual-5-2l-3-1l-inox-digital-1800w-afd2-1510002602/p?idsku=808&utm_source=googleshopping&utm_medium=cpc,,,BRL1149.99,100096,,,,"114.99 BRL",,,,,,,1510002602,,3045380026025
https://www.awin1.com/pclick.php?p=40352632407&a=3093907&m=108626,"Ferro a Seco Arno Drygliss com Base Antiaderente FS31",40352632407,805,https://lojaarno.vteximg.com.br/arquivos/ids/165618_2,"Conheça o Ferro de passar a Seco Arno Drygliss, seu aliado para cuidar das roupas! O ferro a seco equipado com uma base Antiaderente, ele não gruda nos tecidos e possui deslizamento agradável. Sinta a potência em suas mãos, com aquecimento rápido e eficiente para uma experiência de passar roupas sem estresse. Além disso, desfrute do máximo conforto com seu design leve de apenas 604g, cabo de 1,8m de comprimento e rotação em 360º, proporcionando liberdade total de movimento. Transforme a tarefa de passar roupas em um momento mais fácil com o Arno Drygliss!",Arno,99.99,"Arno BR",108626,,,https://images2.productserve.com/?w=200&h=200&bg=white&trim=5&t=letterbox&url=ssl%3Alojaarno.vteximg.com.br%2Farquivos%2Fids%2F165618_2&feedId=100096&k=c76d4d6da2c192b8767e9f123e7ff789c0219e28,BRL,,,https://www.arno.com.br/ferro-a-seco-arno-drygliss-com-base-antiaderente-fs31-127v_1830009185_pai/p?idsku=805&utm_source=googleshopping&utm_medium=cpc,,,BRL99.99,100096,,,,"99.99 BRL",,,,,,,1830009185,,3121040091852
https://www.awin1.com/pclick.php?p=40352632408&a=3093907&m=108626,"Fritadeira sem Óleo Airfryer Arno Mega 7,5L Digit Inox AFD7",40352632408,776,https://lojaarno.vteximg.com.br/arquivos/ids/165426_2,"Air Fry Mega Digital: Eficiência e Praticidade na Sua Cozinha Transforme suas Refeições com Saúde e Sabor! Descubra a Air Fry Mega Digital, a fritadeira com capacidade de 7,5L que traz eficiência e praticidade ao seu dia a dia. Ideal para preparar refeições para até 8 pessoas, ela garante crocância e sabor em cada receita, sendo perfeita para toda a família. Cozinha Saudável com Tecnologia Hot Air Com a tecnologia Hot Air, a Air Fry Mega Digital proporciona alimentos mais crocantes e saudáveis, sem necessidade de óleo. O temporizador de 60 minutos inclui um desligamento automático, adicionando segurança ao preparo, enquanto seu revestimento antiaderente facilita a limpeza, ideal para rotinas agitadas. Painel Digital com Funções Predefinidas O painel digital com 8 funções predefinidas simplifica o preparo de diversos pratos, desde batatas fritas e bife até peixe e sobremesas. A temperatura é ajustável até 200ºC, garantindo flexibilidade para cada receita. Alimentação saudável, prática e sem óleo, ao alcance de um toque! Aproveite as Ofertas da Black Friday! Aproveite as promoções de Air Fryer Black Friday para garantir a sua Air Fry Mega Digital e trazer mais saúde e sabor às suas refeições! Transforme sua experiência culinária com praticidade e economia nesta Black Friday.",Arno,649.99,"Arno BR",108626,,,https://images2.productserve.com/?w=200&h=200&bg=white&trim=5&t=letterbox&url=ssl%3Alojaarno.vteximg.com.br%2Farquivos%2Fids%2F165426_2&feedId=100096&k=72a1ca7464b31d37b2063478612f584f46d3c199,BRL,,,https://www.arno.com.br/air-fry-arno-mega-digital--7-5l-afd7/p?idsku=776&utm_source=googleshopping&utm_medium=cpc,,,BRL649.99,100096,,,,"64.99 BRL",,,,,,,1510002541,,3045380025417
https://www.awin1.com/pclick.php?p=40352632409&a=3093907&m=108626,"Liquidificador Arno Power Max XXL 1200W Carmim LN86",40352632409,810,https://lojaarno.vteximg.com.br/arquivos/ids/166621_2,"Conhe&ccedil;a o liquidificador Arno Power Max 1200W XXL! Ideal para preparos para toda fam&iacute;lia gra&ccedil;as a maior capacidade &uacute;til do mercado (2,25L), maior pot&ecirc;ncia (1200W) combinada com as 6 l&acirc;minas Powelix Pro para preparar as receitas mais dif&iacute;ceis. O liquidificador tamb&eacute;m conta com tecnologias exclusivas Autolock (Que impede vazamentos no encaixe da l&acirc;mina), Comfort Control (Controle cont&iacute;nuo de velocidades) e Limpa F&aacute;cil (L&acirc;minas remov&iacute;veis para melhor limpeza do produto), tornando sua vida mais f&aacute;cil, com mais tempo para curtir com sua fam&iacute;lia.",Arno,504.99,"Arno BR",108626,,,https://images2.productserve.com/?w=200&h=200&bg=white&trim=5&t=letterbox&url=ssl%3Alojaarno.vteximg.com.br%2Farquivos%2Fids%2F166621_2&feedId=100096&k=11617e3e238e91c54a51b2f78c7ea96600187689,BRL,,,https://www.arno.com.br/liquidificador-power-max-1200w-ln86-2720017894_pai/p?idsku=810&utm_source=googleshopping&utm_medium=cpc,,,BRL504.99,100096,,,,"50.49 BRL",,,,,,,2720017894,,7895500764643
https://www.awin1.com/pclick.php?p=40423878326&a=3093907&m=108626,"Liquidificador Arno Power Max XXL 1400W Cinza LN87",40423878326,812,https://lojaarno.vteximg.com.br/arquivos/ids/166632_2,"Conhe&ccedil;a o liquidificador Arno Power Max 1400W XXL! Ideal para preparos para toda fam&iacute;lia gra&ccedil;as a maior capacidade &uacute;til do mercado (2,25L), maior pot&ecirc;ncia (1400W) combinada com as 6 l&acirc;minas Powelix Pro para preparar as receitas mais dif&iacute;ceis. O liquidificador tamb&eacute;m conta com tecnologias exclusivas Autolock (Que impede vazamentos no encaixe da l&acirc;mina), Comfort Control (Controle cont&iacute;nuo de velocidades) e Limpa F&aacute;cil (L&acirc;minas remov&iacute;veis para melhor limpeza do produto), tornando sua vida mais f&aacute;cil, com mais tempo para curtir com sua fam&iacute;lia.",Arno,499.99,"Arno BR",108626,,,https://images2.productserve.com/?w=200&h=200&bg=white&trim=5&t=letterbox&url=ssl%3Alojaarno.vteximg.com.br%2Farquivos%2Fids%2F166632_2&feedId=100096&k=703e8de9de37193c119ad52f2b53ed63fc055708,BRL,,,https://www.arno.com.br/liquidificador-power-max-1400w-ln87-2720017891_pai/p?idsku=812&utm_source=googleshopping&utm_medium=cpc,,,BRL499.99,100096,,,,"55.55 BRL",,,,,,,2720017891,,7895500764667
https://www.awin1.com/pclick.php?p=40764029124&a=3093907&m=108626,"Kit 3 Ventiladores de Teto Arno Ultimate Bivolt Branco com 3 Pás e Controle Remoto VX13",40764029124,819,https://lojaarno.vteximg.com.br/arquivos/ids/167152_2,"Esse Kit cont&eacute;m: 2 Ventiladores de Teto Arno Ultimate Bivolt Branco com 3 P&aacute;s e Controle Remoto VX13 Bivolt. Tenha conforto e design com o novo Ventilador de Teto Arno Ultimate Bivolt Branco, ideal para cada momento do seu dia. O Arno Ultimate oferece m&aacute;xima ilumina&ccedil;&atilde;o com at&eacute; duas l&acirc;mpadas* iguais de at&eacute; 14 cm e 25m&sup2; de alcance do vento gra&ccedil;as ao seu novo motor Bivolt e pot&ecirc;ncia** de 150 Watts. Leve e f&aacute;cil de instalar com apenas 2 fios, al&eacute;m de ser seguro e est&aacute;vel. Conta com Controle Remoto*** com 6 velocidades + 4 fun&ccedil;&otilde;es:  Dormir: vento leve e super silencioso para uma noite de sono tranquila Brisa: fluxo de ar cont&iacute;nuo para um frescor similar ao vento natural Exaustor: que ao girar no sentido anti-hor&aacute;rio ajuda o ar circular mais amplamente para deixar o ambiente mais arejado Timer com programa&ccedil;&atilde;o de 1h &agrave; 8h, ideal para sua comodidade  Bot&otilde;es para desligar a Fun&ccedil;&atilde;o Timer e para Ligar/Desligar a luz. Seu design foi aprovado em pesquisas nacionais e &eacute; ganhador do Pr&ecirc;mio Selo Procel e nota A no Programa Brasileiro de Etiquetagem. Ventilador de Teto Arno Ultimate Bivolt Branco &ndash; voc&ecirc; imagina, clic, a Arno faz! *L&acirc;mpadas n&atilde;o inclu&iacute;das. **Pot&ecirc;ncia total considerando o aparelho com duas l&acirc;mpadas incandescentes conforme descrito no manual de instru&ccedil;&otilde;es. ***Funciona com duas pilhas do tipo AAA, n&atilde;o inclu&iacute;das.",Arno,2759.99,"Arno BR",108626,,,https://images2.productserve.com/?w=200&h=200&bg=white&trim=5&t=letterbox&url=ssl%3Alojaarno.vteximg.com.br%2Farquivos%2Fids%2F167152_2&feedId=100096&k=9d67823ddd386425fe99257d34bb2fff122239ce,BRL,,,https://www.arno.com.br/kit-3-ventiladores-de-teto-arno-ultimate-bivolt-branco-com-3-pas-e-controle-remo-kit_2720017434_v121/p?idsku=819&utm_source=googleshopping&utm_medium=cpc,,,BRL2759.99,100096,,,,"275.99 BRL",,,,,,,KIT_2720017434_V121,,1000043646691
https://www.awin1.com/pclick.php?p=40764029125&a=3093907&m=108626,"Kit 2 Ventiladores de Teto Arno Ultimate Bivolt Branco com 3 Pás e Controle Remoto VX13",40764029125,820,https://lojaarno.vteximg.com.br/arquivos/ids/167153_2,"Esse Kit cont&eacute;m: 2 Ventiladores de Teto Arno Ultimate Bivolt Branco com 3 P&aacute;s e Controle Remoto VX13 Bivolt. Tenha conforto e design com o novo Ventilador de Teto Arno Ultimate Bivolt Branco, ideal para cada momento do seu dia. O Arno Ultimate oferece m&aacute;xima ilumina&ccedil;&atilde;o com at&eacute; duas l&acirc;mpadas* iguais de at&eacute; 14 cm e 25m&sup2; de alcance do vento gra&ccedil;as ao seu novo motor Bivolt e pot&ecirc;ncia** de 150 Watts. Leve e f&aacute;cil de instalar com apenas 2 fios, al&eacute;m de ser seguro e est&aacute;vel. Conta com Controle Remoto*** com 6 velocidades + 4 fun&ccedil;&otilde;es:  Dormir: vento leve e super silencioso para uma noite de sono tranquila Brisa: fluxo de ar cont&iacute;nuo para um frescor similar ao vento natural Exaustor: que ao girar no sentido anti-hor&aacute;rio ajuda o ar circular mais amplamente para deixar o ambiente mais arejado Timer com programa&ccedil;&atilde;o de 1h &agrave; 8h, ideal para sua comodidade  Bot&otilde;es para desligar a Fun&ccedil;&atilde;o Timer e para Ligar/Desligar a luz. Seu design foi aprovado em pesquisas nacionais e &eacute; ganhador do Pr&ecirc;mio Selo Procel e nota A no Programa Brasileiro de Etiquetagem. Ventilador de Teto Arno Ultimate Bivolt Branco &ndash; voc&ecirc; imagina, clic, a Arno faz! *L&acirc;mpadas n&atilde;o inclu&iacute;das. **Pot&ecirc;ncia total considerando o aparelho com duas l&acirc;mpadas incandescentes conforme descrito no manual de instru&ccedil;&otilde;es. ***Funciona com duas pilhas do tipo AAA, n&atilde;o inclu&iacute;das.",Arno,1839.99,"Arno BR",108626,,,https://images2.productserve.com/?w=200&h=200&bg=white&trim=5&t=letterbox&url=ssl%3Alojaarno.vteximg.com.br%2Farquivos%2Fids%2F167153_2&feedId=100096&k=c13d3ea6414525be296ca93593b9ce0835b5b5ce,BRL,,,https://www.arno.com.br/kit-2-ventiladores-de-teto-arno-ultimate-bivolt-branco-com-3-pas-e-controle-remo-kit_2720017434_v120/p?idsku=820&utm_source=googleshopping&utm_medium=cpc,,,BRL1839.99,100096,,,,"183.99 BRL",,,,,,,KIT_2720017434_V120,,1000043646684
https://www.awin1.com/pclick.php?p=40352632412&a=3093907&m=108626,"Kit 2 Ventiladores de Teto Arno Ultimate Bivolt Preto com 3 Pás e Controle Remoto VX14",40352632412,821,https://lojaarno.vteximg.com.br/arquivos/ids/167154_2,"Esse Kit cont&eacute;m: 2 Ventiladores de Teto Arno Ultimate Bivolt Preto com 3 P&aacute;s e Controle Remoto VX14. Tenha conforto e design com o novo Ventilador de Teto Arno Ultimate Bivolt Preto, ideal para cada momento do seu dia. O Arno Ultimate oferece m&aacute;xima ilumina&ccedil;&atilde;o com at&eacute; duas l&acirc;mpadas* iguais de at&eacute; 14 cm e 25m&sup2; de alcance do vento gra&ccedil;as ao seu novo motor Bivolt e pot&ecirc;ncia** de 150 Watts. Leve e f&aacute;cil de instalar com apenas 2 fios, al&eacute;m de ser seguro e est&aacute;vel. Conta com Controle Remoto*** com 6 velocidades + 4 fun&ccedil;&otilde;es:  Dormir: vento leve e super silencioso para uma noite de sono tranquila Brisa: fluxo de ar cont&iacute;nuo para um frescor similar ao vento natural Exaustor: que ao girar no sentido anti-hor&aacute;rio ajuda o ar circular mais amplamente para deixar o ambiente mais arejado Timer com programa&ccedil;&atilde;o de 1h &agrave; 8h, ideal para sua comodidade  Bot&otilde;es para desligar a Fun&ccedil;&atilde;o Timer e para Ligar/Desligar a luz. Seu design foi aprovado em pesquisas nacionais e &eacute; ganhador do Pr&ecirc;mio Selo Procel e nota A no Programa Brasileiro de Etiquetagem. Ventilador de Teto Arno Ultimate Bivolt Preto &ndash; voc&ecirc; imagina, clic, a Arno faz! *L&acirc;mpadas n&atilde;o inclu&iacute;das. **Pot&ecirc;ncia total considerando o aparelho com duas l&acirc;mpadas incandescentes conforme descrito no manual de instru&ccedil;&otilde;es. ***Funciona com duas pilhas do tipo AAA, n&atilde;o inclu&iacute;das.",Arno,1839.99,"Arno BR",108626,,,https://images2.productserve.com/?w=200&h=200&bg=white&trim=5&t=letterbox&url=ssl%3Alojaarno.vteximg.com.br%2Farquivos%2Fids%2F167154_2&feedId=100096&k=c10d95f3f1386b49ab606007df1bfa1fdce90d7b,BRL,,,https://www.arno.com.br/kit-2-ventiladores-de-teto-arno-ultimate-bivolt-preto-com-3-pas-e-controle-remot-kit_2720017435_v122/p?idsku=821&utm_source=googleshopping&utm_medium=cpc,,,BRL1839.99,100096,,,,"183.99 BRL",,,,,,,KIT_2720017435_V122,,1000043646707
https://www.awin1.com/pclick.php?p=40352632413&a=3093907&m=108626,"Kit 3 Ventiladores de Teto Arno Ultimate Bivolt Preto com 3 Pás e Controle Remoto VX14",40352632413,822,https://lojaarno.vteximg.com.br/arquivos/ids/167155_2,"Esse Kit cont&eacute;m: 3 Ventiladores de Teto Arno Ultimate Bivolt Preto com 3 P&aacute;s e Controle Remoto VX14. Tenha conforto e design com o novo Ventilador de Teto Arno Ultimate Bivolt Preto, ideal para cada momento do seu dia. O Arno Ultimate oferece m&aacute;xima ilumina&ccedil;&atilde;o com at&eacute; duas l&acirc;mpadas* iguais de at&eacute; 14 cm e 25m&sup2; de alcance do vento gra&ccedil;as ao seu novo motor Bivolt e pot&ecirc;ncia** de 150 Watts. Leve e f&aacute;cil de instalar com apenas 2 fios, al&eacute;m de ser seguro e est&aacute;vel. Conta com Controle Remoto*** com 6 velocidades + 4 fun&ccedil;&otilde;es:  Dormir: vento leve e super silencioso para uma noite de sono tranquila Brisa: fluxo de ar cont&iacute;nuo para um frescor similar ao vento natural Exaustor: que ao girar no sentido anti-hor&aacute;rio ajuda o ar circular mais amplamente para deixar o ambiente mais arejado Timer com programa&ccedil;&atilde;o de 1h &agrave; 8h, ideal para sua comodidade  Bot&otilde;es para desligar a Fun&ccedil;&atilde;o Timer e para Ligar/Desligar a luz. Seu design foi aprovado em pesquisas nacionais e &eacute; ganhador do Pr&ecirc;mio Selo Procel e nota A no Programa Brasileiro de Etiquetagem. Ventilador de Teto Arno Ultimate Bivolt Preto &ndash; voc&ecirc; imagina, clic, a Arno faz! *L&acirc;mpadas n&atilde;o inclu&iacute;das. **Pot&ecirc;ncia total considerando o aparelho com duas l&acirc;mpadas incandescentes conforme descrito no manual de instru&ccedil;&otilde;es. ***Funciona com duas pilhas do tipo AAA, n&atilde;o inclu&iacute;das.",Arno,2759.99,"Arno BR",108626,,,https://images2.productserve.com/?w=200&h=200&bg=white&trim=5&t=letterbox&url=ssl%3Alojaarno.vteximg.com.br%2Farquivos%2Fids%2F167155_2&feedId=100096&k=c18a148fc5f99ad3e25a78d44b0252558a758747,BRL,,,https://www.arno.com.br/kit-3-ventiladores-de-teto-arno-ultimate-bivolt-preto-com-3-pas-e-controle-remot-kit_2720017435_v123/p?idsku=822&utm_source=googleshopping&utm_medium=cpc,,,BRL2759.99,100096,,,,"275.99 BRL",,,,,,,KIT_2720017435_V123,,1000043646714
https://www.awin1.com/pclick.php?p=40352632414&a=3093907&m=108626,"Liquidificador Arno Power Max 700W Branco com Jarra de 3,1 litros LN51",40352632414,105,https://lojaarno.vteximg.com.br/arquivos/ids/166522_2,"O liquidificador Arno Powermax 700W conta com a excelente combinação de potência (700W) e as 4 lâminas Powelix para um excelente preparo em suas receitas.Além disso, possui capacidade para toda a família, com copo de 3,1L.",Arno,294.99,"Arno BR",108626,,,https://images2.productserve.com/?w=200&h=200&bg=white&trim=5&t=letterbox&url=ssl%3Alojaarno.vteximg.com.br%2Farquivos%2Fids%2F166522_2&feedId=100096&k=c5a71260b1f908d6f9c8912ca48b7a0a8f1d54e7,BRL,,,https://www.arno.com.br/liquidificador-arno-power-max-700-ln51-branco-2720012724-pai/p?idsku=105&utm_source=googleshopping&utm_medium=cpc,,,BRL294.99,100096,,,,"58.99 BRL",,,,,,,2720012724,,7895500725781
https://www.awin1.com/pclick.php?p=40352632415&a=3093907&m=108626,"Liquidificador Arno Power Max Autolock 1400W Cinza Chumbo LN81",40352632415,833,https://lojaarno.vteximg.com.br/arquivos/ids/168445_2,"O liquidificador Arno Power Max Autolock 1400W é recheado de inovações para facilitar a sua vida! Além da grande potência, com 1400W, o produto possui tecnologia exclusiva anti vazamento Autolock, que garante o rosqueamento correto da lâmina no corpo do produto. Também possui tecnologia Limpa Fácil (Lâminas removíveis para melhor limpeza do produto). Tudo isso com a qualidade e design Arno.",Arno,479.99,"Arno BR",108626,,,https://images2.productserve.com/?w=200&h=200&bg=white&trim=5&t=letterbox&url=ssl%3Alojaarno.vteximg.com.br%2Farquivos%2Fids%2F168445_2&feedId=100096&k=b922aa167a0db7fc37d000ab861ef4a21f9b8a21,BRL,,,https://www.arno.com.br/liq-power-max-autolock-1400w-cz-127v-2720017367_pai/p?idsku=833&utm_source=googleshopping&utm_medium=cpc,,,BRL479.99,100096,,,,"53.33 BRL",,,,,,,2720017367,,7895500762724
https://www.awin1.com/pclick.php?p=40352632416&a=3093907&m=108626,"Aspirador de Pó Sem Fio Arno X-PERT 7.60 RH6A Bivolt",40352632416,838,https://lojaarno.vteximg.com.br/arquivos/ids/173128_2,"Descubra o Aspirador de P&oacute; Vers&aacute;til Sem Fio Arno X-PERT 7.60, sua solu&ccedil;&atilde;o para uma limpeza completa e eficiente. Com apenas 1,2 kg no formato aspirador de m&atilde;o e 2 kg no total, &eacute; incrivelmente leve e f&aacute;cil de manusear. Oferece 140W de pot&ecirc;ncia para alto poder de suc&ccedil;&atilde;o, combinando a tecnologia Ciclone e escova motorizada, garantindo alto poder de filtragem para todos os cantos de sua casa. Sua tecnologia sem fio proporciona maior liberdade de movimento. A bateria remov&iacute;vel de 18,5V de &iacute;ons de l&iacute;tio pode ser substitu&iacute;da rapidamente, sem interromper a limpeza. Possui longa autonomia de 45 minutos e recarga r&aacute;pida de apenas 3 horas. Inclui 6 acess&oacute;rios super vers&aacute;teis: escova para sof&aacute;s e estofados, escova turbo animal, 2 escovas grossas, acess&oacute;rio para frestas e rodap&eacute;s e base de carregamento com suporte para acess&oacute;rios. Al&eacute;m disso, a escova tradicional com luz LED oferece maior visibilidade durante a limpeza. Possui grande reservat&oacute;rio de p&oacute; com 440ml de capacidade e de manuseio f&aacute;cil e higi&ecirc;nico, para voc&ecirc; n&atilde;o ter contato com a sujeira ao esvazi&aacute;-lo. Transforme a limpeza da sua casa com o Arno X-PERT 7.60!",Arno,1399.99,"Arno BR",108626,,,https://images2.productserve.com/?w=200&h=200&bg=white&trim=5&t=letterbox&url=ssl%3Alojaarno.vteximg.com.br%2Farquivos%2Fids%2F173128_2&feedId=100096&k=f78d706df6e39de2649847c0f9dd725b145099fb,BRL,,,https://www.arno.com.br/aspirador-de-po-sem-fio-arno-x-pert-7-60-rh6a-bivolt-7211005254/p?idsku=838&utm_source=googleshopping&utm_medium=cpc,,,BRL1399.99,100096,,,,"139.99 BRL",,,,,,,7211005254,,3221616130845
https://www.awin1.com/pclick.php?p=40352632417&a=3093907&m=108626,"Aspirador de Pó Sem Fio Arno X-FORCE FLEX 9.60 RH20 Bivolt",40352632417,839,https://lojaarno.vteximg.com.br/arquivos/ids/169564_2,"Sua tecnologia sem fio proporciona maior liberdade de movimento. A bateria removível de 18,5V de íons de lítio pode ser substituída rapidamente, sem interromper a limpeza. Além disso, oferece uma longa autonomia de 45 minutos e recarga rápida de apenas 3 horas. A tecnologia exclusiva de tubo flexível garante alcance e ergonomia, enquanto o ajuste automático de sucção otimiza a limpeza em diferentes pisos, com 3 níveis de sucção. O grande reservatório de 450ml é fácil e higiênico de manusear, sem contato com a sujeira na hora de esvaziá-lo. Inclui 7 acessórios versáteis: escova para sofás e estofados, escova turbo animal, 2 escovas grossas, acessório para frestas e rodapés, base de carregamento e filtro extra. Além disso, a escova tradicional com luz LED oferece visibilidade durante a limpeza. Transforme sua rotina de limpeza da sua casa com o Arno X-FORCE FLEX 9.60!",Arno,1799.99,"Arno BR",108626,,,https://images2.productserve.com/?w=200&h=200&bg=white&trim=5&t=letterbox&url=ssl%3Alojaarno.vteximg.com.br%2Farquivos%2Fids%2F169564_2&feedId=100096&k=0e2a70af763f5746b4d9f6e636dcf8306d1fa845,BRL,,,https://www.arno.com.br/aspirador-de-po-sem-fio-arno-x-force-flex-9-60-rh20-bivolt-7211005253-pai/p?idsku=839&utm_source=googleshopping&utm_medium=cpc,,,BRL1799.99,100096,,,,"179.99 BRL",,,,,,,7211005253,,3221616130043
https://www.awin1.com/pclick.php?p=40764029126&a=3093907&m=108626,"Ventilador de Coluna 40cm Arno X-TREME 9, 9 PÁS, 160W VE9C",40764029126,840,https://lojaarno.vteximg.com.br/arquivos/ids/168454_2,"O Ventilador de Coluna 40cm Arno X-TREME 9, possui um longo alcance de ar de at&eacute; 12m, suas 9 p&aacute;s e pot&ecirc;ncia de 160W garantem &oacute;tima performance, conta com a Power Zone para o m&aacute;ximo de vento direcionado e a grade Chevron Zone que deixa o ventilador mais silencioso, trazendo muito mais conforto para suas noites de sono. S&atilde;o 3 velocidades, incluindo modo noturno mais silencioso. Design moderno e vers&aacute;til, f&aacute;cil de montar, transportar, desmontar para limpar e armazenar. Com 80&deg; de oscila&ccedil;&atilde;o, 4 inclina&ccedil;&otilde;es verticais e altura ajust&aacute;vel de at&eacute; 1,5 metros e cabo de enregia mais longo 2,4 metros. Tecnologia avan&ccedil;ada para efici&ecirc;ncia, praticidade e economia, com seguran&ccedil;a e durabilidade.",Arno,499.99,"Arno BR",108626,,,https://images2.productserve.com/?w=200&h=200&bg=white&trim=5&t=letterbox&url=ssl%3Alojaarno.vteximg.com.br%2Farquivos%2Fids%2F168454_2&feedId=100096&k=da432d85558ebbea2a978e289c8e7d32afee4d63,BRL,,,https://www.arno.com.br/ventilador-de-coluna-40cm-arno-x-treme-9-9-pas-160w-ve9c-2720018338-pai/p?idsku=840&utm_source=googleshopping&utm_medium=cpc,,,BRL499.99,100096,,,,"55.55 BRL",,,,,,,2720018338,,7895500765749
https://www.awin1.com/pclick.php?p=40352632419&a=3093907&m=108626,"Ventilador de Coluna 40cm Arno X-TREME 7, 7 PÁS, 150W VE7C",40352632419,842,https://lojaarno.vteximg.com.br/arquivos/ids/168452_2,"O Ventilador de Coluna 40cm Arno X-TREME 7 oferece longo alcance de ar de até 11m e alta performance, graças às suas 7 pás e potência de 150W. Conta com a Power Zone, que garante máximo vento direcionado, e a grade Chevron Zone, que reduz o ruído, proporcionando mais conforto, especialmente durante a noite.Possui 3 velocidades, incluindo um modo noturno ultra silencioso, ideal para um ambiente mais tranquilo.Seu design moderno e versátil facilita a montagem, transporte, desmontagem para limpeza e armazenamento.Com 80° de oscilação, 4 inclinações verticais, altura ajustável de até 1,5 metros e um cabo de energia mais longo, de 2,4 metros, oferece mais flexibilidade e praticidade no uso.Desenvolvido com tecnologia avançada, alia eficiência, praticidade e economia, sem abrir mão da segurança e durabilidade.",Arno,464.99,"Arno BR",108626,,,https://images2.productserve.com/?w=200&h=200&bg=white&trim=5&t=letterbox&url=ssl%3Alojaarno.vteximg.com.br%2Farquivos%2Fids%2F168452_2&feedId=100096&k=5b67e4091a1492935c4a3f091d550522198b27fe,BRL,,,https://www.arno.com.br/ventilador-de-coluna-40cm-arno-x-treme-7-7-pas-150w-ve7c-2720018330/p?idsku=842&utm_source=googleshopping&utm_medium=cpc,,,BRL464.99,100096,,,,"51.66 BRL",,,,,,,2720018330,,7895500765701
https://www.awin1.com/pclick.php?p=40352632420&a=3093907&m=108626,"Liquidificador Arno Power Max 700W Preto com Jarra de 3,1 litros LN50",40352632420,129,https://lojaarno.vteximg.com.br/arquivos/ids/166531_2,"O liquidificador Arno Powermax 700W conta com a excelente combinação de potência (700W) e as 4 lâminas Powelix para um excelente preparo em suas receitas.Além disso, possui capacidade para toda a família, com copo de 3,1L.",Arno,294.99,"Arno BR",108626,,,https://images2.productserve.com/?w=200&h=200&bg=white&trim=5&t=letterbox&url=ssl%3Alojaarno.vteximg.com.br%2Farquivos%2Fids%2F166531_2&feedId=100096&k=15610d7418df470af83e14ce77f22a5bdd26e3a2,BRL,,,https://www.arno.com.br/liquidificador-arno-power-max-700-ln50-preto-2720012726-pai/p?idsku=129&utm_source=googleshopping&utm_medium=cpc,,,BRL294.99,100096,,,,"58.99 BRL",,,,,,,2720012726,,7895500725804
https://www.awin1.com/pclick.php?p=40352632421&a=3093907&m=108626,"Kit Cafeteira Expresso e Torradeira Soleil Marfim - 127V",40352632421,849,https://lojaarno.vteximg.com.br/arquivos/ids/165774_2,"Transforme sua cozinha com a linha Soleil da Arno Marfim! Torradeira Soleil Arno: Ideal para caf&eacute;s da manh&atilde; e lanches, a Torradeira Soleil &eacute; perfeita para fatias finas ou grossas. Com 3 configura&ccedil;&otilde;es e um indicador luminoso para aquecer e descongelar, ela oferece 7 n&iacute;veis de tostagem para uma personaliza&ccedil;&atilde;o exata. A bandeja de migalhas remov&iacute;vel facilita a limpeza, e o sistema de autoeleva&ccedil;&atilde;o permite retirar at&eacute; as menores torradas com facilidade. Cafeteira Arno Espresso Steam e Pump Opio Soleil: Traga estilo e praticidade para sua cozinha com esta cafeteira que oferece a experi&ecirc;ncia completa de um caf&eacute; expresso perfeito. Com 15 BAR de press&atilde;o, configura&ccedil;&otilde;es manuais ajust&aacute;veis, bico vaporizador, aquecedor de x&iacute;caras e um reservat&oacute;rio de &aacute;gua de 1,2L, ela &eacute; ideal para os verdadeiros apreciadores de caf&eacute;. Inclui acess&oacute;rios de barista, como filtros, porta-filtros e uma colher medidora com compactador de p&oacute;, tudo em um design inovador no estilo retr&ocirc;. Imagine, clique, e a Arno faz!",Arno,1684.99,"Arno BR",108626,,,https://images2.productserve.com/?w=200&h=200&bg=white&trim=5&t=letterbox&url=ssl%3Alojaarno.vteximg.com.br%2Farquivos%2Fids%2F165774_2&feedId=100096&k=63516e827a8845501b0356aa8763ed45b34b3b5e,BRL,,,https://www.arno.com.br/kit-cafeteira-expresso-e-torradeira-soleil-marfim-kit_8010001230_v132/p?idsku=849&utm_source=googleshopping&utm_medium=cpc,,,BRL1684.99,100096,,,,"168.49 BRL",,,,,,,KIT_8010001230_V132,,1000043647124
https://www.awin1.com/pclick.php?p=40352632422&a=3093907&m=108626,"Vaporizador Arno Steam Travel, Dobrável e Portátil HS11",40352632422,851,https://lojaarno.vteximg.com.br/arquivos/ids/165706_2,"Apresentamos o Vaporizador de Roupas Arno Steam Travel, o companheiro ideal para suas viagens e retoques de última hora. Seu design compacto, dobrável e leve permite que você o leve para onde precisar, garantindo praticidade em qualquer lugar. Com um vapor contínuo de até 20g/min e aquecimento super rápido em apenas 25 segundos, este vaporizador é perfeito para desamassar suas roupas com facilidade e rapidez, deixando-as impecáveis em questão de minutos. Além disso, o Arno Steam Travel inclui um acessório de remoção de pelos, proporcionando roupas sem fiapos em instantes. E para maior conveniência durante suas viagens, acompanha uma bolsa de viagem para fácil transporte. Desfrute da praticidade e eficiência do Arno Steam Travel e mantenha suas roupas impecáveis em qualquer lugar que você vá.",Arno,269.99,"Arno BR",108626,,,https://images2.productserve.com/?w=200&h=200&bg=white&trim=5&t=letterbox&url=ssl%3Alojaarno.vteximg.com.br%2Farquivos%2Fids%2F165706_2&feedId=100096&k=e44776bee0b5a8f38711c641dbdc062d97c57c60,BRL,,,https://www.arno.com.br/vaporizador-arno-steam-travel-dobravel-e-portatil-hs11-1830009304/p?idsku=851&utm_source=googleshopping&utm_medium=cpc,,,BRL269.99,100096,,,,"53.99 BRL",,,,,,,1830009304,,3121040093047
https://www.awin1.com/pclick.php?p=40352632423&a=3093907&m=108626,"Vaporizador Arno Pure Pop Azul, Higieniza, HS20",40352632423,853,https://lojaarno.vteximg.com.br/arquivos/ids/173341_2,"Apresentamos o novo Vaporizador de Roupas Arno Pure Pop, uma super inovação da Arno com estilo e funcionalidade! Disponível em quatro cores vibrantes, este vaporizador não só desamassa suas roupas com facilidade, mas também adiciona um toque de elegância em seu dia-a-dia. O poderoso vapor contínuo de até 20g/min garante facilidade para desamassar, além de higienizar e desodorizar os tecidos. Além disso, seu aquecimento ultra rápido de apenas 15 segundos proporciona conveniência máxima quando você está com pressa, é perfeito para retoques de última hora. A tecnologia exclusiva de escova reversível é uma verdadeira revolução no cuidado das roupas. De um lado, o veludo trata os tecidos com delicadeza, enquanto do outro lado, o removedor de fiapos mantém suas roupas livres de pelos e fiapos, garantindo um visual impecável em todos os momentos. Com um design compacto, fino e leve - pesando menos de 1kg - o Arno Pure Pop é fácil de armazenar e transportar para qualquer lugar, proporcionando conveniência onde quer que você vá. Experimente a combinação perfeita de estilo, praticidade e eficiência com o Vaporizador de Roupas Arno Pure Pop e transforme sua rotina de cuidados com as roupas em uma experiência alegre e colorida!",Arno,389.99,"Arno BR",108626,,,https://images2.productserve.com/?w=200&h=200&bg=white&trim=5&t=letterbox&url=ssl%3Alojaarno.vteximg.com.br%2Farquivos%2Fids%2F173341_2&feedId=100096&k=1da1fb5539e0bb431837deb97e1242a4d34e12b9,BRL,,,https://www.arno.com.br/vaporizador-arno-pure-pop-azul-higieniza-hs20-1830009296/p?idsku=853&utm_source=googleshopping&utm_medium=cpc,,,BRL389.99,100096,,,,"55.71 BRL",,,,,,,1830009296,,3121040092965
https://www.awin1.com/pclick.php?p=40352632424&a=3093907&m=108626,"Vaporizador Arno Pure Pop Amarelo, Higieniza, HS26",40352632424,855,https://lojaarno.vteximg.com.br/arquivos/ids/173317_2,"Apresentamos o novo Vaporizador de Roupas Arno Pure Pop, uma super inovação da Arno com estilo e funcionalidade! Disponível em quatro cores vibrantes, este vaporizador não só desamassa suas roupas com facilidade, mas também adiciona um toque de elegância em seu dia-a-dia. O poderoso vapor contínuo de até 20g/min garante facilidade para desamassar, além de higienizar e desodorizar os tecidos. Além disso, seu aquecimento ultra rápido de apenas 15 segundos proporciona conveniência máxima quando você está com pressa, é perfeito para retoques de última hora. A tecnologia exclusiva de escova reversível é uma verdadeira revolução no cuidado das roupas. De um lado, o veludo trata os tecidos com delicadeza, enquanto do outro lado, o removedor de fiapos mantém suas roupas livres de pelos e fiapos, garantindo um visual impecável em todos os momentos. Com um design compacto, fino e leve - pesando menos de 1kg - o Arno Pure Pop é fácil de armazenar e transportar para qualquer lugar, proporcionando conveniência onde quer que você vá. Experimente a combinação perfeita de estilo, praticidade e eficiência com o Vaporizador de Roupas Arno Pure Pop e transforme sua rotina de cuidados com as roupas em uma experiência alegre e colorida!",Arno,389.99,"Arno BR",108626,,,https://images2.productserve.com/?w=200&h=200&bg=white&trim=5&t=letterbox&url=ssl%3Alojaarno.vteximg.com.br%2Farquivos%2Fids%2F173317_2&feedId=100096&k=17f46aefb39fc915e9a9ae1895fb37772da0d962,BRL,,,https://www.arno.com.br/vaporizador-arno-pure-pop-amarelo-higieniza-hs26-1830009301/p?idsku=855&utm_source=googleshopping&utm_medium=cpc,,,BRL389.99,100096,,,,"55.71 BRL",,,,,,,1830009301,,3121040093016
https://www.awin1.com/pclick.php?p=40352632425&a=3093907&m=108626,"Vaporizador Arno Pure Pop Coral, Higieniza, HS22 - 127V",40352632425,857,https://lojaarno.vteximg.com.br/arquivos/ids/173377_2,"Apresentamos o novo Vaporizador de Roupas Arno Pure Pop, uma super inovação da Arno com estilo e funcionalidade! Disponível em quatro cores vibrantes, este vaporizador não só desamassa suas roupas com facilidade, mas também adiciona um toque de elegância em seu dia-a-dia. O poderoso vapor contínuo de até 20g/min garante facilidade para desamassar, além de higienizar e desodorizar os tecidos. Além disso, seu aquecimento ultra rápido de apenas 15 segundos proporciona conveniência máxima quando você está com pressa, é perfeito para retoques de última hora. A tecnologia exclusiva de escova reversível é uma verdadeira revolução no cuidado das roupas. De um lado, o veludo trata os tecidos com delicadeza, enquanto do outro lado, o removedor de fiapos mantém suas roupas livres de pelos e fiapos, garantindo um visual impecável em todos os momentos. Com um design compacto, fino e leve - pesando menos de 1kg - o Arno Pure Pop é fácil de armazenar e transportar para qualquer lugar, proporcionando conveniência onde quer que você vá. Experimente a combinação perfeita de estilo, praticidade e eficiência com o Vaporizador de Roupas Arno Pure Pop e transforme sua rotina de cuidados com as roupas em uma experiência alegre e colorida!",Arno,389.99,"Arno BR",108626,,,https://images2.productserve.com/?w=200&h=200&bg=white&trim=5&t=letterbox&url=ssl%3Alojaarno.vteximg.com.br%2Farquivos%2Fids%2F173377_2&feedId=100096&k=c752434bae908fea93937282a1aee518647a2a44,BRL,,,https://www.arno.com.br/vaporizador-arno-pure-pop-coral-higieniza-hs22-1830009300/p?idsku=857&utm_source=googleshopping&utm_medium=cpc,,,BRL389.99,100096,,,,"55.71 BRL",,,,,,,1830009300,,3121040093009
https://www.awin1.com/pclick.php?p=40352632426&a=3093907&m=108626,"Vaporizador Arno Pure Pop Verde, Higieniza, HS24 - 127V",40352632426,858,https://lojaarno.vteximg.com.br/arquivos/ids/165751_2,"Apresentamos o novo Vaporizador de Roupas Arno Pure Pop, uma super inovação da Arno com estilo e funcionalidade! Disponível em quatro cores vibrantes, este vaporizador não só desamassa suas roupas com facilidade, mas também adiciona um toque de elegância em seu dia-a-dia. O poderoso vapor contínuo de até 20g/min garante facilidade para desamassar, além de higienizar e desodorizar os tecidos. Além disso, seu aquecimento ultra rápido de apenas 15 segundos proporciona conveniência máxima quando você está com pressa, é perfeito para retoques de última hora. A tecnologia exclusiva de escova reversível é uma verdadeira revolução no cuidado das roupas. De um lado, o veludo trata os tecidos com delicadeza, enquanto do outro lado, o removedor de fiapos mantém suas roupas livres de pelos e fiapos, garantindo um visual impecável em todos os momentos. Com um design compacto, fino e leve - pesando menos de 1kg - o Arno Pure Pop é fácil de armazenar e transportar para qualquer lugar, proporcionando conveniência onde quer que você vá. Experimente a combinação perfeita de estilo, praticidade e eficiência com o Vaporizador de Roupas Arno Pure Pop e transforme sua rotina de cuidados com as roupas em uma experiência alegre e colorida!",Arno,389.99,"Arno BR",108626,,,https://images2.productserve.com/?w=200&h=200&bg=white&trim=5&t=letterbox&url=ssl%3Alojaarno.vteximg.com.br%2Farquivos%2Fids%2F165751_2&feedId=100096&k=7cc73c84f29ea0c5fc070fe9b46dcea0b1a6fd9d,BRL,,,https://www.arno.com.br/vaporizador-arno-pure-pop-verde-higieniza-hs24-1830009299/p?idsku=858&utm_source=googleshopping&utm_medium=cpc,,,BRL389.99,100096,,,,"55.71 BRL",,,,,,,1830009299,,3121040092996
https://www.awin1.com/pclick.php?p=40352632428&a=3093907&m=108626,"Vaporizador Arno Steam Home, Higieniza, Branco e Cinza, US32",40352632428,859,https://lojaarno.vteximg.com.br/arquivos/ids/165759_2,"Transforme a rotina de cuidados com as roupas em uma experiência versátil e estilosa com o Vaporizador de Roupas Vertical Arno Steam Home. Este aparelho não apenas cuida das suas roupas, mas também adiciona um toque minimalista à decoração da sua casa, integrando-se facilmente ao seu ambiente. Com resultados super rápidos e eficientes, graças ao vapor contínuo super poderoso de até 38g/min e 1830W de potência, está sempre pronto para uso em apenas 45 segundos, tornando-o ideal para retoques de última hora. Além disso, sua versatilidade é incomparável, com três níveis de vapor que garantem cuidados ideais para qualquer tipo de tecido. Experimente o Modo ECO para economia de energia elétrica com eficiência. Descubra uma maneira conveniente e elegante de cuidar das suas roupas com o Arno Steam Home.",Arno,924.99,"Arno BR",108626,,,https://images2.productserve.com/?w=200&h=200&bg=white&trim=5&t=letterbox&url=ssl%3Alojaarno.vteximg.com.br%2Farquivos%2Fids%2F165759_2&feedId=100096&k=c64e65e5270ce0a5412a6bfb666fa9a52ed75e41,BRL,,,https://www.arno.com.br/vaporizador-arno-steam-home-higieniza-branco-e-cinza-us32-7211005263/p?idsku=859&utm_source=googleshopping&utm_medium=cpc,,,BRL924.99,100096,,,,"92.49 BRL",,,,,,,7211005263,,3121047252638
https://www.awin1.com/pclick.php?p=40352632429&a=3093907&m=108626,"Kit Cafeteira e Torradeira Soleil Preta",40352632429,844,https://lojaarno.vteximg.com.br/arquivos/ids/169226_2,"Transforme sua cozinha com a linha Soleil da Arno Preta! Torradeira Soleil Arno: Ideal para seus caf&eacute;s da manh&atilde; e lanches, a Torradeira Soleil &eacute; perfeita para fatias finas ou grossas. Com 3 configura&ccedil;&otilde;es e um indicador luminoso para aquecer e descongelar, ela oferece 7 n&iacute;veis de tostagem para uma personaliza&ccedil;&atilde;o exata. A bandeja de migalhas remov&iacute;vel torna a limpeza mais pr&aacute;tica, e o sistema de autoeleva&ccedil;&atilde;o facilita a remo&ccedil;&atilde;o at&eacute; das menores torradas. Chaleira Soleil Arno: Com um design e cor &uacute;nicos, a Chaleira Soleil vai deixar sua cozinha ainda mais charmosa. Conta com dois visores laterais para monitorar o n&iacute;vel de &aacute;gua e uma grande capacidade de 1,7L. Seu acabamento cromado e a base girat&oacute;ria 360&deg; facilitam o manuseio, enquanto o bico serve com precis&atilde;o e a chave liga-desliga possui um indicador luminoso. Imagine, clique, e a Arno faz!",Arno,829.99,"Arno BR",108626,,,https://images2.productserve.com/?w=200&h=200&bg=white&trim=5&t=letterbox&url=ssl%3Alojaarno.vteximg.com.br%2Farquivos%2Fids%2F169226_2&feedId=100096&k=bcca43d78768bac636d2a952f88d8a3bd2a8299e,BRL,,,https://www.arno.com.br/kit-cafeteira-e-torradeira-soleil-preta-kit_7211419321_v126/p?idsku=844&utm_source=googleshopping&utm_medium=cpc,,,BRL829.99,100096,,,,"82.99 BRL",,,,,,,KIT_7211419321_V126,,1000043647063
https://www.awin1.com/pclick.php?p=40352632430&a=3093907&m=108626,"Kit Cafeteira, Chaleira e Torradeira Soleil Preta",40352632430,845,https://lojaarno.vteximg.com.br/arquivos/ids/169256_2,"Transforme sua cozinha com a linha Soleil da Arno Preta! Torradeira Soleil Arno: Perfeita para seus caf&eacute;s da manh&atilde; e lanches, a Torradeira Soleil oferece versatilidade para fatias finas ou grossas. Com 3 configura&ccedil;&otilde;es e um indicador luminoso para aquecer e descongelar, ela possui 7 n&iacute;veis de tostagem para uma personaliza&ccedil;&atilde;o ideal. A bandeja de migalhas remov&iacute;vel facilita a limpeza, e o sistema de autoeleva&ccedil;&atilde;o permite retirar at&eacute; as menores torradas com facilidade. Chaleira Soleil Arno: Com um design e cor &uacute;nicos, a Chaleira Soleil vai tornar sua cozinha ainda mais atraente. Conta com dois visores laterais para monitorar o n&iacute;vel de &aacute;gua e tem uma capacidade generosa de 1,7L. Seu acabamento cromado e a base girat&oacute;ria 360&deg; facilitam o manuseio. Al&eacute;m disso, o bico serve com precis&atilde;o e a chave liga-desliga vem com um indicador luminoso. Cafeteira Soleil Arno: A Cafeteira Soleil combina um design elegante com funcionalidades pr&aacute;ticas. Possui um timer program&aacute;vel para preparar caf&eacute; fresco assim que voc&ecirc; acorda e um sistema auto off que desliga automaticamente ap&oacute;s 30 minutos para sua seguran&ccedil;a. Com um sistema corta-gotas, voc&ecirc; pode retirar o jarro a qualquer momento para servir seu caf&eacute;. A jarra tem capacidade de 1,25L e acesso f&aacute;cil ao recipiente de &aacute;gua, com um indicador transparente na lateral. Imagine, clique, e a Arno faz!",Arno,1244.99,"Arno BR",108626,,,https://images2.productserve.com/?w=200&h=200&bg=white&trim=5&t=letterbox&url=ssl%3Alojaarno.vteximg.com.br%2Farquivos%2Fids%2F169256_2&feedId=100096&k=995f0cab878e384af9e020e214f377a6a7466003,BRL,,,https://www.arno.com.br/kit-cafeteira-chaleira-e-torradeira-soleil-preta-kit_7211419321_v128/p?idsku=845&utm_source=googleshopping&utm_medium=cpc,,,BRL1244.99,100096,,,,"124.49 BRL",,,,,,,KIT_7211419321_V128,,1000043647087
https://www.awin1.com/pclick.php?p=40352632431&a=3093907&m=108626,"Kit Chaleira e Torradeira Soleil Preta",40352632431,847,https://lojaarno.vteximg.com.br/arquivos/ids/169277_2,"Transforme sua cozinha com a linha Soleil da Arno Preta! Torradeira Soleil Arno: Ideal para seus caf&eacute;s da manh&atilde; e lanches, a Torradeira Soleil &eacute; perfeita para fatias finas ou grossas. Com 3 configura&ccedil;&otilde;es e um indicador luminoso para aquecer e descongelar, ela oferece 7 n&iacute;veis de tostagem para uma personaliza&ccedil;&atilde;o exata. A bandeja de migalhas remov&iacute;vel torna a limpeza mais pr&aacute;tica, e o sistema de autoeleva&ccedil;&atilde;o facilita a remo&ccedil;&atilde;o at&eacute; das menores torradas. Chaleira Soleil Arno: Com um design e cor &uacute;nicos, a Chaleira Soleil vai deixar sua cozinha ainda mais charmosa. Conta com dois visores laterais para monitorar o n&iacute;vel de &aacute;gua e uma grande capacidade de 1,7L. Seu acabamento cromado e a base girat&oacute;ria 360&deg; facilitam o manuseio, enquanto o bico serve com precis&atilde;o e a chave liga-desliga possui um indicador luminoso. Imagine, clique, e a Arno faz!",Arno,829.99,"Arno BR",108626,,,https://images2.productserve.com/?w=200&h=200&bg=white&trim=5&t=letterbox&url=ssl%3Alojaarno.vteximg.com.br%2Farquivos%2Fids%2F169277_2&feedId=100096&k=50dabfc7729ce75bb876eb2e9dbc587141e1ce84,BRL,,,https://www.arno.com.br/kit-chaleira-e-torradeira-soleil-preta-kit_7211419301_v130/p?idsku=847&utm_source=googleshopping&utm_medium=cpc,,,BRL829.99,100096,,,,"82.99 BRL",,,,,,,KIT_7211419301_V130,,1000043647100
https://www.awin1.com/pclick.php?p=40352632432&a=3093907&m=108626,"Cafeteira Elétrica Arno Espresso Steam e Pump Inox 1L CESP",40352632432,861,https://lojaarno.vteximg.com.br/arquivos/ids/169740_2,"Máquina de Café Espresso oferece uma experiência perfeita através de uma estrutura compacta e elegante. A Arno Virtuoso+ possui um sistema de bomba com 15 bars de pressão, permitindo a extração de um delicioso café espresso repleto de sabor e aroma. Seu painel é intuitivo e fácil de usar, com interrupção automática do fluxo de café. A máquina conta ainda com uma bandeja removível e um bico vaporizador de alta qualidade com modos duplos – espuma ou aquecimento – tudo pensado para obter bebidas perfeitas à base de café. Ela vem equipada com o sistema Thermoblock, responsável pelo rápido aquecimento da bomba, e acompanha acessórios de barista, como colher medidora com compactador de pó, porta-filtro, além de filtros simples e duplos. O design do porta-filtro, com gancho na alça, facilita a remoção das borras de café.",Arno,1699.99,"Arno BR",108626,,,https://images2.productserve.com/?w=200&h=200&bg=white&trim=5&t=letterbox&url=ssl%3Alojaarno.vteximg.com.br%2Farquivos%2Fids%2F169740_2&feedId=100096&k=f003be787c4ea3e00e4a2d5d87bef260972e2176,BRL,,,https://www.arno.com.br/cafeteira-eletrica-arno-espresso-steam-e-pump-inox-1l-cesp-8010001320/p?idsku=861&utm_source=googleshopping&utm_medium=cpc,,,BRL1699.99,100096,,,,"169.99 BRL",,,,,,,8010001320,,3016661178542
https://www.awin1.com/pclick.php?p=40352632433&a=3093907&m=108626,"Sanduicheira Grill Arno Compact Preto GPTO",40352632433,863,https://lojaarno.vteximg.com.br/arquivos/ids/167142_2,"Grill compacto te ajuda a preparar diferentes alimentos de forma fácil e prática. Sua placa é antiaderente e em formato grelha, sendo considerado um produto compacto e de fácil limpeza. Sua placa superior é ajustável, se adaptando à altura do alimento que está sendo preparado. Possui alça permanente e fria, trazendo maior segurança no momento da utilização, além de uma trava lateral para fechamento seguro. Possui um indicador de luz vermelha que indica que o produto está ligado e quente, para que possa prosseguir com sua refeição.",Arno,239.99,"Arno BR",108626,,,https://images2.productserve.com/?w=200&h=200&bg=white&trim=5&t=letterbox&url=ssl%3Alojaarno.vteximg.com.br%2Farquivos%2Fids%2F167142_2&feedId=100096&k=6ad12bbbf8c6e0acdad530f0663d78ae0133c619,BRL,,,https://www.arno.com.br/grill-arno-compact-preto-gpto-8010001307_pai/p?idsku=863&utm_source=googleshopping&utm_medium=cpc,,,BRL239.99,100096,,,,"59.99 BRL",,,,,,,8010001307,,3016661178214
https://www.awin1.com/pclick.php?p=40352632434&a=3093907&m=108626,"Mixer Portátil Arno Turbomix Pro 3 em 1 Inox com 400W e Copo Medidor MX31",40352632434,11,https://lojaarno.vteximg.com.br/arquivos/ids/166808_2,"O Mixer TurboMix Pro 3 em 1 da Arno conta com 400W de potência, 2 velocidades e lâminas de aço inoxidável mais largas, entregando resultados perfeitos em pouco tempo.Acompanha um copo medidor de 500ml e um processador de 600ml, ideal para picar alho, cebola e até mesmo carnes.Além disso, inclui um acessório batedor, perfeito para preparar claras em neve ou massas leves.Tudo isso com muita praticidade, fácil de usar e compacto para guardar.",Arno,404.99,"Arno BR",108626,,,https://images2.productserve.com/?w=200&h=200&bg=white&trim=5&t=letterbox&url=ssl%3Alojaarno.vteximg.com.br%2Farquivos%2Fids%2F166808_2&feedId=100096&k=e810907ca69d2f66131b169eb101c19e2be1aecc,BRL,,,https://www.arno.com.br/mixer-arno-turbomix-pro-3-em-1-mx31-preto-8010000536-pai/p?idsku=11&utm_source=googleshopping&utm_medium=cpc,,,BRL404.99,100096,,,,"50.62 BRL",,,,,,,8010000536,,3016661154614
https://www.awin1.com/pclick.php?p=40352632435&a=3093907&m=108626,"Multiprocessador Arno 700W 16 Funções Marfim MP62",40352632435,902,https://lojaarno.vteximg.com.br/arquivos/ids/169567_2,"Multichef 16 funções conta com 700W de potência, 2 velocidades e 4 acessórios, permitindo picar, ralar, fatiar e liquidificar - Receitas mais práticas e rápidas com seu multiprocessador multichef Arno. Com suas 16 funções, você terá muita praticidade e versatilidade para suas receitas, podendo bater massas pesadas e leves, ralar legumes duros e macios, picar legumes e carnes, liquidificar alimentos e muito mais! Crie suas receitas usando apenas o Multichef 16 funções!",Arno,554.99,"Arno BR",108626,,,https://images2.productserve.com/?w=200&h=200&bg=white&trim=5&t=letterbox&url=ssl%3Alojaarno.vteximg.com.br%2Farquivos%2Fids%2F169567_2&feedId=100096&k=6de891343a78664e99e84decc584b67d0a2c5fcb,BRL,,,https://www.arno.com.br/multiprocessador-arno-700w-16-funcoes-marfim-mp62-2720018171/p?idsku=902&utm_source=googleshopping&utm_medium=cpc,,,BRL554.99,100096,,,,"55.49 BRL",,,,,,,2720018171,,7895500765336
https://www.awin1.com/pclick.php?p=40352632436&a=3093907&m=108626,"Multiprocessador Arno 700W 24 Funções Preto MP72",40352632436,904,https://lojaarno.vteximg.com.br/arquivos/ids/169569_2,"O multiprocessador Arno Multichef oferece 24 funçoes, conta com 700W de potência, 2 velocidades e 7 acessórios, permitindo picar, ralar, fatiar, bater massas, espremer sucos e liquidificar alimentos, para receitas mais práticas e rápidas. Com suas 24 funções, você terá muita praticidade e versatilidade para suas receitas, podendo bater massas pesadas e leves, espremer sucos, liquidificar alimentos, ralar legumes duros e macios, picar legumes e carnes, fazer maioneses, molhos, chantilly e muito mais! Crie suas receitas usando apenas o Multichef 24 funções!",Arno,599.99,"Arno BR",108626,,,https://images2.productserve.com/?w=200&h=200&bg=white&trim=5&t=letterbox&url=ssl%3Alojaarno.vteximg.com.br%2Farquivos%2Fids%2F169569_2&feedId=100096&k=ac3f2a0df39f4874468b16654a5c09de6a67590f,BRL,,,https://www.arno.com.br/multiprocessador-arno-700w-24-funcoes-preto-mp72-2720018173/p?idsku=904&utm_source=googleshopping&utm_medium=cpc,,,BRL599.99,100096,,,,"59.99 BRL",,,,,,,2720018173,,7895500765350
https://www.awin1.com/pclick.php?p=40352632437&a=3093907&m=108626,"Multiprocessador de Alimentos Arno Multichef 7 em 1 700W e Jarra de 3,1L de capacidade MP74",40352632437,137,https://lojaarno.vteximg.com.br/arquivos/ids/156203_2,"O Multiprocessador Arno Multichef 7 em 1 chegou para que voc&ecirc; possa explorar sua imagina&ccedil;&atilde;o e criar as mais variadas receitas do seu jeito! Ele vem com v&aacute;rios acess&oacute;rios! Voc&ecirc; pode preparar todas as refei&ccedil;&otilde;es que quiser, com 1 s&oacute; processador: conta com 1 l&acirc;mina processadora com faca em a&ccedil;o inoxid&aacute;vel para picar cebola, temperos, carne e muito mais! - 1 l&acirc;mina para ralar fino com alt&iacute;ssima precis&atilde;o - rala cenoura, batata, queijo, coco e os mais variados tipos de ingredientes; - 1 l&acirc;mina de fatiar, para pepino, salame e outros; - 1 batedor de massas pesadas, como p&atilde;es e massa de pizza; - 1 emulsificador, para fazer claras em neve, maioneses e molhos; - 1 espremedor para fazer sucos fresquinhos e deliciosos. - 1 Super jarra de liquidificador com 3,1L de capacidade total. Voc&ecirc; vai picar, ralar, fatiar, bater massas pesadas, emulsificar, espremer um delicioso suco sem baga&ccedil;os e liquidificar as mais variadas receitas. Possui tamb&eacute;m o sistema secure lock com clic sonoro e visual para travamento do produto, que garante total seguran&ccedil;a no manuseio. Al&eacute;m disso, possui 2 velocidades + pulsar e 700W de pot&ecirc;ncia. O produto atrela versatilidade &agrave; pot&ecirc;ncia, para diversos tipos de preparo! Voc&ecirc; imagina, clic, a Arno faz!",Arno,634.99,"Arno BR",108626,,,https://images2.productserve.com/?w=200&h=200&bg=white&trim=5&t=letterbox&url=ssl%3Alojaarno.vteximg.com.br%2Farquivos%2Fids%2F156203_2&feedId=100096&k=315b1d5a7e5b41fb788853ec1c12d8088d2deb71,BRL,,,https://www.arno.com.br/processador-de-alimentos-multichef-7-em-1-vermelho-mp74-2720013475-pai/p?idsku=137&utm_source=googleshopping&utm_medium=cpc,,,BRL634.99,100096,,,,"63.49 BRL",,,,,,,2720013475,,7895500726191
https://www.awin1.com/pclick.php?p=40352632438&a=3093907&m=108626,"Liquidificador Arno Power Max Limpa Fácil 700W Vermelho com Lâminas Removíveis e Jarra de 3,1L LN61",40352632438,133,https://lojaarno.vteximg.com.br/arquivos/ids/173677_2,"Voc&ecirc; pediu e a Arno trouxe!  Praticidade e efici&ecirc;ncia em um s&oacute; produto com o novo Liquidificador Arno Power Max 700 Limpa F&aacute;cil, com sistema super seguro de l&acirc;mina remov&iacute;vel que torna a limpeza simples e r&aacute;pida.  Prepare sucos, sopas, molhos, vitaminas e muito e agilize na limpeza com o exclusivo sistema Limpa F&aacute;cil que possibilita que voc&ecirc; remova as l&acirc;minas de forma segura para limpar profundamente o copo. Basta desrosquear a base com as l&acirc;minas, lavar, fixar novamente e seu liquidificar est&aacute; pronto para ser usado novamente!  O novo Liquidificador Arno Power Max 700 Limpa F&aacute;cil tamb&eacute;m conta com as exclusivas l&acirc;minas POWELIX, que s&atilde;o mais poderosas, dur&aacute;veis e precisas at&eacute; hoje desenvolvidas pela Arno.  Com desempenho superior e qualidade da marca que &eacute; especialista h&aacute; mais de 65 anos em liquidificadores, elas s&atilde;o 3 vezes mais eficientes, gra&ccedil;as &agrave; sua ultraresist&ecirc;ncia, alto poder de corte e possui l&acirc;minas de corte na angula&ccedil;&atilde;o correta para processar at&eacute; os ingredientes mais duros e que podem ser usadas para diferentes preparos, sem que seja necess&aacute;rio pr&eacute;-cortar em pequenos peda&ccedil;os, garantindo a mistura perfeita de forma r&aacute;pida e eficaz no dia a dia da sua cozinha.  Com copo de 3,1 litros de capacidade, fun&ccedil;&atilde;o pulsar, autolimpeza e painel moderno, o novo Liquidificador Arno Power Max 700 Limpa F&aacute;cil triture tudo, sem deixar peda&ccedil;os e facilita a limpeza profunda do seu produto.  Voc&ecirc; imagina, clic, a Arno faz.",Arno,319.99,"Arno BR",108626,,,https://images2.productserve.com/?w=200&h=200&bg=white&trim=5&t=letterbox&url=ssl%3Alojaarno.vteximg.com.br%2Farquivos%2Fids%2F173677_2&feedId=100096&k=24447e2106a2998ca6f2a661639dc1bd08794808,BRL,,,https://www.arno.com.br/liquidificador-arno-power-max-700-limpa-facil-ln61-vm-2720013601-pai/p?idsku=133&utm_source=googleshopping&utm_medium=cpc,,,BRL319.99,100096,,,,"53.33 BRL",,,,,,,2720013601,,7895500726344
https://www.awin1.com/pclick.php?p=40352632439&a=3093907&m=108626,"Mixer Portátil Turbomix Arno Duo 200W com Copo Medidor MX21",40352632439,9,https://lojaarno.vteximg.com.br/arquivos/ids/166800_2,"O TurboMix Duo da Arno chegou com a praticidade e eficiência que você precisa no dia a dia.Possui lâmina de aço inoxidável, super durável e resistente à ferrugem. Além disso, pode ser usado diretamente na panela ou levado à máquina de lavar louças.Conta com 200W de potência e acompanha um copo medidor de 500ml.Tudo isso com muita praticidade, fácil de usar e compacto para guardar.",Arno,199.99,"Arno BR",108626,,,https://images2.productserve.com/?w=200&h=200&bg=white&trim=5&t=letterbox&url=ssl%3Alojaarno.vteximg.com.br%2Farquivos%2Fids%2F166800_2&feedId=100096&k=7a27e440652af0e6f24cf343de38b68173f76aa7,BRL,,,https://www.arno.com.br/mixer-arno-turbomix-duo-mx21-preto-8010000538-pai/p?idsku=9&utm_source=googleshopping&utm_medium=cpc,,,BRL199.99,100096,,,,"66.66 BRL",,,,,,,8010000538,,3016661154638
https://www.awin1.com/pclick.php?p=40352632440&a=3093907&m=108626,"Cafeteira Filtro Arno Preferita Inox com 750ml de Capacidade e Jarra de Vidro CFPF",40352632440,15,https://lojaarno.vteximg.com.br/arquivos/ids/155536_2,"Desfrute de uma deliciosa xícara de café quente com a cafeteira Arno Preferita, projetada para tornar o preparo do seu café mais simples e sem complicações. Com um tanque de água fácil de encher, jarra de vidro resistente e sistema corta-pingos, ela oferece praticidade no dia a dia.Além de conveniente, a Arno Preferita combina modernidade e elegância. Compacta e feita de aço inoxidável com acabamento premium, é fácil de limpar e se adapta perfeitamente à sua cozinha. O toque ideal para manhãs mais fáceis e tranquilas!",Arno,284.99,"Arno BR",108626,,,https://images2.productserve.com/?w=200&h=200&bg=white&trim=5&t=letterbox&url=ssl%3Alojaarno.vteximg.com.br%2Farquivos%2Fids%2F155536_2&feedId=100096&k=b615a6360cba6461e2fb3575238b0f62eabb1bd7,BRL,,,https://www.arno.com.br/cafeteira-filtro-arno-preferita-cfpf-inox-750ml-8010000620-pai/p?idsku=15&utm_source=googleshopping&utm_medium=cpc,,,BRL284.99,100096,,,,"56.99 BRL",,,,,,,8010000620,,3016661155758
