aw_deep_link,product_name,aw_product_id,merchant_product_id,merchant_image_url,description,merchant_category,search_price,merchant_name,merchant_id,category_name,category_id,aw_image_url,currency,store_price,delivery_cost,merchant_deep_link,language,last_updated,display_price,data_feed_id,rrp_price,saving,savings_percent,base_price,base_price_amount,base_price_text,product_price_old
https://www.awin1.com/pclick.php?p=43036517173&a=3093907&m=81383,"Kit 2 Banquetas Baixas Cozinha Balcão 105 Carraro Branco Prata",43036517173,10105003,,,,271.73,"Carraro BR",81383,,,https://images2.productserve.com/noimage.gif,BRL,,,https://loja.carraro.com.br/produto/10105003,,,BRL271.73,111390,,,,,,,
https://www.awin1.com/pclick.php?p=43036517174&a=3093907&m=81383,"Kit 4 Banquetas Baixas Cozinha Balcão 105 Carraro Branco",43036517174,10105005,,,,543.47,"Carraro BR",81383,,,https://images2.productserve.com/noimage.gif,BRL,,,https://loja.carraro.com.br/produto/10105005,,,BRL543.47,111390,,,,,,,
https://www.awin1.com/pclick.php?p=43036517175&a=3093907&m=81383,"Mesa Dobrável Extensível 216 Carraro Branco",43036517175,10216001,,,,391.29,"Carraro BR",81383,,,https://images2.productserve.com/noimage.gif,BRL,,,https://loja.carraro.com.br/produto/10216001,,,BRL391.29,111390,,,,,,,
https://www.awin1.com/pclick.php?p=43036517176&a=3093907&m=81383,"Mesa Dobrável Extensível 216 Carraro Branco Prata",43036517176,10216003,,,,391.29,"Carraro BR",81383,,,https://images2.productserve.com/noimage.gif,BRL,,,https://loja.carraro.com.br/produto/10216003,,,BRL391.29,111390,,,,,,,
https://www.awin1.com/pclick.php?p=43036517177&a=3093907&m=81383,"Armário Multiuso 2 Portas 424 Carraro Branco",43036517177,10424001,,,,380.42,"Carraro BR",81383,,,https://images2.productserve.com/noimage.gif,BRL,,,https://loja.carraro.com.br/produto/10424001,,,BRL380.42,111390,,,,,,,
https://www.awin1.com/pclick.php?p=43036517178&a=3093907&m=81383,"Armário Multiuso 2 Portas 424 Carraro Noce",43036517178,10424002,,,,380.42,"Carraro BR",81383,,,https://images2.productserve.com/noimage.gif,BRL,,,https://loja.carraro.com.br/produto/10424002,,,BRL380.42,111390,,,,,,,
https://www.awin1.com/pclick.php?p=43036517179&a=3093907&m=81383,"Armário Multiuso 2 Portas 424 Carraro Legno",43036517179,10424003,,,,380.42,"Carraro BR",81383,,,https://images2.productserve.com/noimage.gif,BRL,,,https://loja.carraro.com.br/produto/10424003,,,BRL380.42,111390,,,,,,,
https://www.awin1.com/pclick.php?p=43036517180&a=3093907&m=81383,"Armário Utilitário Multiuso 2 Portas Carraro Branco",43036517180,10528001,,,,380.42,"Carraro BR",81383,,,https://images2.productserve.com/noimage.gif,BRL,,,https://loja.carraro.com.br/produto/10528001,,,BRL380.42,111390,,,,,,,
https://www.awin1.com/pclick.php?p=43036517181&a=3093907&m=81383,"Armário Utilitário Organizador 2 Portas Espelho Branco Carraro",43036517181,10547001,,,,478.25,"Carraro BR",81383,,,https://images2.productserve.com/noimage.gif,BRL,,,https://loja.carraro.com.br/produto/10547001,,,BRL478.25,111390,,,,,,,
https://www.awin1.com/pclick.php?p=43036517182&a=3093907&m=81383,"Mesa de Cabeceira 1 Gaveta Carraro Noce com Off White",43036517182,10567001,,,,260.86,"Carraro BR",81383,,,https://images2.productserve.com/noimage.gif,BRL,,,https://loja.carraro.com.br/produto/10567001,,,BRL260.86,111390,,,,,,,
https://www.awin1.com/pclick.php?p=43036517183&a=3093907&m=81383,"Cômoda 3 Gavetas 1 Porta Carraro Legno",43036517183,10574001,,,,423.9,"Carraro BR",81383,,,https://images2.productserve.com/noimage.gif,BRL,,,https://loja.carraro.com.br/produto/10574001,,,BRL423.9,111390,,,,,,,
https://www.awin1.com/pclick.php?p=43036517184&a=3093907&m=81383,"Armário Utilitário Infantil 2 Portas Noce Carraro",43036517184,10626003,,,,369.55,"Carraro BR",81383,,,https://images2.productserve.com/noimage.gif,BRL,,,https://loja.carraro.com.br/produto/10626003,,,BRL369.55,111390,,,,,,,
https://www.awin1.com/pclick.php?p=43036517185&a=3093907&m=81383,"Guarda Roupa Solteiro 2 Portas de Correr Vivacce Carraro Branco c/ Freijó",43036517185,10835002,,,,869.55,"Carraro BR",81383,,,https://images2.productserve.com/noimage.gif,BRL,,,https://loja.carraro.com.br/produto/10835002,,,BRL869.55,111390,,,,,,,
https://www.awin1.com/pclick.php?p=43036517186&a=3093907&m=81383,"Guarda Roupa Casal 6 Portas Porto Carraro Branco",43036517186,10836001,,,,869.55,"Carraro BR",81383,,,https://images2.productserve.com/noimage.gif,BRL,,,https://loja.carraro.com.br/produto/10836001,,,BRL869.55,111390,,,,,,,
https://www.awin1.com/pclick.php?p=43036517187&a=3093907&m=81383,"Guarda Roupa Casal 6 Portas c/ Gaveteiro Porto Carraro Branco",43036517187,10837001,,,,1065.21,"Carraro BR",81383,,,https://images2.productserve.com/noimage.gif,BRL,,,https://loja.carraro.com.br/produto/10837001,,,BRL1065.21,111390,,,,,,,
https://www.awin1.com/pclick.php?p=43036517188&a=3093907&m=81383,"Guarda Roupa Casal 6 Portas c/ Gaveteiro Porto Carraro Freijó",43036517188,10837004,,,,1065.21,"Carraro BR",81383,,,https://images2.productserve.com/noimage.gif,BRL,,,https://loja.carraro.com.br/produto/10837004,,,BRL1065.21,111390,,,,,,,
https://www.awin1.com/pclick.php?p=43036517189&a=3093907&m=81383,"Guarda Roupa Casal 6 Portas c/ Gaveteiro Porto Carraro Preto",43036517189,10837005,,,,1065.21,"Carraro BR",81383,,,https://images2.productserve.com/noimage.gif,BRL,,,https://loja.carraro.com.br/produto/10837005,,,BRL1065.21,111390,,,,,,,
https://www.awin1.com/pclick.php?p=43036517190&a=3093907&m=81383,"Sapateira Organizador Madeira Multiuso 899 Carraro Branco",43036517190,10899001,,,,195.64,"Carraro BR",81383,,,https://images2.productserve.com/noimage.gif,BRL,,,https://loja.carraro.com.br/produto/10899001,,,BRL195.64,111390,,,,,,,
https://www.awin1.com/pclick.php?p=43036517191&a=3093907&m=81383,"Guarda Roupa Casal com Espelho 8 Portas Héster Carraro Branco",43036517191,11096001,,,,1652.16,"Carraro BR",81383,,,https://images2.productserve.com/noimage.gif,BRL,,,https://loja.carraro.com.br/produto/11096001,,,BRL1652.16,111390,,,,,,,
https://www.awin1.com/pclick.php?p=43036517192&a=3093907&m=81383,"Guarda Roupa Casal com Espelho 8 Portas Héster Carraro Freijó",43036517192,11096003,,,,1652.16,"Carraro BR",81383,,,https://images2.productserve.com/noimage.gif,BRL,,,https://loja.carraro.com.br/produto/11096003,,,BRL1652.16,111390,,,,,,,
https://www.awin1.com/pclick.php?p=43036517193&a=3093907&m=81383,"Cômoda 3 Gavetas 2 Portas Quarto 1112 Carraro Branca",43036517193,11112001,,,,478.25,"Carraro BR",81383,,,https://images2.productserve.com/noimage.gif,BRL,,,https://loja.carraro.com.br/produto/11112001,,,BRL478.25,111390,,,,,,,
https://www.awin1.com/pclick.php?p=43036517194&a=3093907&m=81383,"Cômoda 3 Gavetas 2 Portas Quarto 1112 Carraro Noce",43036517194,11112002,,,,478.25,"Carraro BR",81383,,,https://images2.productserve.com/noimage.gif,BRL,,,https://loja.carraro.com.br/produto/11112002,,,BRL478.25,111390,,,,,,,
https://www.awin1.com/pclick.php?p=43036517195&a=3093907&m=81383,"Cômoda 3 Gavetas 2 Portas Quarto 1112 Carraro Freijó",43036517195,11112004,,,,478.25,"Carraro BR",81383,,,https://images2.productserve.com/noimage.gif,BRL,,,https://loja.carraro.com.br/produto/11112004,,,BRL478.25,111390,,,,,,,
https://www.awin1.com/pclick.php?p=43036517196&a=3093907&m=81383,"Cabeceira Casal/Queen Extensível com 2 Mesas Laterais 1114 Carraro Noce c/ Off White",43036517196,11114002,,,,478.25,"Carraro BR",81383,,,https://images2.productserve.com/noimage.gif,BRL,,,https://loja.carraro.com.br/produto/11114002,,,BRL478.25,111390,,,,,,,
https://www.awin1.com/pclick.php?p=43036517197&a=3093907&m=81383,"Cabeceira Casal/Queen Extensível com 2 Mesas Laterais 1114 Carraro Legno c/ Off White",43036517197,11114003,,,,478.25,"Carraro BR",81383,,,https://images2.productserve.com/noimage.gif,BRL,,,https://loja.carraro.com.br/produto/11114003,,,BRL478.25,111390,,,,,,,
https://www.awin1.com/pclick.php?p=43036517198&a=3093907&m=81383,"Cabeceira Casal/Queen Extensível com 2 Mesas Laterais 1114 Carraro Freijó c/ Titânio",43036517198,11114004,,,,478.25,"Carraro BR",81383,,,https://images2.productserve.com/noimage.gif,BRL,,,https://loja.carraro.com.br/produto/11114004,,,BRL478.25,111390,,,,,,,
https://www.awin1.com/pclick.php?p=43036517199&a=3093907&m=81383,"Guarda Roupa Casal 3 Portas Doha Carraro Preto Touch com Freijó",43036517199,11118006,,,,891.29,"Carraro BR",81383,,,https://images2.productserve.com/noimage.gif,BRL,,,https://loja.carraro.com.br/produto/11118006,,,BRL891.29,111390,,,,,,,
https://www.awin1.com/pclick.php?p=43036517200&a=3093907&m=81383,"Painel para TV até 60 Polegadas c/ Nichos e Prateleiras Ganges Carraro Legno",43036517200,11122001,,,,391.29,"Carraro BR",81383,,,https://images2.productserve.com/noimage.gif,BRL,,,https://loja.carraro.com.br/produto/11122001,,,BRL391.29,111390,,,,,,,
https://www.awin1.com/pclick.php?p=43036517201&a=3093907&m=81383,"Painel para TV até 50 Polegadas Amazonas Carraro Legno",43036517201,11123001,,,,249.99,"Carraro BR",81383,,,https://images2.productserve.com/noimage.gif,BRL,,,https://loja.carraro.com.br/produto/11123001,,,BRL249.99,111390,,,,,,,
https://www.awin1.com/pclick.php?p=43036517202&a=3093907&m=81383,"Painel para TV até 50 Polegadas c/ Prateleiras Amazonas Carraro Preto",43036517202,11123003,,,,260.86,"Carraro BR",81383,,,https://images2.productserve.com/noimage.gif,BRL,,,https://loja.carraro.com.br/produto/11123003,,,BRL260.86,111390,,,,,,,
https://www.awin1.com/pclick.php?p=43036517203&a=3093907&m=81383,"Guarda Roupa Solteiro 2 Portas de Correr Noah Carraro Branco c/ Noce",43036517203,11143001,,,,739.12,"Carraro BR",81383,,,https://images2.productserve.com/noimage.gif,BRL,,,https://loja.carraro.com.br/produto/11143001,,,BRL739.12,111390,,,,,,,
https://www.awin1.com/pclick.php?p=43036517204&a=3093907&m=81383,"Guarda Roupa Solteiro com Espelho 2 Portas de Correr Nivus Carraro Branco c/ Noce",43036517204,11143002,,,,913.03,"Carraro BR",81383,,,https://images2.productserve.com/noimage.gif,BRL,,,https://loja.carraro.com.br/produto/11143002,,,BRL913.03,111390,,,,,,,
https://www.awin1.com/pclick.php?p=43036517205&a=3093907&m=81383,"Guarda Roupa Solteiro com Espelho 2 Portas de Correr Nero Carraro Branco c/ Noce",43036517205,11143003,,,,1076.08,"Carraro BR",81383,,,https://images2.productserve.com/noimage.gif,BRL,,,https://loja.carraro.com.br/produto/11143003,,,BRL1076.08,111390,,,,,,,
https://www.awin1.com/pclick.php?p=43036517206&a=3093907&m=81383,"Guarda Roupa Casal 3 Portas de Correr West Carraro Branco c/ Noce",43036517206,11144001,,,,1195.64,"Carraro BR",81383,,,https://images2.productserve.com/noimage.gif,BRL,,,https://loja.carraro.com.br/produto/11144001,,,BRL1195.64,111390,,,,,,,
https://www.awin1.com/pclick.php?p=43036517207&a=3093907&m=81383,"Guarda Roupa Casal c/ Espelho 3 Portas de Correr Fenix Carraro Branco c/ Noce",43036517207,11144002,,,,1260.86,"Carraro BR",81383,,,https://images2.productserve.com/noimage.gif,BRL,,,https://loja.carraro.com.br/produto/11144002,,,BRL1260.86,111390,,,,,,,
https://www.awin1.com/pclick.php?p=43036517208&a=3093907&m=81383,"Guarda Roupa Casal c/ Espelho 3 Portas de Correr Marvin Carraro Branco c/ Noce",43036517208,11144003,,,,1445.64,"Carraro BR",81383,,,https://images2.productserve.com/noimage.gif,BRL,,,https://loja.carraro.com.br/produto/11144003,,,BRL1445.64,111390,,,,,,,
https://www.awin1.com/pclick.php?p=43036517209&a=3093907&m=81383,"Guarda Roupa Casal c/ Espelho 3 Portas de Correr Mega Carraro Branco c/ Noce",43036517209,11144004,,,,1619.55,"Carraro BR",81383,,,https://images2.productserve.com/noimage.gif,BRL,,,https://loja.carraro.com.br/produto/11144004,,,BRL1619.55,111390,,,,,,,
https://www.awin1.com/pclick.php?p=43036517210&a=3093907&m=81383,"Mesa Lateral Sofá / Apoio / Quarto 1146 Carraro Avelã",43036517210,11146005,,,,239.12,"Carraro BR",81383,,,https://images2.productserve.com/noimage.gif,BRL,,,https://loja.carraro.com.br/produto/11146005,,,BRL239.12,111390,,,,,,,
https://www.awin1.com/pclick.php?p=43036517211&a=3093907&m=81383,"Mesa Gamer Escrivaninha para Computador 1147 Carraro Preto",43036517211,11147001,,,,326.08,"Carraro BR",81383,,,https://images2.productserve.com/noimage.gif,BRL,,,https://loja.carraro.com.br/produto/11147001,,,BRL326.08,111390,,,,,,,
https://www.awin1.com/pclick.php?p=43036517212&a=3093907&m=81383,"Guarda Roupa Casal 6 Portas Troy Carraro Freijó c/ Titânio",43036517212,11151001,,,,1086.95,"Carraro BR",81383,,,https://images2.productserve.com/noimage.gif,BRL,,,https://loja.carraro.com.br/produto/11151001,,,BRL1086.95,111390,,,,,,,
https://www.awin1.com/pclick.php?p=43036517213&a=3093907&m=81383,"Guarda Roupa Casal 6 Portas Troy Carraro Branco",43036517213,11151002,,,,1086.95,"Carraro BR",81383,,,https://images2.productserve.com/noimage.gif,BRL,,,https://loja.carraro.com.br/produto/11151002,,,BRL1086.95,111390,,,,,,,
https://www.awin1.com/pclick.php?p=43036517214&a=3093907&m=81383,"Guarda Roupa Casal 6 Portas Troy Carraro Noce c/ Off White",43036517214,11151003,,,,1086.95,"Carraro BR",81383,,,https://images2.productserve.com/noimage.gif,BRL,,,https://loja.carraro.com.br/produto/11151003,,,BRL1086.95,111390,,,,,,,
https://www.awin1.com/pclick.php?p=43036517215&a=3093907&m=81383,"Guarda Roupa Casal com Espelho 6 Portas Aspen Carraro Noce c/ Off White",43036517215,11152001,,,,1054.34,"Carraro BR",81383,,,https://images2.productserve.com/noimage.gif,BRL,,,https://loja.carraro.com.br/produto/11152001,,,BRL1054.34,111390,,,,,,,
https://www.awin1.com/pclick.php?p=43036517216&a=3093907&m=81383,"Guarda Roupa Casal com Espelho 6 Portas Aspen Carraro Freijó c/ Titânio",43036517216,11152002,,,,1054.34,"Carraro BR",81383,,,https://images2.productserve.com/noimage.gif,BRL,,,https://loja.carraro.com.br/produto/11152002,,,BRL1054.34,111390,,,,,,,
https://www.awin1.com/pclick.php?p=43036517217&a=3093907&m=81383,"Guarda Roupa Casal 6 Portas Belmont Carraro Freijó c/ Titânio",43036517217,11154001,,,,1413.03,"Carraro BR",81383,,,https://images2.productserve.com/noimage.gif,BRL,,,https://loja.carraro.com.br/produto/11154001,,,BRL1413.03,111390,,,,,,,
https://www.awin1.com/pclick.php?p=43036517218&a=3093907&m=81383,"Guarda Roupa Casal 6 Portas Belmont Carraro Branco",43036517218,11154002,,,,1413.03,"Carraro BR",81383,,,https://images2.productserve.com/noimage.gif,BRL,,,https://loja.carraro.com.br/produto/11154002,,,BRL1413.03,111390,,,,,,,
https://www.awin1.com/pclick.php?p=43036517219&a=3093907&m=81383,"Painel para TV até 55 Polegadas 1156 Carraro Preto",43036517219,11156001,,,,304.34,"Carraro BR",81383,,,https://images2.productserve.com/noimage.gif,BRL,,,https://loja.carraro.com.br/produto/11156001,,,BRL304.34,111390,,,,,,,
https://www.awin1.com/pclick.php?p=43036517220&a=3093907&m=81383,"Cômoda 6 Gavetas com Espelho Quarto 1160 Carraro Avelã",43036517220,11160005,,,,826.08,"Carraro BR",81383,,,https://images2.productserve.com/noimage.gif,BRL,,,https://loja.carraro.com.br/produto/11160005,,,BRL826.08,111390,,,,,,,
https://www.awin1.com/pclick.php?p=43036517221&a=3093907&m=81383,"Guarda Roupa Casal 6 Portas 3 Gavetas Fusion Carraro Freijó com Off White",43036517221,11171001,,,,2065.21,"Carraro BR",81383,,,https://images2.productserve.com/noimage.gif,BRL,,,https://loja.carraro.com.br/produto/11171001,,,BRL2065.21,111390,,,,,,,
https://www.awin1.com/pclick.php?p=43036517222&a=3093907&m=81383,"Guarda Roupa Casal 4 Portas de Correr com Espelho Fit Carraro Freijó c/ Off White",43036517222,11174001,,,,1217.38,"Carraro BR",81383,,,https://images2.productserve.com/noimage.gif,BRL,,,https://loja.carraro.com.br/produto/11174001,,,BRL1217.38,111390,,,,,,,
https://www.awin1.com/pclick.php?p=43036517223&a=3093907&m=81383,"Guarda Roupa Casal 2 Portas 4 Gavetas Dalim Carraro Freijó com Avelã",43036517223,11175001,,,,2282.6,"Carraro BR",81383,,,https://images2.productserve.com/noimage.gif,BRL,,,https://loja.carraro.com.br/produto/11175001,,,BRL2282.6,111390,,,,,,,
https://www.awin1.com/pclick.php?p=43036517224&a=3093907&m=81383,"Guarda Roupa Casal com Espelho 4 Portas Roma Carraro Freijó",43036517224,11181001,,,,934.77,"Carraro BR",81383,,,https://images2.productserve.com/noimage.gif,BRL,,,https://loja.carraro.com.br/produto/11181001,,,BRL934.77,111390,,,,,,,
https://www.awin1.com/pclick.php?p=43036517225&a=3093907&m=81383,"Guarda Roupa Casal com Espelho 4 Portas Roma Carraro Freijó c/ Off White",43036517225,11181002,,,,934.77,"Carraro BR",81383,,,https://images2.productserve.com/noimage.gif,BRL,,,https://loja.carraro.com.br/produto/11181002,,,BRL934.77,111390,,,,,,,
https://www.awin1.com/pclick.php?p=43036517226&a=3093907&m=81383,"Guarda Roupa Solteiro 2 Portas Darvi Carraro Branco",43036517226,11183002,,,,728.25,"Carraro BR",81383,,,https://images2.productserve.com/noimage.gif,BRL,,,https://loja.carraro.com.br/produto/11183002,,,BRL728.25,111390,,,,,,,
https://www.awin1.com/pclick.php?p=43036517227&a=3093907&m=81383,"Guarda Roupa Solteiro 2 Portas Darvi Carraro Preto Touch",43036517227,11183003,,,,728.25,"Carraro BR",81383,,,https://images2.productserve.com/noimage.gif,BRL,,,https://loja.carraro.com.br/produto/11183003,,,BRL728.25,111390,,,,,,,
https://www.awin1.com/pclick.php?p=43036517228&a=3093907&m=81383,"Guarda Roupa Casal 3 Portas Doha Carraro Branco",43036517228,11183004,,,,956.51,"Carraro BR",81383,,,https://images2.productserve.com/noimage.gif,BRL,,,https://loja.carraro.com.br/produto/11183004,,,BRL956.51,111390,,,,,,,
https://www.awin1.com/pclick.php?p=43036517229&a=3093907&m=81383,"Guarda Roupa Casal 3 Portas Doha Carraro Preto Touch",43036517229,11183005,,,,956.51,"Carraro BR",81383,,,https://images2.productserve.com/noimage.gif,BRL,,,https://loja.carraro.com.br/produto/11183005,,,BRL956.51,111390,,,,,,,
https://www.awin1.com/pclick.php?p=43036517230&a=3093907&m=81383,"Prateleira 1275 Carraro Legno",43036517230,11275001,,,,206.51,"Carraro BR",81383,,,https://images2.productserve.com/noimage.gif,BRL,,,https://loja.carraro.com.br/produto/11275001,,,BRL206.51,111390,,,,,,,
https://www.awin1.com/pclick.php?p=43036517231&a=3093907&m=81383,"Estante Livreiro Multiuso com 8 Nichos 1278 Carraro Noce",43036517231,11278001,,,,652.16,"Carraro BR",81383,,,https://images2.productserve.com/noimage.gif,BRL,,,https://loja.carraro.com.br/produto/11278001,,,BRL652.16,111390,,,,,,,
https://www.awin1.com/pclick.php?p=43036517232&a=3093907&m=81383,"Estante Livreiro Multiuso com 4 Nichos 1279 Carraro Branco",43036517232,11279001,,,,434.77,"Carraro BR",81383,,,https://images2.productserve.com/noimage.gif,BRL,,,https://loja.carraro.com.br/produto/11279001,,,BRL434.77,111390,,,,,,,
https://www.awin1.com/pclick.php?p=43036517233&a=3093907&m=81383,"Mesa Escrivaninha para Computador com Nichos 1280 Carraro Branco",43036517233,11280001,,,,434.77,"Carraro BR",81383,,,https://images2.productserve.com/noimage.gif,BRL,,,https://loja.carraro.com.br/produto/11280001,,,BRL434.77,111390,,,,,,,
https://www.awin1.com/pclick.php?p=43036517234&a=3093907&m=81383,"Puff Sala Grande Retangular 1281 Carraro Mocca",43036517234,11281001,,,,402.16,"Carraro BR",81383,,,https://images2.productserve.com/noimage.gif,BRL,,,https://loja.carraro.com.br/produto/11281001,,,BRL402.16,111390,,,,,,,
https://www.awin1.com/pclick.php?p=43036517235&a=3093907&m=81383,"Carrinho Auxiliar Bar Sala Madeira Multiuso 1284 Carraro Legno Preto",43036517235,11284001,,,,489.12,"Carraro BR",81383,,,https://images2.productserve.com/noimage.gif,BRL,,,https://loja.carraro.com.br/produto/11284001,,,BRL489.12,111390,,,,,,,
https://www.awin1.com/pclick.php?p=43036517236&a=3093907&m=81383,"Rack para TV até 60 Polegadas 1290 Carraro Preto",43036517236,11290001,,,,380.42,"Carraro BR",81383,,,https://images2.productserve.com/noimage.gif,BRL,,,https://loja.carraro.com.br/produto/11290001,,,BRL380.42,111390,,,,,,,
https://www.awin1.com/pclick.php?p=43036517237&a=3093907&m=81383,"Penteadeira com Espelho 1292 Carraro Legno",43036517237,11292001,,,,684.77,"Carraro BR",81383,,,https://images2.productserve.com/noimage.gif,BRL,,,https://loja.carraro.com.br/produto/11292001,,,BRL684.77,111390,,,,,,,
https://www.awin1.com/pclick.php?p=43036517238&a=3093907&m=81383,"Mesa Lateral Bar Sala Multiuso 1294 Carraro Legno",43036517238,11294001,,,,586.95,"Carraro BR",81383,,,https://images2.productserve.com/noimage.gif,BRL,,,https://loja.carraro.com.br/produto/11294001,,,BRL586.95,111390,,,,,,,
https://www.awin1.com/pclick.php?p=43036517239&a=3093907&m=81383,"Aparador Buffet Sala 2 Portas 1295 Carraro Freijó",43036517239,11295001,,,,717.38,"Carraro BR",81383,,,https://images2.productserve.com/noimage.gif,BRL,,,https://loja.carraro.com.br/produto/11295001,,,BRL717.38,111390,,,,,,,
https://www.awin1.com/pclick.php?p=43036517240&a=3093907&m=81383,"Aparador Buffet Sala 2 Portas 1295 Carraro Preto",43036517240,11295002,,,,717.38,"Carraro BR",81383,,,https://images2.productserve.com/noimage.gif,BRL,,,https://loja.carraro.com.br/produto/11295002,,,BRL717.38,111390,,,,,,,
https://www.awin1.com/pclick.php?p=43036517241&a=3093907&m=81383,"Rack para TV até 50 Polegadas 1341 Carraro Preto",43036517241,11341001,,,,510.86,"Carraro BR",81383,,,https://images2.productserve.com/noimage.gif,BRL,,,https://loja.carraro.com.br/produto/11341001,,,BRL510.86,111390,,,,,,,
https://www.awin1.com/pclick.php?p=43036517242&a=3093907&m=81383,"Mesa Escrivaninha para Computador 1343 Carraro Legno",43036517242,11343001,,,,423.9,"Carraro BR",81383,,,https://images2.productserve.com/noimage.gif,BRL,,,https://loja.carraro.com.br/produto/11343001,,,BRL423.9,111390,,,,,,,
https://www.awin1.com/pclick.php?p=43036517243&a=3093907&m=81383,"Estante Multiuso com 5 Prateleiras e Bandeja 1344 Carraro Legno",43036517243,11344001,,,,869.55,"Carraro BR",81383,,,https://images2.productserve.com/noimage.gif,BRL,,,https://loja.carraro.com.br/produto/11344001,,,BRL869.55,111390,,,,,,,
https://www.awin1.com/pclick.php?p=43036517244&a=3093907&m=81383,"Mesa de Centro Sala de Estar 1346 Carraro Legno",43036517244,11346001,,,,423.9,"Carraro BR",81383,,,https://images2.productserve.com/noimage.gif,BRL,,,https://loja.carraro.com.br/produto/11346001,,,BRL423.9,111390,,,,,,,
https://www.awin1.com/pclick.php?p=43036517245&a=3093907&m=81383,"Mesa de Centro Sala de Estar 1346 Carraro Noce",43036517245,11346002,,,,423.9,"Carraro BR",81383,,,https://images2.productserve.com/noimage.gif,BRL,,,https://loja.carraro.com.br/produto/11346002,,,BRL423.9,111390,,,,,,,
https://www.awin1.com/pclick.php?p=43036517246&a=3093907&m=81383,"Kit 2 Banquetas Cozinha Balcão 1440 Carraro Preto",43036517246,11440001,,,,652.16,"Carraro BR",81383,,,https://images2.productserve.com/noimage.gif,BRL,,,https://loja.carraro.com.br/produto/11440001,,,BRL652.16,111390,,,,,,,
https://www.awin1.com/pclick.php?p=43036517247&a=3093907&m=81383,"Kit 2 Banquetas Cozinha Balcão 1440 Carraro Branco",43036517247,11440002,,,,652.16,"Carraro BR",81383,,,https://images2.productserve.com/noimage.gif,BRL,,,https://loja.carraro.com.br/produto/11440002,,,BRL652.16,111390,,,,,,,
https://www.awin1.com/pclick.php?p=43036517248&a=3093907&m=81383,"Mesa de Jantar 4 Lugares Quadrada 0,87m 1545 Carraro Legno",43036517248,11545001,,,,282.6,"Carraro BR",81383,,,https://images2.productserve.com/noimage.gif,BRL,,,https://loja.carraro.com.br/produto/11545001,,,BRL282.6,111390,,,,,,,
https://www.awin1.com/pclick.php?p=43036517249&a=3093907&m=81383,"Mesa de Jantar 4 Lugares Quadrada 0,87m 1545 Carraro Freijó com Prata",43036517249,11545003,,,,282.6,"Carraro BR",81383,,,https://images2.productserve.com/noimage.gif,BRL,,,https://loja.carraro.com.br/produto/11545003,,,BRL282.6,111390,,,,,,,
https://www.awin1.com/pclick.php?p=43036517250&a=3093907&m=81383,"Mesa de Jantar 6 Lugares Retangular 1,60m 1547 Carraro Freijó com Preto",43036517250,11547003,,,,521.73,"Carraro BR",81383,,,https://images2.productserve.com/noimage.gif,BRL,,,https://loja.carraro.com.br/produto/11547003,,,BRL521.73,111390,,,,,,,
https://www.awin1.com/pclick.php?p=43036517251&a=3093907&m=81383,"Mesa de Jantar 6 Lugares Retangular 1,60m 1547 Carraro Freijó com Rose",43036517251,11547005,,,,521.73,"Carraro BR",81383,,,https://images2.productserve.com/noimage.gif,BRL,,,https://loja.carraro.com.br/produto/11547005,,,BRL521.73,111390,,,,,,,
https://www.awin1.com/pclick.php?p=43036517252&a=3093907&m=81383,"Mesa de Jantar 4 Lugares Retangular 1,20m 1586 Carraro Freijó com Preto",43036517252,11586001,,,,293.47,"Carraro BR",81383,,,https://images2.productserve.com/noimage.gif,BRL,,,https://loja.carraro.com.br/produto/11586001,,,BRL293.47,111390,,,,,,,
https://www.awin1.com/pclick.php?p=43036517253&a=3093907&m=81383,"Mesa de Jantar 4 Lugares Retangular 1,20m 1586 Carraro Freijó",43036517253,11586002,,,,293.47,"Carraro BR",81383,,,https://images2.productserve.com/noimage.gif,BRL,,,https://loja.carraro.com.br/produto/11586002,,,BRL293.47,111390,,,,,,,
https://www.awin1.com/pclick.php?p=43036517254&a=3093907&m=81383,"Mesa de Jantar 4 Lugares Redonda 1,00m 1588 Carraro Freijó com Preto",43036517254,11588001,,,,434.77,"Carraro BR",81383,,,https://images2.productserve.com/noimage.gif,BRL,,,https://loja.carraro.com.br/produto/11588001,,,BRL434.77,111390,,,,,,,
https://www.awin1.com/pclick.php?p=43036517255&a=3093907&m=81383,"Mesa de Jantar 4 Lugares Redonda 1,00m 1588 Carraro Freijó",43036517255,11588002,,,,434.77,"Carraro BR",81383,,,https://images2.productserve.com/noimage.gif,BRL,,,https://loja.carraro.com.br/produto/11588002,,,BRL434.77,111390,,,,,,,
https://www.awin1.com/pclick.php?p=43036517256&a=3093907&m=81383,"Mesa de Jantar 4 Lugares Redonda 1,00m 1588 Carraro Freijó com Rose",43036517256,11588003,,,,434.77,"Carraro BR",81383,,,https://images2.productserve.com/noimage.gif,BRL,,,https://loja.carraro.com.br/produto/11588003,,,BRL434.77,111390,,,,,,,
https://www.awin1.com/pclick.php?p=43036517257&a=3093907&m=81383,"Mesa com Tampo Dobrável Extensível 1589 Carraro Branco",43036517257,11589002,,,,402.16,"Carraro BR",81383,,,https://images2.productserve.com/noimage.gif,BRL,,,https://loja.carraro.com.br/produto/11589002,,,BRL402.16,111390,,,,,,,
https://www.awin1.com/pclick.php?p=43036517258&a=3093907&m=81383,"Conjunto Mesa Dobrável com 2 Banquetas Carraro Preto",43036517258,11590001,,,,499.99,"Carraro BR",81383,,,https://images2.productserve.com/noimage.gif,BRL,,,https://loja.carraro.com.br/produto/11590001,,,BRL499.99,111390,,,,,,,
https://www.awin1.com/pclick.php?p=43036517259&a=3093907&m=81383,"Conjunto Mesa Dobrável com 2 Banquetas Carraro Branco",43036517259,11590002,,,,499.99,"Carraro BR",81383,,,https://images2.productserve.com/noimage.gif,BRL,,,https://loja.carraro.com.br/produto/11590002,,,BRL499.99,111390,,,,,,,
https://www.awin1.com/pclick.php?p=43036517260&a=3093907&m=81383,"Mesa de Jantar Retangular 1,6 m Átria 1592 Carraro Nogal Preto",43036517260,11592001,,,,521.73,"Carraro BR",81383,,,https://images2.productserve.com/noimage.gif,BRL,,,https://loja.carraro.com.br/produto/11592001,,,BRL521.73,111390,,,,,,,
https://www.awin1.com/pclick.php?p=43036517261&a=3093907&m=81383,"Mesa de Jantar Retangular 1,6m Átria 1592 Carraro Nogal",43036517261,11592002,,,,521.73,"Carraro BR",81383,,,https://images2.productserve.com/noimage.gif,BRL,,,https://loja.carraro.com.br/produto/11592002,,,BRL521.73,111390,,,,,,,
https://www.awin1.com/pclick.php?p=43036517262&a=3093907&m=81383,"Mesa de Jantar Quadrada 90cm Átria 1593 Carraro Nogal",43036517262,11593001,,,,380.42,"Carraro BR",81383,,,https://images2.productserve.com/noimage.gif,BRL,,,https://loja.carraro.com.br/produto/11593001,,,BRL380.42,111390,,,,,,,
https://www.awin1.com/pclick.php?p=43036517263&a=3093907&m=81383,"Mesa de Jantar Quadrada 90cm Átria 1593 Carraro Nogal com Preto",43036517263,11593002,,,,380.42,"Carraro BR",81383,,,https://images2.productserve.com/noimage.gif,BRL,,,https://loja.carraro.com.br/produto/11593002,,,BRL380.42,111390,,,,,,,
https://www.awin1.com/pclick.php?p=43036517264&a=3093907&m=81383,"Mesa de Jantar Redonda 1m Átria 1594 Carraro Nogal",43036517264,11594001,,,,391.29,"Carraro BR",81383,,,https://images2.productserve.com/noimage.gif,BRL,,,https://loja.carraro.com.br/produto/11594001,,,BRL391.29,111390,,,,,,,
https://www.awin1.com/pclick.php?p=43036517265&a=3093907&m=81383,"Mesa de Jantar Redonda 1m Átria 1594 Carraro Nogal com Preto",43036517265,11594002,,,,391.29,"Carraro BR",81383,,,https://images2.productserve.com/noimage.gif,BRL,,,https://loja.carraro.com.br/produto/11594002,,,BRL391.29,111390,,,,,,,
https://www.awin1.com/pclick.php?p=43036517266&a=3093907&m=81383,"Conjunto Mesa Extensível com 4 Banquetas Carraro Preto",43036517266,11595001,,,,630.42,"Carraro BR",81383,,,https://images2.productserve.com/noimage.gif,BRL,,,https://loja.carraro.com.br/produto/11595001,,,BRL630.42,111390,,,,,,,
https://www.awin1.com/pclick.php?p=43036517267&a=3093907&m=81383,"Conjunto Mesa Extensível com 4 Banquetas Carraro Branco",43036517267,11595002,,,,630.42,"Carraro BR",81383,,,https://images2.productserve.com/noimage.gif,BRL,,,https://loja.carraro.com.br/produto/11595002,,,BRL630.42,111390,,,,,,,
https://www.awin1.com/pclick.php?p=43036517268&a=3093907&m=81383,"Mesa de Jantar 6 Lugares Retangular 1,6m Stellar Carraro Petra",43036517268,11597001,,,,489.12,"Carraro BR",81383,,,https://images2.productserve.com/noimage.gif,BRL,,,https://loja.carraro.com.br/produto/11597001,,,BRL489.12,111390,,,,,,,
https://www.awin1.com/pclick.php?p=43036517269&a=3093907&m=81383,"Mesa de Jantar 6 Lugares Retangular 1,6m Stellar Carraro Nogal",43036517269,11597002,,,,489.12,"Carraro BR",81383,,,https://images2.productserve.com/noimage.gif,BRL,,,https://loja.carraro.com.br/produto/11597002,,,BRL489.12,111390,,,,,,,
https://www.awin1.com/pclick.php?p=43036517270&a=3093907&m=81383,"Mesa de Jantar 4 Lugares Retangular 1,2m Stellar Carraro Petra",43036517270,11598001,,,,434.77,"Carraro BR",81383,,,https://images2.productserve.com/noimage.gif,BRL,,,https://loja.carraro.com.br/produto/11598001,,,BRL434.77,111390,,,,,,,
https://www.awin1.com/pclick.php?p=43036517271&a=3093907&m=81383,"Mesa de Jantar 4 Lugares Retangular 1,2m Stellar Carraro Nogal com Preto",43036517271,11598002,,,,434.77,"Carraro BR",81383,,,https://images2.productserve.com/noimage.gif,BRL,,,https://loja.carraro.com.br/produto/11598002,,,BRL434.77,111390,,,,,,,
https://www.awin1.com/pclick.php?p=43036517272&a=3093907&m=81383,"Mesa de Jantar 4 Lugares Redonda 99cm Stellar Carraro Petra",43036517272,11599001,,,,456.51,"Carraro BR",81383,,,https://images2.productserve.com/noimage.gif,BRL,,,https://loja.carraro.com.br/produto/11599001,,,BRL456.51,111390,,,,,,,
https://www.awin1.com/pclick.php?p=43036517273&a=3093907&m=81383,"Mesa de Jantar 4 Lugares Redonda 99cm Stellar Carraro Nogal",43036517273,11599002,,,,456.51,"Carraro BR",81383,,,https://images2.productserve.com/noimage.gif,BRL,,,https://loja.carraro.com.br/produto/11599002,,,BRL456.51,111390,,,,,,,
https://www.awin1.com/pclick.php?p=43036517274&a=3093907&m=81383,"Conjunto 2 Cadeiras de Jantar 1700 Carraro Preto",43036517274,11700001,,,,282.6,"Carraro BR",81383,,,https://images2.productserve.com/noimage.gif,BRL,,,https://loja.carraro.com.br/produto/11700001,,,BRL282.6,111390,,,,,,,
https://www.awin1.com/pclick.php?p=43036517275&a=3093907&m=81383,"Conjunto 2 Cadeiras de Jantar 1700 Carraro Branco com Prata",43036517275,11700004,,,,282.6,"Carraro BR",81383,,,https://images2.productserve.com/noimage.gif,BRL,,,https://loja.carraro.com.br/produto/11700004,,,BRL282.6,111390,,,,,,,
https://www.awin1.com/pclick.php?p=43036517276&a=3093907&m=81383,"Conjunto 2 Cadeiras de Jantar 1708 Carraro Preta",43036517276,11708001,,,,456.51,"Carraro BR",81383,,,https://images2.productserve.com/noimage.gif,BRL,,,https://loja.carraro.com.br/produto/11708001,,,BRL456.51,111390,,,,,,,
https://www.awin1.com/pclick.php?p=43036517277&a=3093907&m=81383,"Conjunto 4 Cadeiras de Jantar 1708 Carraro Preto",43036517277,11708002,,,,684.77,"Carraro BR",81383,,,https://images2.productserve.com/noimage.gif,BRL,,,https://loja.carraro.com.br/produto/11708002,,,BRL684.77,111390,,,,,,,
https://www.awin1.com/pclick.php?p=43036517278&a=3093907&m=81383,"Conjunto 2 Cadeiras de Jantar 1736 Carraro Preto",43036517278,11736001,,,,358.68,"Carraro BR",81383,,,https://images2.productserve.com/noimage.gif,BRL,,,https://loja.carraro.com.br/produto/11736001,,,BRL358.68,111390,,,,,,,
https://www.awin1.com/pclick.php?p=43036517279&a=3093907&m=81383,"Conjunto 2 Cadeiras de Jantar 1736 Carraro Areia",43036517279,11736002,,,,358.68,"Carraro BR",81383,,,https://images2.productserve.com/noimage.gif,BRL,,,https://loja.carraro.com.br/produto/11736002,,,BRL358.68,111390,,,,,,,
https://www.awin1.com/pclick.php?p=43036517280&a=3093907&m=81383,"Conjunto 2 Cadeiras de Jantar 1736 Carraro Branco",43036517280,11736004,,,,358.68,"Carraro BR",81383,,,https://images2.productserve.com/noimage.gif,BRL,,,https://loja.carraro.com.br/produto/11736004,,,BRL358.68,111390,,,,,,,
https://www.awin1.com/pclick.php?p=43036517281&a=3093907&m=81383,"Conjunto 2 Cadeiras de Jantar 1738 Carraro Areia",43036517281,11738003,,,,423.9,"Carraro BR",81383,,,https://images2.productserve.com/noimage.gif,BRL,,,https://loja.carraro.com.br/produto/11738003,,,BRL423.9,111390,,,,,,,
https://www.awin1.com/pclick.php?p=43036517282&a=3093907&m=81383,"Conjunto 2 Cadeiras de Jantar 1738 Carraro Grafite",43036517282,11738004,,,,423.9,"Carraro BR",81383,,,https://images2.productserve.com/noimage.gif,BRL,,,https://loja.carraro.com.br/produto/11738004,,,BRL423.9,111390,,,,,,,
https://www.awin1.com/pclick.php?p=43036517283&a=3093907&m=81383,"Kit 2 Banquetas Altas Cozinha Balcão 1747 Carraro Linho Areia com Courino Caramelo",43036517283,11747004,,,,434.77,"Carraro BR",81383,,,https://images2.productserve.com/noimage.gif,BRL,,,https://loja.carraro.com.br/produto/11747004,,,BRL434.77,111390,,,,,,,
https://www.awin1.com/pclick.php?p=43036517284&a=3093907&m=81383,"Kit 2 Banquetas Altas Cozinha Balcão 1747 Carraro Grafite com Courino Preto",43036517284,11747005,,,,434.77,"Carraro BR",81383,,,https://images2.productserve.com/noimage.gif,BRL,,,https://loja.carraro.com.br/produto/11747005,,,BRL434.77,111390,,,,,,,
https://www.awin1.com/pclick.php?p=43036517285&a=3093907&m=81383,"Banqueta Alta Cozinha Balcão 1747 Carraro Linho Areia com Courino Caramelo",43036517285,11747006,,,,434.77,"Carraro BR",81383,,,https://images2.productserve.com/noimage.gif,BRL,,,https://loja.carraro.com.br/produto/11747006,,,BRL434.77,111390,,,,,,,
https://www.awin1.com/pclick.php?p=43036517286&a=3093907&m=81383,"Kit 4 Banquetas Cozinha Balcão 1748 Carraro Preto",43036517286,11748001,,,,326.08,"Carraro BR",81383,,,https://images2.productserve.com/noimage.gif,BRL,,,https://loja.carraro.com.br/produto/11748001,,,BRL326.08,111390,,,,,,,
https://www.awin1.com/pclick.php?p=43036517287&a=3093907&m=81383,"Kit 4 Banquetas Cozinha Balcão 1748 Carraro Branco",43036517287,11748002,,,,326.08,"Carraro BR",81383,,,https://images2.productserve.com/noimage.gif,BRL,,,https://loja.carraro.com.br/produto/11748002,,,BRL326.08,111390,,,,,,,
https://www.awin1.com/pclick.php?p=43036517288&a=3093907&m=81383,"Conjunto 2 Cadeiras de Jantar 1749 Carraro Areia",43036517288,11749001,,,,467.38,"Carraro BR",81383,,,https://images2.productserve.com/noimage.gif,BRL,,,https://loja.carraro.com.br/produto/11749001,,,BRL467.38,111390,,,,,,,
https://www.awin1.com/pclick.php?p=43036517289&a=3093907&m=81383,"Conjunto 2 Cadeiras de Jantar 1749 Carraro Grafite",43036517289,11749002,,,,467.38,"Carraro BR",81383,,,https://images2.productserve.com/noimage.gif,BRL,,,https://loja.carraro.com.br/produto/11749002,,,BRL467.38,111390,,,,,,,
https://www.awin1.com/pclick.php?p=43036517290&a=3093907&m=81383,"Conjunto 2 Cadeiras de Jantar 1750 Carraro Areia",43036517290,11750001,,,,434.77,"Carraro BR",81383,,,https://images2.productserve.com/noimage.gif,BRL,,,https://loja.carraro.com.br/produto/11750001,,,BRL434.77,111390,,,,,,,
https://www.awin1.com/pclick.php?p=43036517291&a=3093907&m=81383,"Conjunto 2 Cadeiras de Jantar 1750 Carraro Grafite",43036517291,11750002,,,,434.77,"Carraro BR",81383,,,https://images2.productserve.com/noimage.gif,BRL,,,https://loja.carraro.com.br/produto/11750002,,,BRL434.77,111390,,,,,,,
https://www.awin1.com/pclick.php?p=43036517292&a=3093907&m=81383,"Kit 2 Banquetas Altas Duo Carraro Bamboo e Dourado",43036517292,11753001,,,,521.73,"Carraro BR",81383,,,https://images2.productserve.com/noimage.gif,BRL,,,https://loja.carraro.com.br/produto/11753001,,,BRL521.73,111390,,,,,,,
https://www.awin1.com/pclick.php?p=43036517293&a=3093907&m=81383,"Kit 2 Banquetas Altas Duo Carraro Areia e Rosê",43036517293,11753002,,,,521.73,"Carraro BR",81383,,,https://images2.productserve.com/noimage.gif,BRL,,,https://loja.carraro.com.br/produto/11753002,,,BRL521.73,111390,,,,,,,
https://www.awin1.com/pclick.php?p=43036517294&a=3093907&m=81383,"Kit 2 Banquetas Altas Duo Carraro Grafite e Preto",43036517294,11753003,,,,521.73,"Carraro BR",81383,,,https://images2.productserve.com/noimage.gif,BRL,,,https://loja.carraro.com.br/produto/11753003,,,BRL521.73,111390,,,,,,,
https://www.awin1.com/pclick.php?p=43036517295&a=3093907&m=81383,"Armário Aéreo de Cozinha Miami 1200mm 2 Pts de Vidro c Porta Temperos Carraro Preto Touch",43036517295,12500006,,,,565.21,"Carraro BR",81383,,,https://images2.productserve.com/noimage.gif,BRL,,,https://loja.carraro.com.br/produto/12500006,,,BRL565.21,111390,,,,,,,
https://www.awin1.com/pclick.php?p=43036517296&a=3093907&m=81383,"Armário Aéreo de Cozinha Miami 1200mm 2 Pts de Vidro c Porta Temperos Carraro Branco",43036517296,12500007,,,,565.21,"Carraro BR",81383,,,https://images2.productserve.com/noimage.gif,BRL,,,https://loja.carraro.com.br/produto/12500007,,,BRL565.21,111390,,,,,,,
https://www.awin1.com/pclick.php?p=43036517297&a=3093907&m=81383,"Armário Aéreo de Cozinha Miami 1200mm 2 Pts de Vidro c Porta Temperos Carraro Freijó",43036517297,12500008,,,,565.21,"Carraro BR",81383,,,https://images2.productserve.com/noimage.gif,BRL,,,https://loja.carraro.com.br/produto/12500008,,,BRL565.21,111390,,,,,,,
https://www.awin1.com/pclick.php?p=43036517298&a=3093907&m=81383,"Armário Aéreo de Cozinha Miami 1200mm 3 Portas c Porta Temperos Carraro Branco - Armário Aéreo de Cozinha Miami 1200mm 3 Portas c/ Porta Temperos Carraro Branco",43036517298,12501001,,,,423.9,"Carraro BR",81383,,,https://images2.productserve.com/noimage.gif,BRL,,,https://loja.carraro.com.br/produto/12501001,,,BRL423.9,111390,,,,,,,
https://www.awin1.com/pclick.php?p=43036517299&a=3093907&m=81383,"Armário Aéreo de Cozinha Miami 1200mm 3 Portas c Porta Temperos Carraro Preto Touch",43036517299,12501002,,,,423.9,"Carraro BR",81383,,,https://images2.productserve.com/noimage.gif,BRL,,,https://loja.carraro.com.br/produto/12501002,,,BRL423.9,111390,,,,,,,
https://www.awin1.com/pclick.php?p=43036517300&a=3093907&m=81383,"Armário Aéreo de Cozinha Miami 1200mm 3 Portas c Porta Temperos Carraro Cinza Titânio",43036517300,12501003,,,,423.9,"Carraro BR",81383,,,https://images2.productserve.com/noimage.gif,BRL,,,https://loja.carraro.com.br/produto/12501003,,,BRL423.9,111390,,,,,,,
https://www.awin1.com/pclick.php?p=43036517301&a=3093907&m=81383,"Armário Aéreo de Cozinha Miami 1200mm 3 Portas c Porta Temperos Carraro Freijó com Off White",43036517301,12501004,,,,423.9,"Carraro BR",81383,,,https://images2.productserve.com/noimage.gif,BRL,,,https://loja.carraro.com.br/produto/12501004,,,BRL423.9,111390,,,,,,,
https://www.awin1.com/pclick.php?p=43036517302&a=3093907&m=81383,"Armário Aéreo de Cozinha Miami 800mm 2 Portas c Porta Temperos Carraro Branco",43036517302,12502001,,,,358.68,"Carraro BR",81383,,,https://images2.productserve.com/noimage.gif,BRL,,,https://loja.carraro.com.br/produto/12502001,,,BRL358.68,111390,,,,,,,
https://www.awin1.com/pclick.php?p=43036517303&a=3093907&m=81383,"Armário Aéreo de Cozinha Miami 800mm 2 Portas c Porta Temperos Carraro Preto Touch",43036517303,12502002,,,,358.68,"Carraro BR",81383,,,https://images2.productserve.com/noimage.gif,BRL,,,https://loja.carraro.com.br/produto/12502002,,,BRL358.68,111390,,,,,,,
https://www.awin1.com/pclick.php?p=43036517304&a=3093907&m=81383,"Armário Aéreo de Cozinha Miami 800mm 2 Portas c Porta Temperos Carraro Cinza Titânio",43036517304,12502003,,,,358.68,"Carraro BR",81383,,,https://images2.productserve.com/noimage.gif,BRL,,,https://loja.carraro.com.br/produto/12502003,,,BRL358.68,111390,,,,,,,
https://www.awin1.com/pclick.php?p=43036517305&a=3093907&m=81383,"Armário Aéreo de Cozinha Miami 800mm 2 Portas c Porta Temperos Carraro Freijó com Off White",43036517305,12502004,,,,358.68,"Carraro BR",81383,,,https://images2.productserve.com/noimage.gif,BRL,,,https://loja.carraro.com.br/produto/12502004,,,BRL358.68,111390,,,,,,,
https://www.awin1.com/pclick.php?p=43036517306&a=3093907&m=81383,"Armário Aéreo de Cozinha Miami 800mm 1 Porta Carraro Branco",43036517306,12503001,,,,271.73,"Carraro BR",81383,,,https://images2.productserve.com/noimage.gif,BRL,,,https://loja.carraro.com.br/produto/12503001,,,BRL271.73,111390,,,,,,,
https://www.awin1.com/pclick.php?p=43036517307&a=3093907&m=81383,"Armário Aéreo de Cozinha Miami 800mm 1 Porta Carraro Preto Touch",43036517307,12503002,,,,271.73,"Carraro BR",81383,,,https://images2.productserve.com/noimage.gif,BRL,,,https://loja.carraro.com.br/produto/12503002,,,BRL271.73,111390,,,,,,,
https://www.awin1.com/pclick.php?p=43036517308&a=3093907&m=81383,"Armário Aéreo de Cozinha Miami 800mm 1 Porta Carraro Cinza Titânio",43036517308,12503003,,,,271.73,"Carraro BR",81383,,,https://images2.productserve.com/noimage.gif,BRL,,,https://loja.carraro.com.br/produto/12503003,,,BRL271.73,111390,,,,,,,
https://www.awin1.com/pclick.php?p=43036517309&a=3093907&m=81383,"Armário Aéreo de Cozinha Miami 800mm 1 Porta Carraro Freijó com Off White",43036517309,12503004,,,,271.73,"Carraro BR",81383,,,https://images2.productserve.com/noimage.gif,BRL,,,https://loja.carraro.com.br/produto/12503004,,,BRL271.73,111390,,,,,,,
https://www.awin1.com/pclick.php?p=43036517310&a=3093907&m=81383,"Armário Aéreo de Cozinha Miami 2 Portas com Nicho de Canto Carraro Branco",43036517310,12505001,,,,358.68,"Carraro BR",81383,,,https://images2.productserve.com/noimage.gif,BRL,,,https://loja.carraro.com.br/produto/12505001,,,BRL358.68,111390,,,,,,,
https://www.awin1.com/pclick.php?p=43036517311&a=3093907&m=81383,"Armário Aéreo de Cozinha Miami 2 Portas com Nicho de Canto Carraro Preto Touch",43036517311,12505002,,,,358.68,"Carraro BR",81383,,,https://images2.productserve.com/noimage.gif,BRL,,,https://loja.carraro.com.br/produto/12505002,,,BRL358.68,111390,,,,,,,
https://www.awin1.com/pclick.php?p=43036517312&a=3093907&m=81383,"Armário Aéreo de Cozinha Miami 2 Portas com Nicho de Canto Carraro Cinza Titânio",43036517312,12505003,,,,358.68,"Carraro BR",81383,,,https://images2.productserve.com/noimage.gif,BRL,,,https://loja.carraro.com.br/produto/12505003,,,BRL358.68,111390,,,,,,,
https://www.awin1.com/pclick.php?p=43036517313&a=3093907&m=81383,"Armário Aéreo de Cozinha Miami 2 Portas com Nicho de Canto Carraro Freijó com Off White",43036517313,12505004,,,,358.68,"Carraro BR",81383,,,https://images2.productserve.com/noimage.gif,BRL,,,https://loja.carraro.com.br/produto/12505004,,,BRL358.68,111390,,,,,,,
https://www.awin1.com/pclick.php?p=43036517314&a=3093907&m=81383,"Balcão de Cozinha Miami 1200mm 2 Portas 3 Gavetas Sem Tampo Carraro Freijó",43036517314,12506001,,,,510.86,"Carraro BR",81383,,,https://images2.productserve.com/noimage.gif,BRL,,,https://loja.carraro.com.br/produto/12506001,,,BRL510.86,111390,,,,,,,
https://www.awin1.com/pclick.php?p=43036517315&a=3093907&m=81383,"Balcão de Cozinha Miami 1200mm 2 Portas 3 Gavetas Sem Tampo Carraro Branco",43036517315,12506002,,,,510.86,"Carraro BR",81383,,,https://images2.productserve.com/noimage.gif,BRL,,,https://loja.carraro.com.br/produto/12506002,,,BRL510.86,111390,,,,,,,
https://www.awin1.com/pclick.php?p=43036517316&a=3093907&m=81383,"Balcão de Cozinha Miami 1200mm 2 Portas 3 Gavetas Com Tampo Carraro Branco",43036517316,12506003,,,,652.16,"Carraro BR",81383,,,https://images2.productserve.com/noimage.gif,BRL,,,https://loja.carraro.com.br/produto/12506003,,,BRL652.16,111390,,,,,,,
https://www.awin1.com/pclick.php?p=43036517317&a=3093907&m=81383,"Balcão de Cozinha Miami 1200mm 2 Portas 3 Gavetas Com Tampo Carraro Freijó",43036517317,12506004,,,,652.16,"Carraro BR",81383,,,https://images2.productserve.com/noimage.gif,BRL,,,https://loja.carraro.com.br/produto/12506004,,,BRL652.16,111390,,,,,,,
https://www.awin1.com/pclick.php?p=43036517318&a=3093907&m=81383,"Balcão de Cozinha Miami 1200mm 2 Portas 3 Gavetas Sem Tampo Carraro Freijó com Off White",43036517318,12506005,,,,510.86,"Carraro BR",81383,,,https://images2.productserve.com/noimage.gif,BRL,,,https://loja.carraro.com.br/produto/12506005,,,BRL510.86,111390,,,,,,,
https://www.awin1.com/pclick.php?p=43036517319&a=3093907&m=81383,"Balcão de Cozinha Miami 1200mm 2 Portas 3 Gavetas Com Tampo Carraro Freijó com Off White - Balcão de Cozinha 1200mm 3 Portas 2 Gavetas Com Tampo Lótus Carraro Freijó com Off White",43036517319,12506006,,,,652.16,"Carraro BR",81383,,,https://images2.productserve.com/noimage.gif,BRL,,,https://loja.carraro.com.br/produto/12506006,,,BRL652.16,111390,,,,,,,
https://www.awin1.com/pclick.php?p=43036517320&a=3093907&m=81383,"Balcão de Cozinha Miami 800mm 2 Portas Com Tampo Carraro Branco",43036517320,12507001,,,,326.08,"Carraro BR",81383,,,https://images2.productserve.com/noimage.gif,BRL,,,https://loja.carraro.com.br/produto/12507001,,,BRL326.08,111390,,,,,,,
https://www.awin1.com/pclick.php?p=43036517321&a=3093907&m=81383,"Balcão de Cozinha Miami 800mm 2 Portas Com Tampo Carraro Freijó",43036517321,12507002,,,,326.08,"Carraro BR",81383,,,https://images2.productserve.com/noimage.gif,BRL,,,https://loja.carraro.com.br/produto/12507002,,,BRL326.08,111390,,,,,,,
https://www.awin1.com/pclick.php?p=43036517322&a=3093907&m=81383,"Balcão de Cozinha Miami 800mm 2 Portas Com Tampo Carraro Freijó com Off White",43036517322,12507003,,,,326.08,"Carraro BR",81383,,,https://images2.productserve.com/noimage.gif,BRL,,,https://loja.carraro.com.br/produto/12507003,,,BRL326.08,111390,,,,,,,
https://www.awin1.com/pclick.php?p=43036517323&a=3093907&m=81383,"Balcão de Cozinha Canto Miami 1 Porta Com Tampo Carraro Branco",43036517323,12508001,,,,347.82,"Carraro BR",81383,,,https://images2.productserve.com/noimage.gif,BRL,,,https://loja.carraro.com.br/produto/12508001,,,BRL347.82,111390,,,,,,,
https://www.awin1.com/pclick.php?p=43036517324&a=3093907&m=81383,"Balcão de Cozinha Canto Miami 1 Porta Com Tampo Carraro Freijó",43036517324,12508002,,,,347.82,"Carraro BR",81383,,,https://images2.productserve.com/noimage.gif,BRL,,,https://loja.carraro.com.br/produto/12508002,,,BRL347.82,111390,,,,,,,
https://www.awin1.com/pclick.php?p=43036517325&a=3093907&m=81383,"Balcão de Cozinha Canto Miami 1 Porta Com Tampo Carraro Freijó com Off White",43036517325,12508003,,,,347.82,"Carraro BR",81383,,,https://images2.productserve.com/noimage.gif,BRL,,,https://loja.carraro.com.br/produto/12508003,,,BRL347.82,111390,,,,,,,
https://www.awin1.com/pclick.php?p=43036517326&a=3093907&m=81383,"Paneleiro 1 Porta + 1 Porta de Vidro 5 Prateleiras Lótus Carraro Preto",43036517326,12509001,,,,543.47,"Carraro BR",81383,,,https://images2.productserve.com/noimage.gif,BRL,,,https://loja.carraro.com.br/produto/12509001,,,BRL543.47,111390,,,,,,,
https://www.awin1.com/pclick.php?p=43036517327&a=3093907&m=81383,"Paneleiro 1 Porta + 1 Porta de Vidro 5 Prateleiras Lótus Carraro Branco",43036517327,12509002,,,,543.47,"Carraro BR",81383,,,https://images2.productserve.com/noimage.gif,BRL,,,https://loja.carraro.com.br/produto/12509002,,,BRL543.47,111390,,,,,,,
https://www.awin1.com/pclick.php?p=43036517328&a=3093907&m=81383,"Paneleiro 1 Porta + 1 Porta de Vidro 5 Prateleiras Lótus Carraro Freijó",43036517328,12509003,,,,543.47,"Carraro BR",81383,,,https://images2.productserve.com/noimage.gif,BRL,,,https://loja.carraro.com.br/produto/12509003,,,BRL543.47,111390,,,,,,,
https://www.awin1.com/pclick.php?p=43036517329&a=3093907&m=81383,"Paneleiro 1 Porta + 1 Porta de Vidro 5 Prateleiras Lótus Carraro Freijó com Off White",43036517329,12509004,,,,543.47,"Carraro BR",81383,,,https://images2.productserve.com/noimage.gif,BRL,,,https://loja.carraro.com.br/produto/12509004,,,BRL543.47,111390,,,,,,,
https://www.awin1.com/pclick.php?p=43036517330&a=3093907&m=81383,"Paneleiro Miami 1 Porta + 1 Porta de Vidro 5 Prateleiras Carraro Preto Touch",43036517330,12509005,,,,543.47,"Carraro BR",81383,,,https://images2.productserve.com/noimage.gif,BRL,,,https://loja.carraro.com.br/produto/12509005,,,BRL543.47,111390,,,,,,,
https://www.awin1.com/pclick.php?p=43036517331&a=3093907&m=81383,"Paneleiro Miami 1 Porta + 1 Porta de Vidro 5 Prateleiras Carraro Branco",43036517331,12509006,,,,543.47,"Carraro BR",81383,,,https://images2.productserve.com/noimage.gif,BRL,,,https://loja.carraro.com.br/produto/12509006,,,BRL543.47,111390,,,,,,,
https://www.awin1.com/pclick.php?p=43036517332&a=3093907&m=81383,"Paneleiro Miami 1 Porta + 1 Porta de Vidro 5 Prateleiras Carraro Freijó com Off White",43036517332,12509008,,,,543.47,"Carraro BR",81383,,,https://images2.productserve.com/noimage.gif,BRL,,,https://loja.carraro.com.br/produto/12509008,,,BRL543.47,111390,,,,,,,
https://www.awin1.com/pclick.php?p=43036517333&a=3093907&m=81383,"Paneleiro Miami 3 Portas 5 Prateleiras Carraro Freijó",43036517333,12510001,,,,434.77,"Carraro BR",81383,,,https://images2.productserve.com/noimage.gif,BRL,,,https://loja.carraro.com.br/produto/12510001,,,BRL434.77,111390,,,,,,,
https://www.awin1.com/pclick.php?p=43036517334&a=3093907&m=81383,"Paneleiro Miami 3 Portas 5 Prateleiras Carraro Branco",43036517334,12510002,,,,467.38,"Carraro BR",81383,,,https://images2.productserve.com/noimage.gif,BRL,,,https://loja.carraro.com.br/produto/12510002,,,BRL467.38,111390,,,,,,,
https://www.awin1.com/pclick.php?p=43036517335&a=3093907&m=81383,"Paneleiro Miami 3 Portas 5 Prateleiras Carraro Preto Touch",43036517335,12510003,,,,467.38,"Carraro BR",81383,,,https://images2.productserve.com/noimage.gif,BRL,,,https://loja.carraro.com.br/produto/12510003,,,BRL467.38,111390,,,,,,,
https://www.awin1.com/pclick.php?p=43036517336&a=3093907&m=81383,"Paneleiro Miami 3 Portas 5 Prateleiras Carraro Freijó com Off White",43036517336,12510004,,,,434.77,"Carraro BR",81383,,,https://images2.productserve.com/noimage.gif,BRL,,,https://loja.carraro.com.br/produto/12510004,,,BRL434.77,111390,,,,,,,
https://www.awin1.com/pclick.php?p=43036517337&a=3093907&m=81383,"Torre Quente Miami para 1 Forno 1 Microondas 3 Portas Carraro Freijó",43036517337,12511001,,,,576.08,"Carraro BR",81383,,,https://images2.productserve.com/noimage.gif,BRL,,,https://loja.carraro.com.br/produto/12511001,,,BRL576.08,111390,,,,,,,
https://www.awin1.com/pclick.php?p=43036517338&a=3093907&m=81383,"Torre Quente Miami para 1 Forno 1 Microondas 3 Portas Carraro Branco",43036517338,12511002,,,,543.47,"Carraro BR",81383,,,https://images2.productserve.com/noimage.gif,BRL,,,https://loja.carraro.com.br/produto/12511002,,,BRL543.47,111390,,,,,,,
https://www.awin1.com/pclick.php?p=43036517339&a=3093907&m=81383,"Torre Quente Miami para 1 Forno 1 Microondas 3 Portas Carraro Preto Touch",43036517339,12511003,,,,576.08,"Carraro BR",81383,,,https://images2.productserve.com/noimage.gif,BRL,,,https://loja.carraro.com.br/produto/12511003,,,BRL576.08,111390,,,,,,,
https://www.awin1.com/pclick.php?p=43036517340&a=3093907&m=81383,"Torre Quente Miami para 1 Forno 1 Microondas 3 Portas Carraro Freijó com Off White",43036517340,12511004,,,,543.47,"Carraro BR",81383,,,https://images2.productserve.com/noimage.gif,BRL,,,https://loja.carraro.com.br/produto/12511004,,,BRL543.47,111390,,,,,,,
https://www.awin1.com/pclick.php?p=43036517341&a=3093907&m=81383,"Mesa Bancada Ilha para Cozinha Miami Carraro Freijó",43036517341,12513001,,,,423.9,"Carraro BR",81383,,,https://images2.productserve.com/noimage.gif,BRL,,,https://loja.carraro.com.br/produto/12513001,,,BRL423.9,111390,,,,,,,
https://www.awin1.com/pclick.php?p=43036517342&a=3093907&m=81383,"Mesa Bancada Ilha para Cozinha Miami Carraro Branco",43036517342,12513002,,,,423.9,"Carraro BR",81383,,,https://images2.productserve.com/noimage.gif,BRL,,,https://loja.carraro.com.br/produto/12513002,,,BRL423.9,111390,,,,,,,
https://www.awin1.com/pclick.php?p=43036517343&a=3093907&m=81383,"Mesa Bancada Ilha para Cozinha Miami Carraro Preto Touch",43036517343,12513003,,,,423.9,"Carraro BR",81383,,,https://images2.productserve.com/noimage.gif,BRL,,,https://loja.carraro.com.br/produto/12513003,,,BRL423.9,111390,,,,,,,
https://www.awin1.com/pclick.php?p=43036517344&a=3093907&m=81383,"Torre Quente Miami para 1 Forno 4 Portas Carraro Freijó",43036517344,12514001,,,,586.95,"Carraro BR",81383,,,https://images2.productserve.com/noimage.gif,BRL,,,https://loja.carraro.com.br/produto/12514001,,,BRL586.95,111390,,,,,,,
https://www.awin1.com/pclick.php?p=43036517345&a=3093907&m=81383,"Torre Quente Miami para 1 Forno 4 Portas Carraro Branco",43036517345,12514002,,,,586.95,"Carraro BR",81383,,,https://images2.productserve.com/noimage.gif,BRL,,,https://loja.carraro.com.br/produto/12514002,,,BRL586.95,111390,,,,,,,
https://www.awin1.com/pclick.php?p=43036517346&a=3093907&m=81383,"Torre Quente Miami para 1 Forno 4 Portas Carraro Preto Touch",43036517346,12514003,,,,586.95,"Carraro BR",81383,,,https://images2.productserve.com/noimage.gif,BRL,,,https://loja.carraro.com.br/produto/12514003,,,BRL586.95,111390,,,,,,,
https://www.awin1.com/pclick.php?p=43036517347&a=3093907&m=81383,"Torre Quente Miami para 1 Forno 4 Portas Carraro Freijó com Off White",43036517347,12514004,,,,586.95,"Carraro BR",81383,,,https://images2.productserve.com/noimage.gif,BRL,,,https://loja.carraro.com.br/produto/12514004,,,BRL586.95,111390,,,,,,,
https://www.awin1.com/pclick.php?p=43036517348&a=3093907&m=81383,"Armário Aéreo de Cozinha 120 cm 2 Pts de Vidro e 1 Pta MDF Milla Carraro Branco",43036517348,12600001,,,,619.55,"Carraro BR",81383,,,https://images2.productserve.com/noimage.gif,BRL,,,https://loja.carraro.com.br/produto/12600001,,,BRL619.55,111390,,,,,,,
https://www.awin1.com/pclick.php?p=43036517349&a=3093907&m=81383,"Armário Aéreo de Cozinha 120 cm 2 Pts de Vidro e 1 Pta Milla Carraro Nogal com Cinza Titânio",43036517349,12600002,,,,619.55,"Carraro BR",81383,,,https://images2.productserve.com/noimage.gif,BRL,,,https://loja.carraro.com.br/produto/12600002,,,BRL619.55,111390,,,,,,,
https://www.awin1.com/pclick.php?p=43036517350&a=3093907&m=81383,"Armário Aéreo de Cozinha 120 cm 3 Portas MDF Milla Carraro Branco",43036517350,12601001,,,,489.12,"Carraro BR",81383,,,https://images2.productserve.com/noimage.gif,BRL,,,https://loja.carraro.com.br/produto/12601001,,,BRL489.12,111390,,,,,,,
https://www.awin1.com/pclick.php?p=43036517351&a=3093907&m=81383,"Armário Aéreo de Cozinha 120 cm 3 Portas Milla Carraro Nogal com Cinza Titânio",43036517351,12601002,,,,489.12,"Carraro BR",81383,,,https://images2.productserve.com/noimage.gif,BRL,,,https://loja.carraro.com.br/produto/12601002,,,BRL489.12,111390,,,,,,,
https://www.awin1.com/pclick.php?p=43036517352&a=3093907&m=81383,"Armário Aéreo de Cozinha 80 cm 2 Portas MDF Milla Carraro Branco",43036517352,12602001,,,,347.82,"Carraro BR",81383,,,https://images2.productserve.com/noimage.gif,BRL,,,https://loja.carraro.com.br/produto/12602001,,,BRL347.82,111390,,,,,,,
https://www.awin1.com/pclick.php?p=43036517353&a=3093907&m=81383,"Armário Aéreo de Cozinha 80 cm 2 Portas Milla Carraro Nogal com Cinza Titânio",43036517353,12602002,,,,347.82,"Carraro BR",81383,,,https://images2.productserve.com/noimage.gif,BRL,,,https://loja.carraro.com.br/produto/12602002,,,BRL347.82,111390,,,,,,,
https://www.awin1.com/pclick.php?p=43036517354&a=3093907&m=81383,"Armário Aéreo de Cozinha 80 cm 1 Porta MDF Milla Carraro Branco",43036517354,12603001,,,,239.12,"Carraro BR",81383,,,https://images2.productserve.com/noimage.gif,BRL,,,https://loja.carraro.com.br/produto/12603001,,,BRL239.12,111390,,,,,,,
https://www.awin1.com/pclick.php?p=43036517355&a=3093907&m=81383,"Armário Aéreo de Cozinha 80 cm 1 Porta Milla Carraro Nogal com Cinza Titânio",43036517355,12603002,,,,239.12,"Carraro BR",81383,,,https://images2.productserve.com/noimage.gif,BRL,,,https://loja.carraro.com.br/produto/12603002,,,BRL239.12,111390,,,,,,,
https://www.awin1.com/pclick.php?p=43036517356&a=3093907&m=81383,"Armário Aéreo de Cozinha 80 cm 2 Portas com Nicho de Canto MDF Milla Carraro Branco",43036517356,12604001,,,,521.73,"Carraro BR",81383,,,https://images2.productserve.com/noimage.gif,BRL,,,https://loja.carraro.com.br/produto/12604001,,,BRL521.73,111390,,,,,,,
https://www.awin1.com/pclick.php?p=43036517357&a=3093907&m=81383,"Armário Aéreo de Cozinha 80 cm 2 Portas com Nicho de Canto Milla Carraro Cinza Titânio",43036517357,12604002,,,,521.73,"Carraro BR",81383,,,https://images2.productserve.com/noimage.gif,BRL,,,https://loja.carraro.com.br/produto/12604002,,,BRL521.73,111390,,,,,,,
https://www.awin1.com/pclick.php?p=43036517358&a=3093907&m=81383,"Armário Aéreo de Cozinha 60 cm 1 Porta com Nicho Forno Milla Carraro Nogal com Cinza Titânio",43036517358,12605001,,,,293.47,"Carraro BR",81383,,,https://images2.productserve.com/noimage.gif,BRL,,,https://loja.carraro.com.br/produto/12605001,,,BRL293.47,111390,,,,,,,
https://www.awin1.com/pclick.php?p=43036517359&a=3093907&m=81383,"Armário Aéreo de Cozinha 60 cm 1 Porta com Nicho Forno MDF Milla Carraro Branco",43036517359,12605002,,,,293.47,"Carraro BR",81383,,,https://images2.productserve.com/noimage.gif,BRL,,,https://loja.carraro.com.br/produto/12605002,,,BRL293.47,111390,,,,,,,
https://www.awin1.com/pclick.php?p=43036517360&a=3093907&m=81383,"Armário Aéreo Ripado de Cozinha 80 cm 2 Prateleiras Milla Carraro Nogal",43036517360,12606001,,,,293.47,"Carraro BR",81383,,,https://images2.productserve.com/noimage.gif,BRL,,,https://loja.carraro.com.br/produto/12606001,,,BRL293.47,111390,,,,,,,
https://www.awin1.com/pclick.php?p=43036517361&a=3093907&m=81383,"Armário Aéreo Ripado de Cozinha 80 cm 2 Prateleiras MDF Milla Carraro Branco",43036517361,12606002,,,,293.47,"Carraro BR",81383,,,https://images2.productserve.com/noimage.gif,BRL,,,https://loja.carraro.com.br/produto/12606002,,,BRL293.47,111390,,,,,,,
https://www.awin1.com/pclick.php?p=43036517362&a=3093907&m=81383,"Nicho Aéreo 20 cm Milla Carraro Nogal",43036517362,12607001,,,,239.12,"Carraro BR",81383,,,https://images2.productserve.com/noimage.gif,BRL,,,https://loja.carraro.com.br/produto/12607001,,,BRL239.12,111390,,,,,,,
https://www.awin1.com/pclick.php?p=43036517363&a=3093907&m=81383,"Nicho Aéreo 20 cm MDF Milla Carraro Branco",43036517363,12607002,,,,239.12,"Carraro BR",81383,,,https://images2.productserve.com/noimage.gif,BRL,,,https://loja.carraro.com.br/produto/12607002,,,BRL239.12,111390,,,,,,,
https://www.awin1.com/pclick.php?p=43036517364&a=3093907&m=81383,"Balcão de Cozinha 120 cm 2 Pts 3 Gav c/ Tampo Milla Carraro Nogal com Cinza Titânio",43036517364,12608001,,,,826.08,"Carraro BR",81383,,,https://images2.productserve.com/noimage.gif,BRL,,,https://loja.carraro.com.br/produto/12608001,,,BRL826.08,111390,,,,,,,
https://www.awin1.com/pclick.php?p=43036517365&a=3093907&m=81383,"Balcão de Cozinha 120 cm 2 Pts 3 Gav MDF c/ Tampo Milla Carraro Branco",43036517365,12608002,,,,826.08,"Carraro BR",81383,,,https://images2.productserve.com/noimage.gif,BRL,,,https://loja.carraro.com.br/produto/12608002,,,BRL826.08,111390,,,,,,,
https://www.awin1.com/pclick.php?p=43036517366&a=3093907&m=81383,"Balcão de Cozinha 120 cm 2 Pts 3 Gav s/ Tampo Milla Carraro Nogal com Cinza Titânio",43036517366,12608003,,,,826.08,"Carraro BR",81383,,,https://images2.productserve.com/noimage.gif,BRL,,,https://loja.carraro.com.br/produto/12608003,,,BRL826.08,111390,,,,,,,
https://www.awin1.com/pclick.php?p=43036517367&a=3093907&m=81383,"Balcão de Cozinha 120 cm 2 Pts 3 Gav MDF s/ Tampo Milla Carraro Branco",43036517367,12608004,,,,826.08,"Carraro BR",81383,,,https://images2.productserve.com/noimage.gif,BRL,,,https://loja.carraro.com.br/produto/12608004,,,BRL826.08,111390,,,,,,,
https://www.awin1.com/pclick.php?p=43036517368&a=3093907&m=81383,"Balcão de Cozinha 80 cm 2 Pts c/ Tampo Milla Carraro Nogal com Cinza Titânio",43036517368,12609001,,,,456.51,"Carraro BR",81383,,,https://images2.productserve.com/noimage.gif,BRL,,,https://loja.carraro.com.br/produto/12609001,,,BRL456.51,111390,,,,,,,
https://www.awin1.com/pclick.php?p=43036517369&a=3093907&m=81383,"Balcão de Cozinha 80 cm 2 Pts MDF c/ Tampo Milla Carraro Branco",43036517369,12609002,,,,456.51,"Carraro BR",81383,,,https://images2.productserve.com/noimage.gif,BRL,,,https://loja.carraro.com.br/produto/12609002,,,BRL456.51,111390,,,,,,,
https://www.awin1.com/pclick.php?p=43036517370&a=3093907&m=81383,"Balcão de Cozinha 60 cm 2 Gavetas c/ Tampo Milla Carraro Nogal com Cinza Titânio",43036517370,12610001,,,,478.25,"Carraro BR",81383,,,https://images2.productserve.com/noimage.gif,BRL,,,https://loja.carraro.com.br/produto/12610001,,,BRL478.25,111390,,,,,,,
https://www.awin1.com/pclick.php?p=43036517371&a=3093907&m=81383,"Balcão de Cozinha 60 cm 2 Gavetas MDF c/ Tampo Milla Carraro Branco",43036517371,12610002,,,,478.25,"Carraro BR",81383,,,https://images2.productserve.com/noimage.gif,BRL,,,https://loja.carraro.com.br/produto/12610002,,,BRL478.25,111390,,,,,,,
https://www.awin1.com/pclick.php?p=43036517372&a=3093907&m=81383,"Balcão de Cozinha Canto 94 cm 1 Porta c/ Tampo Milla Carraro Nogal com Cinza Titânio",43036517372,12611001,,,,489.12,"Carraro BR",81383,,,https://images2.productserve.com/noimage.gif,BRL,,,https://loja.carraro.com.br/produto/12611001,,,BRL489.12,111390,,,,,,,
https://www.awin1.com/pclick.php?p=43036517373&a=3093907&m=81383,"Balcão de Cozinha Canto 94 cm 1 Porta MDF c/ Tampo Milla Carraro Branco",43036517373,12611002,,,,489.12,"Carraro BR",81383,,,https://images2.productserve.com/noimage.gif,BRL,,,https://loja.carraro.com.br/produto/12611002,,,BRL489.12,111390,,,,,,,
https://www.awin1.com/pclick.php?p=43036517374&a=3093907&m=81383,"Nicho Toalheiro de Cozinha 20 cm Com Tampo Milla Carraro Nogal com Cinza Titânio",43036517374,12612001,,,,282.6,"Carraro BR",81383,,,https://images2.productserve.com/noimage.gif,BRL,,,https://loja.carraro.com.br/produto/12612001,,,BRL282.6,111390,,,,,,,
https://www.awin1.com/pclick.php?p=43036517375&a=3093907&m=81383,"Nicho Toalheiro de Cozinha 20 cm MDF Com Tampo Milla Carraro Branco",43036517375,12612002,,,,282.6,"Carraro BR",81383,,,https://images2.productserve.com/noimage.gif,BRL,,,https://loja.carraro.com.br/produto/12612002,,,BRL282.6,111390,,,,,,,
https://www.awin1.com/pclick.php?p=43036517376&a=3093907&m=81383,"Bancada Ilha de Cozinha Ripado 120 cm MDF Milla Carraro Branco",43036517376,12613001,,,,489.12,"Carraro BR",81383,,,https://images2.productserve.com/noimage.gif,BRL,,,https://loja.carraro.com.br/produto/12613001,,,BRL489.12,111390,,,,,,,
https://www.awin1.com/pclick.php?p=43036517377&a=3093907&m=81383,"Bancada Ilha de Cozinha Ripado 120 cm Milla Carraro Nogal",43036517377,12613002,,,,489.12,"Carraro BR",81383,,,https://images2.productserve.com/noimage.gif,BRL,,,https://loja.carraro.com.br/produto/12613002,,,BRL489.12,111390,,,,,,,
https://www.awin1.com/pclick.php?p=43036517378&a=3093907&m=81383,"Paneleiro 2 Portas 4 Nichos MDF Milla Carraro Branco",43036517378,12614001,,,,478.25,"Carraro BR",81383,,,https://images2.productserve.com/noimage.gif,BRL,,,https://loja.carraro.com.br/produto/12614001,,,BRL478.25,111390,,,,,,,
https://www.awin1.com/pclick.php?p=43036517379&a=3093907&m=81383,"Paneleiro 2 Portas 4 Nichos Milla Carraro Nogal com Cinza Titânio",43036517379,12614002,,,,478.25,"Carraro BR",81383,,,https://images2.productserve.com/noimage.gif,BRL,,,https://loja.carraro.com.br/produto/12614002,,,BRL478.25,111390,,,,,,,
https://www.awin1.com/pclick.php?p=43036517380&a=3093907&m=81383,"Cristaleira 2 Portas Vidro Milla Carraro Nogal com Cinza Titânio",43036517380,12615002,,,,836.95,"Carraro BR",81383,,,https://images2.productserve.com/noimage.gif,BRL,,,https://loja.carraro.com.br/produto/12615002,,,BRL836.95,111390,,,,,,,
https://www.awin1.com/pclick.php?p=43036517381&a=3093907&m=81383,"Torre Quente para 1 Forno 1 Microondas 4 Portas MDF Milla Carraro Branco",43036517381,12616001,,,,749.99,"Carraro BR",81383,,,https://images2.productserve.com/noimage.gif,BRL,,,https://loja.carraro.com.br/produto/12616001,,,BRL749.99,111390,,,,,,,
https://www.awin1.com/pclick.php?p=43036517382&a=3093907&m=81383,"Torre Quente para 1 Forno 1 Microondas 4 Portas Milla Carraro Nogal com Cinza Titânio",43036517382,12616002,,,,749.99,"Carraro BR",81383,,,https://images2.productserve.com/noimage.gif,BRL,,,https://loja.carraro.com.br/produto/12616002,,,BRL749.99,111390,,,,,,,
https://www.awin1.com/pclick.php?p=43036517383&a=3093907&m=81383,"Torre Quente para 1 Forno 4 Portas MDF Milla Carraro Branco",43036517383,12617001,,,,826.08,"Carraro BR",81383,,,https://images2.productserve.com/noimage.gif,BRL,,,https://loja.carraro.com.br/produto/12617001,,,BRL826.08,111390,,,,,,,
https://www.awin1.com/pclick.php?p=43036517384&a=3093907&m=81383,"Torre Quente para 1 Forno 4 Portas Milla Carraro Nogal com Cinza Titânio",43036517384,12617002,,,,826.08,"Carraro BR",81383,,,https://images2.productserve.com/noimage.gif,BRL,,,https://loja.carraro.com.br/produto/12617002,,,BRL826.08,111390,,,,,,,
https://www.awin1.com/pclick.php?p=43036517385&a=3093907&m=81383,"Painel Ripado 60 cm Milla Carraro Nogal",43036517385,12618001,,,,163.03,"Carraro BR",81383,,,https://images2.productserve.com/noimage.gif,BRL,,,https://loja.carraro.com.br/produto/12618001,,,BRL163.03,111390,,,,,,,
https://www.awin1.com/pclick.php?p=43036517386&a=3093907&m=81383,"Painel Ripado 80 cm Milla Carraro Nogal",43036517386,12619001,,,,195.64,"Carraro BR",81383,,,https://images2.productserve.com/noimage.gif,BRL,,,https://loja.carraro.com.br/produto/12619001,,,BRL195.64,111390,,,,,,,
https://www.awin1.com/pclick.php?p=43036517387&a=3093907&m=81383,"Painel Ripado 80 cm MDF Milla Carraro Branco",43036517387,12619002,,,,195.64,"Carraro BR",81383,,,https://images2.productserve.com/noimage.gif,BRL,,,https://loja.carraro.com.br/produto/12619002,,,BRL195.64,111390,,,,,,,
https://www.awin1.com/pclick.php?p=43036517388&a=3093907&m=81383,"Painel Ripado 230 cm Milla Carraro Nogal",43036517388,12620001,,,,347.82,"Carraro BR",81383,,,https://images2.productserve.com/noimage.gif,BRL,,,https://loja.carraro.com.br/produto/12620001,,,BRL347.82,111390,,,,,,,
https://www.awin1.com/pclick.php?p=43036517389&a=3093907&m=81383,"Painel Ripado 230 cm MDF Milla Carraro Branco",43036517389,12620002,,,,347.82,"Carraro BR",81383,,,https://images2.productserve.com/noimage.gif,BRL,,,https://loja.carraro.com.br/produto/12620002,,,BRL347.82,111390,,,,,,,
https://www.awin1.com/pclick.php?p=43036517390&a=3093907&m=81383,"Torre Quente para 1 Forno 4 Portas Arizona Carraro Carvalho com Branco - Torre Quente Cozinha Arizona 2783 Carraro Carvalho Branco",43036517390,12783001,,,,347.82,"Carraro BR",81383,,,https://images2.productserve.com/noimage.gif,BRL,,,https://loja.carraro.com.br/produto/12783001,,,BRL347.82,111390,,,,,,,
https://www.awin1.com/pclick.php?p=43036517391&a=3093907&m=81383,"Torre Quente para 1 Forno 4 Portas Arizona Carraro Carvalho",43036517391,12783002,,,,347.82,"Carraro BR",81383,,,https://images2.productserve.com/noimage.gif,BRL,,,https://loja.carraro.com.br/produto/12783002,,,BRL347.82,111390,,,,,,,
https://www.awin1.com/pclick.php?p=43036517392&a=3093907&m=81383,"Torre Quente para 1 Forno 4 Portas Arizona Carraro Carvalho com Preto",43036517392,12783003,,,,347.82,"Carraro BR",81383,,,https://images2.productserve.com/noimage.gif,BRL,,,https://loja.carraro.com.br/produto/12783003,,,BRL347.82,111390,,,,,,,
https://www.awin1.com/pclick.php?p=43036517393&a=3093907&m=81383,"Armário de Cozinha Compacta Arizona Tiny Carraro Carvalho",43036517393,12784001,,,,499.99,"Carraro BR",81383,,,https://images2.productserve.com/noimage.gif,BRL,,,https://loja.carraro.com.br/produto/12784001,,,BRL499.99,111390,,,,,,,
https://www.awin1.com/pclick.php?p=43036517394&a=3093907&m=81383,"Armário de Cozinha Compacta Arizona Tiny Carraro Carvalho com Branco",43036517394,12784002,,,,499.99,"Carraro BR",81383,,,https://images2.productserve.com/noimage.gif,BRL,,,https://loja.carraro.com.br/produto/12784002,,,BRL499.99,111390,,,,,,,
https://www.awin1.com/pclick.php?p=43036517395&a=3093907&m=81383,"Armário de Cozinha Compacta Arizona Tiny Carraro Carvalho com Preto",43036517395,12784003,,,,499.99,"Carraro BR",81383,,,https://images2.productserve.com/noimage.gif,BRL,,,https://loja.carraro.com.br/produto/12784003,,,BRL499.99,111390,,,,,,,
https://www.awin1.com/pclick.php?p=43036517396&a=3093907&m=81383,"Armário de Cozinha Compacta c/ Balcão Arizona Glam Carraro Carvalho com Branco",43036517396,12999001,,,,717.38,"Carraro BR",81383,,,https://images2.productserve.com/noimage.gif,BRL,,,https://loja.carraro.com.br/produto/12999001,,,BRL717.38,111390,,,,,,,
https://www.awin1.com/pclick.php?p=43036517397&a=3093907&m=81383,"Conjunto Sala de Jantar 6 Cadeiras Loanda Carraro Areia Rose",43036517397,12999002,,,,1978.25,"Carraro BR",81383,,,https://images2.productserve.com/noimage.gif,BRL,,,https://loja.carraro.com.br/produto/12999002,,,BRL1978.25,111390,,,,,,,
https://www.awin1.com/pclick.php?p=43036517398&a=3093907&m=81383,"Armário de Cozinha Completa Miami Plus Freijó com Off White",43036517398,12999003,,,,1326.08,"Carraro BR",81383,,,https://images2.productserve.com/noimage.gif,BRL,,,https://loja.carraro.com.br/produto/12999003,,,BRL1326.08,111390,,,,,,,
https://www.awin1.com/pclick.php?p=43036517399&a=3093907&m=81383,"Armário de Cozinha Completa Miami Edge Freijó com Cinza Titânio",43036517399,12999006,,,,1369.55,"Carraro BR",81383,,,https://images2.productserve.com/noimage.gif,BRL,,,https://loja.carraro.com.br/produto/12999006,,,BRL1369.55,111390,,,,,,,
https://www.awin1.com/pclick.php?p=43036517400&a=3093907&m=81383,"Armário de Cozinha Completa Miami Slim Branco com Cinza Titânio",43036517400,12999007,,,,1293.47,"Carraro BR",81383,,,https://images2.productserve.com/noimage.gif,BRL,,,https://loja.carraro.com.br/produto/12999007,,,BRL1293.47,111390,,,,,,,
https://www.awin1.com/pclick.php?p=43036517401&a=3093907&m=81383,"Armário de Cozinha Completa Miami Look Preto Touch com Freijó",43036517401,12999011,,,,2173.9,"Carraro BR",81383,,,https://images2.productserve.com/noimage.gif,BRL,,,https://loja.carraro.com.br/produto/12999011,,,BRL2173.9,111390,,,,,,,
https://www.awin1.com/pclick.php?p=43036517402&a=3093907&m=81383,"Armário de Cozinha Completa Miami New Branco e Preto Touch",43036517402,12999012,,,,2489.12,"Carraro BR",81383,,,https://images2.productserve.com/noimage.gif,BRL,,,https://loja.carraro.com.br/produto/12999012,,,BRL2489.12,111390,,,,,,,
https://www.awin1.com/pclick.php?p=43036517403&a=3093907&m=81383,"Armário de Cozinha Completa Miami Cool Freijó com Off White",43036517403,12999013,,,,1684.77,"Carraro BR",81383,,,https://images2.productserve.com/noimage.gif,BRL,,,https://loja.carraro.com.br/produto/12999013,,,BRL1684.77,111390,,,,,,,
https://www.awin1.com/pclick.php?p=43036517404&a=3093907&m=81383,"Armário de Cozinha Completa Miami Collect Branco com Freijó",43036517404,12999014,,,,2652.16,"Carraro BR",81383,,,https://images2.productserve.com/noimage.gif,BRL,,,https://loja.carraro.com.br/produto/12999014,,,BRL2652.16,111390,,,,,,,
https://www.awin1.com/pclick.php?p=43036517405&a=3093907&m=81383,"Armário de Cozinha Completa c/ Balcão Lótus Box Carraro Freijó com Off White",43036517405,12999015,,,,1326.08,"Carraro BR",81383,,,https://images2.productserve.com/noimage.gif,BRL,,,https://loja.carraro.com.br/produto/12999015,,,BRL1326.08,111390,,,,,,,
https://www.awin1.com/pclick.php?p=43036517406&a=3093907&m=81383,"Armário de Cozinha Completa Miami Lux Branco",43036517406,12999019,,,,1413.03,"Carraro BR",81383,,,https://images2.productserve.com/noimage.gif,BRL,,,https://loja.carraro.com.br/produto/12999019,,,BRL1413.03,111390,,,,,,,
https://www.awin1.com/pclick.php?p=43036517407&a=3093907&m=81383,"Armário de Cozinha Completa Miami Lift Preto Touch com Freijó",43036517407,12999020,,,,1891.29,"Carraro BR",81383,,,https://images2.productserve.com/noimage.gif,BRL,,,https://loja.carraro.com.br/produto/12999020,,,BRL1891.29,111390,,,,,,,
https://www.awin1.com/pclick.php?p=43036517408&a=3093907&m=81383,"Armário de Cozinha Completa Miami Flow Freijó com Cinza Titânio",43036517408,12999021,,,,2380.42,"Carraro BR",81383,,,https://images2.productserve.com/noimage.gif,BRL,,,https://loja.carraro.com.br/produto/12999021,,,BRL2380.42,111390,,,,,,,
https://www.awin1.com/pclick.php?p=43036517409&a=3093907&m=81383,"Armário de Cozinha Completa Miami Energy Preto Touch com Freijó",43036517409,12999022,,,,1793.47,"Carraro BR",81383,,,https://images2.productserve.com/noimage.gif,BRL,,,https://loja.carraro.com.br/produto/12999022,,,BRL1793.47,111390,,,,,,,
https://www.awin1.com/pclick.php?p=43036517410&a=3093907&m=81383,"Armário de Cozinha Completa c Balcão Miami Boost Carraro Branco",43036517410,12999025,,,,1228.25,"Carraro BR",81383,,,https://images2.productserve.com/noimage.gif,BRL,,,https://loja.carraro.com.br/produto/12999025,,,BRL1228.25,111390,,,,,,,
https://www.awin1.com/pclick.php?p=43036517411&a=3093907&m=81383,"Conjunto Sala de Jantar 4 Cadeiras Galway Carraro Legno",43036517411,12999031,,,,1076.08,"Carraro BR",81383,,,https://images2.productserve.com/noimage.gif,BRL,,,https://loja.carraro.com.br/produto/12999031,,,BRL1076.08,111390,,,,,,,
https://www.awin1.com/pclick.php?p=43036517412&a=3093907&m=81383,"Conjunto Sala de Jantar 4 Cadeiras Fortaleza Carraro Legno",43036517412,12999037,,,,934.77,"Carraro BR",81383,,,https://images2.productserve.com/noimage.gif,BRL,,,https://loja.carraro.com.br/produto/12999037,,,BRL934.77,111390,,,,,,,
https://www.awin1.com/pclick.php?p=43036517413&a=3093907&m=81383,"Armário de Cozinha Compacta c/ Balcão Arizona Glam Carraro Carvalho",43036517413,12999038,,,,706.51,"Carraro BR",81383,,,https://images2.productserve.com/noimage.gif,BRL,,,https://loja.carraro.com.br/produto/12999038,,,BRL706.51,111390,,,,,,,
https://www.awin1.com/pclick.php?p=43036517414&a=3093907&m=81383,"Armário de Cozinha Compacta c/ Balcão Arizona Glam Carraro Carvalho com Preto",43036517414,12999039,,,,717.38,"Carraro BR",81383,,,https://images2.productserve.com/noimage.gif,BRL,,,https://loja.carraro.com.br/produto/12999039,,,BRL717.38,111390,,,,,,,
https://www.awin1.com/pclick.php?p=43036517415&a=3093907&m=81383,"Conjunto Sala de Jantar 2 Banquetas Palermo Carraro Branco Prata",43036517415,12999040,,,,576.08,"Carraro BR",81383,,,https://images2.productserve.com/noimage.gif,BRL,,,https://loja.carraro.com.br/produto/12999040,,,BRL576.08,111390,,,,,,,
https://www.awin1.com/pclick.php?p=43036517416&a=3093907&m=81383,"Conjunto Sala de Jantar 4 Banquetas Palermo Carraro Branco Prata",43036517416,12999042,,,,815.21,"Carraro BR",81383,,,https://images2.productserve.com/noimage.gif,BRL,,,https://loja.carraro.com.br/produto/12999042,,,BRL815.21,111390,,,,,,,
https://www.awin1.com/pclick.php?p=43036517417&a=3093907&m=81383,"Conjunto Sala de Jantar 2 Cadeiras Tallim Carraro Branco",43036517417,12999045,,,,597.82,"Carraro BR",81383,,,https://images2.productserve.com/noimage.gif,BRL,,,https://loja.carraro.com.br/produto/12999045,,,BRL597.82,111390,,,,,,,
https://www.awin1.com/pclick.php?p=43036517418&a=3093907&m=81383,"Armário de Cozinha Compacta Completa Arizona Plus Carraro Carvalho",43036517418,12999050,,,,989.12,"Carraro BR",81383,,,https://images2.productserve.com/noimage.gif,BRL,,,https://loja.carraro.com.br/produto/12999050,,,BRL989.12,111390,,,,,,,
https://www.awin1.com/pclick.php?p=43036517419&a=3093907&m=81383,"Armário de Cozinha Compacta Completa Arizona Plus Carraro Carvalho com Branco",43036517419,12999051,,,,978.25,"Carraro BR",81383,,,https://images2.productserve.com/noimage.gif,BRL,,,https://loja.carraro.com.br/produto/12999051,,,BRL978.25,111390,,,,,,,
https://www.awin1.com/pclick.php?p=43036517420&a=3093907&m=81383,"Armário de Cozinha Compacta Completa Arizona Plus Carraro Carvalho com Preto",43036517420,12999053,,,,978.25,"Carraro BR",81383,,,https://images2.productserve.com/noimage.gif,BRL,,,https://loja.carraro.com.br/produto/12999053,,,BRL978.25,111390,,,,,,,
https://www.awin1.com/pclick.php?p=43036517421&a=3093907&m=81383,"Armário de Cozinha Compacta Completa Arizona Essence Carraro Carvalho",43036517421,12999054,,,,804.34,"Carraro BR",81383,,,https://images2.productserve.com/noimage.gif,BRL,,,https://loja.carraro.com.br/produto/12999054,,,BRL804.34,111390,,,,,,,
https://www.awin1.com/pclick.php?p=43036517422&a=3093907&m=81383,"Armário de Cozinha Compacta Completa Arizona Essence Carraro Carvalho com Preto",43036517422,12999056,,,,782.6,"Carraro BR",81383,,,https://images2.productserve.com/noimage.gif,BRL,,,https://loja.carraro.com.br/produto/12999056,,,BRL782.6,111390,,,,,,,
https://www.awin1.com/pclick.php?p=43036517423&a=3093907&m=81383,"Armário de Cozinha Compacta Completa Arizona Essence Carraro Carvalho com Branco",43036517423,12999057,,,,858.68,"Carraro BR",81383,,,https://images2.productserve.com/noimage.gif,BRL,,,https://loja.carraro.com.br/produto/12999057,,,BRL858.68,111390,,,,,,,
https://www.awin1.com/pclick.php?p=43036517424&a=3093907&m=81383,"Conjunto Sala de Jantar 4 Cadeiras Valencia Carraro Freijó",43036517424,12999061,,,,793.47,"Carraro BR",81383,,,https://images2.productserve.com/noimage.gif,BRL,,,https://loja.carraro.com.br/produto/12999061,,,BRL793.47,111390,,,,,,,
https://www.awin1.com/pclick.php?p=43036517425&a=3093907&m=81383,"Conjunto Sala de Jantar 6 Cadeiras Fenix Carraro Freijó",43036517425,12999068,,,,1413.03,"Carraro BR",81383,,,https://images2.productserve.com/noimage.gif,BRL,,,https://loja.carraro.com.br/produto/12999068,,,BRL1413.03,111390,,,,,,,
https://www.awin1.com/pclick.php?p=43036517426&a=3093907&m=81383,"Conjunto Sala de Jantar 4 Cadeiras San Francisco Carraro Freijó",43036517426,12999069,,,,1065.21,"Carraro BR",81383,,,https://images2.productserve.com/noimage.gif,BRL,,,https://loja.carraro.com.br/produto/12999069,,,BRL1065.21,111390,,,,,,,
https://www.awin1.com/pclick.php?p=43036517427&a=3093907&m=81383,"Conjunto Sala de Jantar 6 Cadeiras Paris Carraro Nogal Rosê",43036517427,12999070,,,,1619.55,"Carraro BR",81383,,,https://images2.productserve.com/noimage.gif,BRL,,,https://loja.carraro.com.br/produto/12999070,,,BRL1619.55,111390,,,,,,,
https://www.awin1.com/pclick.php?p=43036517428&a=3093907&m=81383,"Conjunto Sala de Jantar 6 Cadeiras Paris Carraro Nogal Preto",43036517428,12999071,,,,1836.95,"Carraro BR",81383,,,https://images2.productserve.com/noimage.gif,BRL,,,https://loja.carraro.com.br/produto/12999071,,,BRL1836.95,111390,,,,,,,
https://www.awin1.com/pclick.php?p=43036517429&a=3093907&m=81383,"Conjunto Sala de Jantar 4 Cadeiras Seul Carraro Nogal Preto",43036517429,12999072,,,,1217.38,"Carraro BR",81383,,,https://images2.productserve.com/noimage.gif,BRL,,,https://loja.carraro.com.br/produto/12999072,,,BRL1217.38,111390,,,,,,,
https://www.awin1.com/pclick.php?p=43036517430&a=3093907&m=81383,"Conjunto Sala de Jantar 4 Cadeiras Deli Carraro Nogal Rosê",43036517430,12999073,,,,1163.03,"Carraro BR",81383,,,https://images2.productserve.com/noimage.gif,BRL,,,https://loja.carraro.com.br/produto/12999073,,,BRL1163.03,111390,,,,,,,
https://www.awin1.com/pclick.php?p=43036517431&a=3093907&m=81383,"Conjunto Sala de Jantar 6 Cadeiras Loanda Carraro Nogal com Preto",43036517431,12999074,,,,1978.25,"Carraro BR",81383,,,https://images2.productserve.com/noimage.gif,BRL,,,https://loja.carraro.com.br/produto/12999074,,,BRL1978.25,111390,,,,,,,
https://www.awin1.com/pclick.php?p=43036517432&a=3093907&m=81383,"Conjunto Sala de Jantar 4 Cadeiras Sydney Carraro Nogal com Preto",43036517432,12999075,,,,1478.25,"Carraro BR",81383,,,https://images2.productserve.com/noimage.gif,BRL,,,https://loja.carraro.com.br/produto/12999075,,,BRL1478.25,111390,,,,,,,
https://www.awin1.com/pclick.php?p=43036517433&a=3093907&m=81383,"Conjunto Sala de Jantar 4 Cadeiras Nairobi Carraro Nogal",43036517433,12999076,,,,1413.03,"Carraro BR",81383,,,https://images2.productserve.com/noimage.gif,BRL,,,https://loja.carraro.com.br/produto/12999076,,,BRL1413.03,111390,,,,,,,
https://www.awin1.com/pclick.php?p=43036517434&a=3093907&m=81383,"Conjunto Sala de Jantar 6 Cadeiras Filadelfia Carraro Nogal com Preto",43036517434,12999077,,,,2054.34,"Carraro BR",81383,,,https://images2.productserve.com/noimage.gif,BRL,,,https://loja.carraro.com.br/produto/12999077,,,BRL2054.34,111390,,,,,,,
https://www.awin1.com/pclick.php?p=43036517435&a=3093907&m=81383,"Conjunto Sala de Jantar 6 Cadeiras Filadelfia Carraro Nogal",43036517435,12999078,,,,2065.21,"Carraro BR",81383,,,https://images2.productserve.com/noimage.gif,BRL,,,https://loja.carraro.com.br/produto/12999078,,,BRL2065.21,111390,,,,,,,
https://www.awin1.com/pclick.php?p=43036517436&a=3093907&m=81383,"Conjunto Sala de Jantar 6 Cadeiras Los Angeles Carraro Nogal Rosê",43036517436,12999081,,,,1945.64,"Carraro BR",81383,,,https://images2.productserve.com/noimage.gif,BRL,,,https://loja.carraro.com.br/produto/12999081,,,BRL1945.64,111390,,,,,,,
https://www.awin1.com/pclick.php?p=43036517437&a=3093907&m=81383,"Conjunto Sala de Jantar 6 Cadeiras Los Angeles Carraro Nogal com Preto",43036517437,12999082,,,,1956.51,"Carraro BR",81383,,,https://images2.productserve.com/noimage.gif,BRL,,,https://loja.carraro.com.br/produto/12999082,,,BRL1956.51,111390,,,,,,,
https://www.awin1.com/pclick.php?p=43036517438&a=3093907&m=81383,"Conjunto Sala de Jantar 4 Cadeiras Guatemala Carraro Nogal com Preto",43036517438,12999083,,,,1413.03,"Carraro BR",81383,,,https://images2.productserve.com/noimage.gif,BRL,,,https://loja.carraro.com.br/produto/12999083,,,BRL1413.03,111390,,,,,,,
https://www.awin1.com/pclick.php?p=43036517439&a=3093907&m=81383,"Conjunto Sala de Jantar 4 Cadeiras Fontana Carraro Nogal Rosê",43036517439,12999084,,,,1326.08,"Carraro BR",81383,,,https://images2.productserve.com/noimage.gif,BRL,,,https://loja.carraro.com.br/produto/12999084,,,BRL1326.08,111390,,,,,,,
https://www.awin1.com/pclick.php?p=43036517440&a=3093907&m=81383,"Conjunto Sala de Jantar 4 Cadeiras Nolita Carraro Freijó",43036517440,12999085,,,,1304.34,"Carraro BR",81383,,,https://images2.productserve.com/noimage.gif,BRL,,,https://loja.carraro.com.br/produto/12999085,,,BRL1304.34,111390,,,,,,,
https://www.awin1.com/pclick.php?p=43036517441&a=3093907&m=81383,"Conjunto Sala de Jantar 4 Cadeiras Nolita Carraro Freijó com Preto",43036517441,12999086,,,,1304.34,"Carraro BR",81383,,,https://images2.productserve.com/noimage.gif,BRL,,,https://loja.carraro.com.br/produto/12999086,,,BRL1304.34,111390,,,,,,,
https://www.awin1.com/pclick.php?p=43036517442&a=3093907&m=81383,"Conjunto Sala de Jantar 4 Cadeiras San Lorenzo Carraro Nogal",43036517442,12999087,,,,1326.08,"Carraro BR",81383,,,https://images2.productserve.com/noimage.gif,BRL,,,https://loja.carraro.com.br/produto/12999087,,,BRL1326.08,111390,,,,,,,
https://www.awin1.com/pclick.php?p=43036517443&a=3093907&m=81383,"Conjunto Sala de Jantar 4 Cadeiras San Lorenzo Carraro Petra",43036517443,12999088,,,,1260.86,"Carraro BR",81383,,,https://images2.productserve.com/noimage.gif,BRL,,,https://loja.carraro.com.br/produto/12999088,,,BRL1260.86,111390,,,,,,,
https://www.awin1.com/pclick.php?p=43036517444&a=3093907&m=81383,"Conjunto Sala de Jantar 6 Cadeiras San Paolo Carraro Nogal",43036517444,12999089,,,,1728.25,"Carraro BR",81383,,,https://images2.productserve.com/noimage.gif,BRL,,,https://loja.carraro.com.br/produto/12999089,,,BRL1728.25,111390,,,,,,,
https://www.awin1.com/pclick.php?p=43036517445&a=3093907&m=81383,"Conjunto Sala de Jantar 4 Cadeiras Roman Carraro Nogal",43036517445,12999090,,,,1347.82,"Carraro BR",81383,,,https://images2.productserve.com/noimage.gif,BRL,,,https://loja.carraro.com.br/produto/12999090,,,BRL1347.82,111390,,,,,,,
https://www.awin1.com/pclick.php?p=43036517446&a=3093907&m=81383,"Conjunto Sala de Jantar 4 Cadeiras Monte Carlo Carraro Petra",43036517446,12999091,,,,1304.34,"Carraro BR",81383,,,https://images2.productserve.com/noimage.gif,BRL,,,https://loja.carraro.com.br/produto/12999091,,,BRL1304.34,111390,,,,,,,
https://www.awin1.com/pclick.php?p=43036517447&a=3093907&m=81383,"Conjunto Sala de Jantar 6 Cadeiras Di Nettuno Carraro Nogal",43036517447,12999092,,,,1793.47,"Carraro BR",81383,,,https://images2.productserve.com/noimage.gif,BRL,,,https://loja.carraro.com.br/produto/12999092,,,BRL1793.47,111390,,,,,,,
https://www.awin1.com/pclick.php?p=43036517448&a=3093907&m=81383,"Rack com Painel TV 50"" Ohio Carraro Legno",43036517448,12999093,,,,586.95,"Carraro BR",81383,,,https://images2.productserve.com/noimage.gif,BRL,,,https://loja.carraro.com.br/produto/12999093,,,BRL586.95,111390,,,,,,,
https://www.awin1.com/pclick.php?p=43036517449&a=3093907&m=81383,"Rack com Painel TV 50"" Ohio Carraro Preto",43036517449,12999095,,,,684.77,"Carraro BR",81383,,,https://images2.productserve.com/noimage.gif,BRL,,,https://loja.carraro.com.br/produto/12999095,,,BRL684.77,111390,,,,,,,
https://www.awin1.com/pclick.php?p=43036517450&a=3093907&m=81383,"Conjunto Sala de Jantar 4 Cadeiras San Francisco Carraro Freijó com Preto",43036517450,12999097,,,,1032.6,"Carraro BR",81383,,,https://images2.productserve.com/noimage.gif,BRL,,,https://loja.carraro.com.br/produto/12999097,,,BRL1032.6,111390,,,,,,,
https://www.awin1.com/pclick.php?p=43036517451&a=3093907&m=81383,"Conjunto Sala de Jantar 4 Cadeiras Virginia Carraro Nogal",43036517451,12999098,,,,1347.82,"Carraro BR",81383,,,https://images2.productserve.com/noimage.gif,BRL,,,https://loja.carraro.com.br/produto/12999098,,,BRL1347.82,111390,,,,,,,
https://www.awin1.com/pclick.php?p=43036517452&a=3093907&m=81383,"Conjunto Sala de Jantar 4 Cadeiras Paraíso Carraro Nogal",43036517452,12999104,,,,1358.68,"Carraro BR",81383,,,https://images2.productserve.com/noimage.gif,BRL,,,https://loja.carraro.com.br/produto/12999104,,,BRL1358.68,111390,,,,,,,
https://www.awin1.com/pclick.php?p=43036517453&a=3093907&m=81383,"Conjunto Sala de Jantar 4 Cadeiras Margarida Carraro Nogal",43036517453,12999105,,,,1304.34,"Carraro BR",81383,,,https://images2.productserve.com/noimage.gif,BRL,,,https://loja.carraro.com.br/produto/12999105,,,BRL1304.34,111390,,,,,,,
https://www.awin1.com/pclick.php?p=43036517454&a=3093907&m=81383,"Conjunto Sala de Jantar 4 Cadeiras Londres Carraro Nogal",43036517454,12999109,,,,1304.34,"Carraro BR",81383,,,https://images2.productserve.com/noimage.gif,BRL,,,https://loja.carraro.com.br/produto/12999109,,,BRL1304.34,111390,,,,,,,
https://www.awin1.com/pclick.php?p=43036517455&a=3093907&m=81383,"Conjunto Sala de Jantar 4 Cadeiras Sydney Carraro Nogal",43036517455,12999110,,,,1304.34,"Carraro BR",81383,,,https://images2.productserve.com/noimage.gif,BRL,,,https://loja.carraro.com.br/produto/12999110,,,BRL1304.34,111390,,,,,,,
https://www.awin1.com/pclick.php?p=43036517456&a=3093907&m=81383,"Conjunto Sala de Jantar 6 Cadeiras Charlotte Carraro Nogal com Rose",43036517456,12999111,,,,1434.77,"Carraro BR",81383,,,https://images2.productserve.com/noimage.gif,BRL,,,https://loja.carraro.com.br/produto/12999111,,,BRL1434.77,111390,,,,,,,
https://www.awin1.com/pclick.php?p=43036517457&a=3093907&m=81383,"Conjunto Sala de Jantar 4 Cadeiras Nairobi Carraro Nogal Grafite",43036517457,12999112,,,,1402.16,"Carraro BR",81383,,,https://images2.productserve.com/noimage.gif,BRL,,,https://loja.carraro.com.br/produto/12999112,,,BRL1402.16,111390,,,,,,,
https://www.awin1.com/pclick.php?p=43036517458&a=3093907&m=81383,"Conjunto Sala de Jantar 4 Cadeiras Amsterdã Carraro Nogal",43036517458,12999113,,,,1195.64,"Carraro BR",81383,,,https://images2.productserve.com/noimage.gif,BRL,,,https://loja.carraro.com.br/produto/12999113,,,BRL1195.64,111390,,,,,,,
https://www.awin1.com/pclick.php?p=43036517459&a=3093907&m=81383,"Conjunto Sala de Jantar 4 Cadeiras Seattle Carraro Nogal",43036517459,12999114,,,,1195.64,"Carraro BR",81383,,,https://images2.productserve.com/noimage.gif,BRL,,,https://loja.carraro.com.br/produto/12999114,,,BRL1195.64,111390,,,,,,,
https://www.awin1.com/pclick.php?p=43036517460&a=3093907&m=81383,"Conjunto Sala de Jantar 4 Cadeiras Seul Carraro Nogal",43036517460,12999115,,,,1141.29,"Carraro BR",81383,,,https://images2.productserve.com/noimage.gif,BRL,,,https://loja.carraro.com.br/produto/12999115,,,BRL1141.29,111390,,,,,,,
https://www.awin1.com/pclick.php?p=43036517461&a=3093907&m=81383,"Armário de Cozinha Completa c/ Balcão Milla Look Carraro Branco",43036517461,12999117,,,,2847.82,"Carraro BR",81383,,,https://images2.productserve.com/noimage.gif,BRL,,,https://loja.carraro.com.br/produto/12999117,,,BRL2847.82,111390,,,,,,,
https://www.awin1.com/pclick.php?p=43036517462&a=3093907&m=81383,"Armário de Cozinha Completa c/ Balcão Milla Pro Carraro Branco",43036517462,12999118,,,,2489.12,"Carraro BR",81383,,,https://images2.productserve.com/noimage.gif,BRL,,,https://loja.carraro.com.br/produto/12999118,,,BRL2489.12,111390,,,,,,,
https://www.awin1.com/pclick.php?p=43036517463&a=3093907&m=81383,"Armário de Cozinha Completa c/ Balcão Milla Pop Carraro Branco",43036517463,12999119,,,,2173.9,"Carraro BR",81383,,,https://images2.productserve.com/noimage.gif,BRL,,,https://loja.carraro.com.br/produto/12999119,,,BRL2173.9,111390,,,,,,,
https://www.awin1.com/pclick.php?p=43036517464&a=3093907&m=81383,"Armário de Cozinha Completa c/ Balcão Milla Max Carraro Nogal com Branco",43036517464,12999120,,,,2554.34,"Carraro BR",81383,,,https://images2.productserve.com/noimage.gif,BRL,,,https://loja.carraro.com.br/produto/12999120,,,BRL2554.34,111390,,,,,,,
https://www.awin1.com/pclick.php?p=43036517465&a=3093907&m=81383,"Armário de Cozinha Completa c/ Balcão Milla Plus Carraro Nogal com Cinza Titânio",43036517465,12999121,,,,2021.73,"Carraro BR",81383,,,https://images2.productserve.com/noimage.gif,BRL,,,https://loja.carraro.com.br/produto/12999121,,,BRL2021.73,111390,,,,,,,
https://www.awin1.com/pclick.php?p=43036517466&a=3093907&m=81383,"Armário de Cozinha Completa c/ Balcão Milla Ultra Carraro Nogal com Cinza Titânio",43036517466,12999122,,,,2499.99,"Carraro BR",81383,,,https://images2.productserve.com/noimage.gif,BRL,,,https://loja.carraro.com.br/produto/12999122,,,BRL2499.99,111390,,,,,,,
https://www.awin1.com/pclick.php?p=43036517467&a=3093907&m=81383,"Armário de Cozinha Completa c/ Balcão Milla Flex Carraro Nogal com Cinza Titânio",43036517467,12999123,,,,2347.82,"Carraro BR",81383,,,https://images2.productserve.com/noimage.gif,BRL,,,https://loja.carraro.com.br/produto/12999123,,,BRL2347.82,111390,,,,,,,
https://www.awin1.com/pclick.php?p=43036517468&a=3093907&m=81383,"Conjunto Sala de Jantar 6 Cadeiras San Paolo Carraro Petra e Rosê",43036517468,12999124,,,,1869.55,"Carraro BR",81383,,,https://images2.productserve.com/noimage.gif,BRL,,,https://loja.carraro.com.br/produto/12999124,,,BRL1869.55,111390,,,,,,,
https://www.awin1.com/pclick.php?p=43036517469&a=3093907&m=81383,"Conjunto Sala de Jantar 6 Cadeiras Di Nettuno Carraro Petra e Rosê",43036517469,12999125,,,,1836.95,"Carraro BR",81383,,,https://images2.productserve.com/noimage.gif,BRL,,,https://loja.carraro.com.br/produto/12999125,,,BRL1836.95,111390,,,,,,,
https://www.awin1.com/pclick.php?p=43036517470&a=3093907&m=81383,"Conjunto Sala de Jantar 6 Cadeiras Catânia Carraro Petra e Rosê",43036517470,12999126,,,,1913.03,"Carraro BR",81383,,,https://images2.productserve.com/noimage.gif,BRL,,,https://loja.carraro.com.br/produto/12999126,,,BRL1913.03,111390,,,,,,,
https://www.awin1.com/pclick.php?p=43036517471&a=3093907&m=81383,"Conjunto Sala de Jantar 6 Cadeiras Catânia Carraro Nogal e Preto",43036517471,12999127,,,,1913.03,"Carraro BR",81383,,,https://images2.productserve.com/noimage.gif,BRL,,,https://loja.carraro.com.br/produto/12999127,,,BRL1913.03,111390,,,,,,,
https://www.awin1.com/pclick.php?p=43036517472&a=3093907&m=81383,"Conjunto Sala de Jantar 6 Cadeiras Parma Carraro Petra e Rosê",43036517472,12999128,,,,1902.16,"Carraro BR",81383,,,https://images2.productserve.com/noimage.gif,BRL,,,https://loja.carraro.com.br/produto/12999128,,,BRL1902.16,111390,,,,,,,
https://www.awin1.com/pclick.php?p=43036517473&a=3093907&m=81383,"Conjunto Sala de Jantar 6 Cadeiras Parma Carraro Nogal e Preto",43036517473,12999129,,,,1945.64,"Carraro BR",81383,,,https://images2.productserve.com/noimage.gif,BRL,,,https://loja.carraro.com.br/produto/12999129,,,BRL1945.64,111390,,,,,,,
https://www.awin1.com/pclick.php?p=43036517474&a=3093907&m=81383,"Conjunto Sala de Jantar 4 Cadeiras Monte Carlo Carraro Nogal e Preto",43036517474,12999130,,,,1347.82,"Carraro BR",81383,,,https://images2.productserve.com/noimage.gif,BRL,,,https://loja.carraro.com.br/produto/12999130,,,BRL1347.82,111390,,,,,,,
https://www.awin1.com/pclick.php?p=43036517475&a=3093907&m=81383,"Conjunto Sala de Jantar 4 Cadeiras Trento Carraro Petra e Rosê",43036517475,12999131,,,,1391.29,"Carraro BR",81383,,,https://images2.productserve.com/noimage.gif,BRL,,,https://loja.carraro.com.br/produto/12999131,,,BRL1391.29,111390,,,,,,,
https://www.awin1.com/pclick.php?p=43036517476&a=3093907&m=81383,"Conjunto Sala de Jantar 4 Cadeiras Trento Carraro Nogal e Preto",43036517476,12999132,,,,1413.03,"Carraro BR",81383,,,https://images2.productserve.com/noimage.gif,BRL,,,https://loja.carraro.com.br/produto/12999132,,,BRL1413.03,111390,,,,,,,
https://www.awin1.com/pclick.php?p=43036517477&a=3093907&m=81383,"Conjunto Sala de Jantar 4 Cadeiras Treviso Carraro Petra e Rosê",43036517477,12999133,,,,1358.68,"Carraro BR",81383,,,https://images2.productserve.com/noimage.gif,BRL,,,https://loja.carraro.com.br/produto/12999133,,,BRL1358.68,111390,,,,,,,
https://www.awin1.com/pclick.php?p=43036517478&a=3093907&m=81383,"Conjunto Sala de Jantar 4 Cadeiras Treviso Carraro Nogal e Preto",43036517478,12999134,,,,1413.03,"Carraro BR",81383,,,https://images2.productserve.com/noimage.gif,BRL,,,https://loja.carraro.com.br/produto/12999134,,,BRL1413.03,111390,,,,,,,
https://www.awin1.com/pclick.php?p=43036517479&a=3093907&m=81383,"Conjunto Sala de Jantar 4 Cadeiras Roman Carraro Petra e Rosê",43036517479,12999135,,,,1380.42,"Carraro BR",81383,,,https://images2.productserve.com/noimage.gif,BRL,,,https://loja.carraro.com.br/produto/12999135,,,BRL1380.42,111390,,,,,,,
https://www.awin1.com/pclick.php?p=43036517480&a=3093907&m=81383,"Conjunto Sala de Jantar 4 Cadeiras Bolzano Carraro Petra e Rosê",43036517480,12999136,,,,1239.12,"Carraro BR",81383,,,https://images2.productserve.com/noimage.gif,BRL,,,https://loja.carraro.com.br/produto/12999136,,,BRL1239.12,111390,,,,,,,
https://www.awin1.com/pclick.php?p=43036517481&a=3093907&m=81383,"Conjunto Sala de Jantar 4 Cadeiras Bolzano Carraro Nogal e Preto",43036517481,12999137,,,,1391.29,"Carraro BR",81383,,,https://images2.productserve.com/noimage.gif,BRL,,,https://loja.carraro.com.br/produto/12999137,,,BRL1391.29,111390,,,,,,,
https://www.awin1.com/pclick.php?p=43036517482&a=3093907&m=81383,"Conjunto Sala de Jantar 4 Cadeiras Varese Carraro Petra e Rosê",43036517482,12999138,,,,1434.77,"Carraro BR",81383,,,https://images2.productserve.com/noimage.gif,BRL,,,https://loja.carraro.com.br/produto/12999138,,,BRL1434.77,111390,,,,,,,
https://www.awin1.com/pclick.php?p=43036517483&a=3093907&m=81383,"Conjunto Sala de Jantar 4 Cadeiras Varese Carraro Nogal e Preto",43036517483,12999139,,,,1413.03,"Carraro BR",81383,,,https://images2.productserve.com/noimage.gif,BRL,,,https://loja.carraro.com.br/produto/12999139,,,BRL1413.03,111390,,,,,,,
https://www.awin1.com/pclick.php?p=43036517484&a=3093907&m=81383,"Conjunto Sala de Jantar 4 Cadeiras Piemonte Carraro Petra e Rosê",43036517484,12999140,,,,1413.03,"Carraro BR",81383,,,https://images2.productserve.com/noimage.gif,BRL,,,https://loja.carraro.com.br/produto/12999140,,,BRL1413.03,111390,,,,,,,
https://www.awin1.com/pclick.php?p=43036517485&a=3093907&m=81383,"Conjunto Sala de Jantar 4 Cadeiras Piemonte Carraro Nogal Preto",43036517485,12999141,,,,1402.16,"Carraro BR",81383,,,https://images2.productserve.com/noimage.gif,BRL,,,https://loja.carraro.com.br/produto/12999141,,,BRL1402.16,111390,,,,,,,
https://www.awin1.com/pclick.php?p=43036517486&a=3093907&m=81383,"Conjunto Sala de Jantar 6 Cadeiras Sevilha Carraro Gelo e Rosê",43036517486,12999142,,,,2391.29,"Carraro BR",81383,,,https://images2.productserve.com/noimage.gif,BRL,,,https://loja.carraro.com.br/produto/12999142,,,BRL2391.29,111390,,,,,,,
https://www.awin1.com/pclick.php?p=43036517487&a=3093907&m=81383,"Conjunto Sala de Jantar 6 Cadeiras Cilícia Carraro Gelo e Rosê",43036517487,12999143,,,,2347.82,"Carraro BR",81383,,,https://images2.productserve.com/noimage.gif,BRL,,,https://loja.carraro.com.br/produto/12999143,,,BRL2347.82,111390,,,,,,,
https://www.awin1.com/pclick.php?p=43036517488&a=3093907&m=81383,"Conjunto Sala de Jantar 4 Dácia Carraro Gelo e Rosê",43036517488,12999144,,,,1847.82,"Carraro BR",81383,,,https://images2.productserve.com/noimage.gif,BRL,,,https://loja.carraro.com.br/produto/12999144,,,BRL1847.82,111390,,,,,,,
https://www.awin1.com/pclick.php?p=43036517489&a=3093907&m=81383,"Conjunto Sala de Jantar 4 Cadeiras Creta Carraro Gelo e Rosê",43036517489,12999145,,,,1739.12,"Carraro BR",81383,,,https://images2.productserve.com/noimage.gif,BRL,,,https://loja.carraro.com.br/produto/12999145,,,BRL1739.12,111390,,,,,,,
https://www.awin1.com/pclick.php?p=43036517490&a=3093907&m=81383,"Conjunto Sala de Jantar 6 Cadeiras Arezzo Carraro Nogal e Rosê",43036517490,12999146,,,,1880.42,"Carraro BR",81383,,,https://images2.productserve.com/noimage.gif,BRL,,,https://loja.carraro.com.br/produto/12999146,,,BRL1880.42,111390,,,,,,,
https://www.awin1.com/pclick.php?p=43036517491&a=3093907&m=81383,"Conjunto Sala de Jantar 6 Cadeiras Arezzo Carraro Nogal e Preto",43036517491,12999147,,,,1913.03,"Carraro BR",81383,,,https://images2.productserve.com/noimage.gif,BRL,,,https://loja.carraro.com.br/produto/12999147,,,BRL1913.03,111390,,,,,,,
https://www.awin1.com/pclick.php?p=43036517492&a=3093907&m=81383,"Conjunto Sala de Jantar 4 Cadeiras Belluno Carraro Nogal e Rosê",43036517492,12999148,,,,1326.08,"Carraro BR",81383,,,https://images2.productserve.com/noimage.gif,BRL,,,https://loja.carraro.com.br/produto/12999148,,,BRL1326.08,111390,,,,,,,
https://www.awin1.com/pclick.php?p=43036517493&a=3093907&m=81383,"Conjunto Sala de Jantar 4 Cadeiras Belluno Carraro Nogal e Preto",43036517493,12999149,,,,1304.34,"Carraro BR",81383,,,https://images2.productserve.com/noimage.gif,BRL,,,https://loja.carraro.com.br/produto/12999149,,,BRL1304.34,111390,,,,,,,
https://www.awin1.com/pclick.php?p=43036517494&a=3093907&m=81383,"Conjunto Sala de Jantar 6 Cadeiras Fênix Carraro Rose",43036517494,12999150,,,,1489.12,"Carraro BR",81383,,,https://images2.productserve.com/noimage.gif,BRL,,,https://loja.carraro.com.br/produto/12999150,,,BRL1489.12,111390,,,,,,,
https://www.awin1.com/pclick.php?p=43036517495&a=3093907&m=81383,"Conjunto Sala de Jantar 4 Cadeiras Marbella Carraro Legno Preto",43036517495,12999153,,,,869.55,"Carraro BR",81383,,,https://images2.productserve.com/noimage.gif,BRL,,,https://loja.carraro.com.br/produto/12999153,,,BRL869.55,111390,,,,,,,
https://www.awin1.com/pclick.php?p=43036517496&a=3093907&m=81383,"Conjunto Sala de Jantar 4 Cadeiras Bogotá Carraro Branco Prata",43036517496,12999154,,,,1086.95,"Carraro BR",81383,,,https://images2.productserve.com/noimage.gif,BRL,,,https://loja.carraro.com.br/produto/12999154,,,BRL1086.95,111390,,,,,,,
https://www.awin1.com/pclick.php?p=43036517497&a=3093907&m=81383,"Conjunto Sala de Jantar 6 Cadeiras Valencia Carraro Freijó Preto",43036517497,12999155,,,,1195.64,"Carraro BR",81383,,,https://images2.productserve.com/noimage.gif,BRL,,,https://loja.carraro.com.br/produto/12999155,,,BRL1195.64,111390,,,,,,,
https://www.awin1.com/pclick.php?p=43036517498&a=3093907&m=81383,"Conjunto Sala de Jantar 6 Cadeiras Valencia Carraro Branco Prata",43036517498,12999156,,,,1260.86,"Carraro BR",81383,,,https://images2.productserve.com/noimage.gif,BRL,,,https://loja.carraro.com.br/produto/12999156,,,BRL1260.86,111390,,,,,,,
https://www.awin1.com/pclick.php?p=43036517499&a=3093907&m=81383,"Conjunto Sala de Jantar 4 Cadeiras Austin Carraro Nogal Preto",43036517499,12999157,,,,923.9,"Carraro BR",81383,,,https://images2.productserve.com/noimage.gif,BRL,,,https://loja.carraro.com.br/produto/12999157,,,BRL923.9,111390,,,,,,,
https://www.awin1.com/pclick.php?p=43036517500&a=3093907&m=81383,"Conjunto Sala de Jantar 4 Cadeiras Glasgow Carraro Grafite Preto",43036517500,12999158,,,,1413.03,"Carraro BR",81383,,,https://images2.productserve.com/noimage.gif,BRL,,,https://loja.carraro.com.br/produto/12999158,,,BRL1413.03,111390,,,,,,,
https://www.awin1.com/pclick.php?p=43036517501&a=3093907&m=81383,"Conjunto Sala de Jantar 6 Cadeiras Santiago Carraro Freijó Preto",43036517501,12999159,,,,1402.16,"Carraro BR",81383,,,https://images2.productserve.com/noimage.gif,BRL,,,https://loja.carraro.com.br/produto/12999159,,,BRL1402.16,111390,,,,,,,
https://www.awin1.com/pclick.php?p=43036517502&a=3093907&m=81383,"Ilha de Cozinha Milla e Banquetas Carraro Branco Rosê",43036517502,12999160,,,,967.38,"Carraro BR",81383,,,https://images2.productserve.com/noimage.gif,BRL,,,https://loja.carraro.com.br/produto/12999160,,,BRL967.38,111390,,,,,,,
https://www.awin1.com/pclick.php?p=43036517503&a=3093907&m=81383,"Ilha de Cozinha Milla e Banquetas Carraro Nogal Preto",43036517503,12999161,,,,891.29,"Carraro BR",81383,,,https://images2.productserve.com/noimage.gif,BRL,,,https://loja.carraro.com.br/produto/12999161,,,BRL891.29,111390,,,,,,,
https://www.awin1.com/pclick.php?p=43036517504&a=3093907&m=81383,"Armário de Cozinha Completa c/ Tampo Lótus Star Carraro Freijó Preto Touch",43036517504,12999164,,,,1836.95,"Carraro BR",81383,,,https://images2.productserve.com/noimage.gif,BRL,,,https://loja.carraro.com.br/produto/12999164,,,BRL1836.95,111390,,,,,,,
https://www.awin1.com/pclick.php?p=43036517505&a=3093907&m=81383,"Armário de Cozinha Completa c/ Tampo Lótus Tiny Carraro Freijó Off White Preto Touch",43036517505,12999165,,,,891.29,"Carraro BR",81383,,,https://images2.productserve.com/noimage.gif,BRL,,,https://loja.carraro.com.br/produto/12999165,,,BRL891.29,111390,,,,,,,
https://www.awin1.com/pclick.php?p=43036517506&a=3093907&m=81383,"Armário de Cozinha Completa c/ Tampo Lótus Essence Carraro Freijó Preto Touch",43036517506,12999166,,,,1869.55,"Carraro BR",81383,,,https://images2.productserve.com/noimage.gif,BRL,,,https://loja.carraro.com.br/produto/12999166,,,BRL1869.55,111390,,,,,,,
https://www.awin1.com/pclick.php?p=43036517507&a=3093907&m=81383,"Conjunto Sala de Jantar 6 Cadeiras Almería Carraro Petra Areia Rosê",43036517507,12999167,,,,1445.64,"Carraro BR",81383,,,https://images2.productserve.com/noimage.gif,BRL,,,https://loja.carraro.com.br/produto/12999167,,,BRL1445.64,111390,,,,,,,
https://www.awin1.com/pclick.php?p=43036517508&a=3093907&m=81383,"Conjunto Sala de Jantar 4 Cadeiras Barcelona Carraro Gelo Areia Rosê",43036517508,12999168,,,,1586.95,"Carraro BR",81383,,,https://images2.productserve.com/noimage.gif,BRL,,,https://loja.carraro.com.br/produto/12999168,,,BRL1586.95,111390,,,,,,,
https://www.awin1.com/pclick.php?p=43036517509&a=3093907&m=81383,"Conjunto Sala de Jantar 4 Cadeiras Accra Carraro Gelo Areia Rosê",43036517509,12999169,,,,1456.51,"Carraro BR",81383,,,https://images2.productserve.com/noimage.gif,BRL,,,https://loja.carraro.com.br/produto/12999169,,,BRL1456.51,111390,,,,,,,
https://www.awin1.com/pclick.php?p=43036517510&a=3093907&m=81383,"Conjunto Sala de Jantar 6 Cadeiras Barcelona Carraro Gelo Areia Rosê",43036517510,12999170,,,,1804.34,"Carraro BR",81383,,,https://images2.productserve.com/noimage.gif,BRL,,,https://loja.carraro.com.br/produto/12999170,,,BRL1804.34,111390,,,,,,,
https://www.awin1.com/pclick.php?p=43036517511&a=3093907&m=81383,"Conjunto Sala de Jantar 4 Cadeiras Dália Carraro Nogal Preto",43036517511,12999171,,,,1043.47,"Carraro BR",81383,,,https://images2.productserve.com/noimage.gif,BRL,,,https://loja.carraro.com.br/produto/12999171,,,BRL1043.47,111390,,,,,,,
https://www.awin1.com/pclick.php?p=43036517512&a=3093907&m=81383,"Conjunto Sala de Jantar 4 Cadeiras Verona Carraro Freijó Areia Rosê",43036517512,12999172,,,,1293.47,"Carraro BR",81383,,,https://images2.productserve.com/noimage.gif,BRL,,,https://loja.carraro.com.br/produto/12999172,,,BRL1293.47,111390,,,,,,,
https://www.awin1.com/pclick.php?p=43036517513&a=3093907&m=81383,"Guarda Roupa Casal 3 Portas Doha c/ Espelho Central Carraro Preto Touch",43036517513,12999173,,,,999.99,"Carraro BR",81383,,,https://images2.productserve.com/noimage.gif,BRL,,,https://loja.carraro.com.br/produto/12999173,,,BRL999.99,111390,,,,,,,
https://www.awin1.com/pclick.php?p=43036517514&a=3093907&m=81383,"Guarda Roupa Casal 3 Portas Doha c/ Espelhos Laterais Carraro Preto Touch",43036517514,12999174,,,,1184.77,"Carraro BR",81383,,,https://images2.productserve.com/noimage.gif,BRL,,,https://loja.carraro.com.br/produto/12999174,,,BRL1184.77,111390,,,,,,,
https://www.awin1.com/pclick.php?p=43036517515&a=3093907&m=81383,"Guarda Roupa Casal 3 Portas Doha c/ 3 Espelhos Carraro Preto Touch",43036517515,12999175,,,,1293.47,"Carraro BR",81383,,,https://images2.productserve.com/noimage.gif,BRL,,,https://loja.carraro.com.br/produto/12999175,,,BRL1293.47,111390,,,,,,,
https://www.awin1.com/pclick.php?p=43036517516&a=3093907&m=81383,"Guarda Roupa Casal 3 Portas Doha c/ Espelho Central Carraro Branco",43036517516,12999176,,,,1021.73,"Carraro BR",81383,,,https://images2.productserve.com/noimage.gif,BRL,,,https://loja.carraro.com.br/produto/12999176,,,BRL1021.73,111390,,,,,,,
https://www.awin1.com/pclick.php?p=43036517517&a=3093907&m=81383,"Guarda Roupa Casal 3 Portas Doha c/ Espelhos Laterais Carraro Branco",43036517517,12999177,,,,1184.77,"Carraro BR",81383,,,https://images2.productserve.com/noimage.gif,BRL,,,https://loja.carraro.com.br/produto/12999177,,,BRL1184.77,111390,,,,,,,
https://www.awin1.com/pclick.php?p=43036517518&a=3093907&m=81383,"Guarda Roupa Casal 3 Portas Doha c/ 3 Espelhos Carraro Branco",43036517518,12999178,,,,1293.47,"Carraro BR",81383,,,https://images2.productserve.com/noimage.gif,BRL,,,https://loja.carraro.com.br/produto/12999178,,,BRL1293.47,111390,,,,,,,
https://www.awin1.com/pclick.php?p=43036517519&a=3093907&m=81383,"Guarda Roupa Solteiro 2 Portas Darvi c/ Espelho Direito Carraro Preto Touch",43036517519,12999179,,,,793.47,"Carraro BR",81383,,,https://images2.productserve.com/noimage.gif,BRL,,,https://loja.carraro.com.br/produto/12999179,,,BRL793.47,111390,,,,,,,
https://www.awin1.com/pclick.php?p=43036517520&a=3093907&m=81383,"Guarda Roupa Solteiro 2 Portas Darvi c/ 2 Espelhos Carraro Preto Touch",43036517520,12999180,,,,967.38,"Carraro BR",81383,,,https://images2.productserve.com/noimage.gif,BRL,,,https://loja.carraro.com.br/produto/12999180,,,BRL967.38,111390,,,,,,,
https://www.awin1.com/pclick.php?p=43036517521&a=3093907&m=81383,"Guarda Roupa Solteiro 2 Portas Darvi c/ Espelho Direito Carraro Branco",43036517521,12999181,,,,804.34,"Carraro BR",81383,,,https://images2.productserve.com/noimage.gif,BRL,,,https://loja.carraro.com.br/produto/12999181,,,BRL804.34,111390,,,,,,,
https://www.awin1.com/pclick.php?p=43036517522&a=3093907&m=81383,"Guarda Roupa Solteiro 2 Portas Darvi c/ 2 Espelhos Carraro Branco",43036517522,12999182,,,,945.64,"Carraro BR",81383,,,https://images2.productserve.com/noimage.gif,BRL,,,https://loja.carraro.com.br/produto/12999182,,,BRL945.64,111390,,,,,,,
https://www.awin1.com/pclick.php?p=43036517523&a=3093907&m=81383,"Conjunto Sala de Jantar 6 Cadeiras Capri Carraro Off White e Rosê",43036517523,12999183,,,,2239.12,"Carraro BR",81383,,,https://images2.productserve.com/noimage.gif,BRL,,,https://loja.carraro.com.br/produto/12999183,,,BRL2239.12,111390,,,,,,,
https://www.awin1.com/pclick.php?p=43036517524&a=3093907&m=81383,"Conjunto Sala de Jantar 4 Cadeiras Dália Carraro Petra Rose",43036517524,12999185,,,,1086.95,"Carraro BR",81383,,,https://images2.productserve.com/noimage.gif,BRL,,,https://loja.carraro.com.br/produto/12999185,,,BRL1086.95,111390,,,,,,,
https://www.awin1.com/pclick.php?p=43036517525&a=3093907&m=81383,"Conjunto Sala de Jantar 6 Cadeiras Manila Carraro Freijó Areia Rosê",43036517525,12999187,,,,1793.47,"Carraro BR",81383,,,https://images2.productserve.com/noimage.gif,BRL,,,https://loja.carraro.com.br/produto/12999187,,,BRL1793.47,111390,,,,,,,
https://www.awin1.com/pclick.php?p=43036517526&a=3093907&m=81383,"Conjunto Sala de Jantar 4 Cadeiras Verona Carraro Freijó Grafite Preto",43036517526,12999188,,,,1369.55,"Carraro BR",81383,,,https://images2.productserve.com/noimage.gif,BRL,,,https://loja.carraro.com.br/produto/12999188,,,BRL1369.55,111390,,,,,,,
https://www.awin1.com/pclick.php?p=43036517527&a=3093907&m=81383,"Armário de Cozinha Completa c Balcão Milla Charm Carraro Branco",43036517527,12999189,,,,2010.86,"Carraro BR",81383,,,https://images2.productserve.com/noimage.gif,BRL,,,https://loja.carraro.com.br/produto/12999189,,,BRL2010.86,111390,,,,,,,
https://www.awin1.com/pclick.php?p=43036517528&a=3093907&m=81383,"Armário de Cozinha Completa c Balcão Milla Glimmer Carraro Branco",43036517528,12999191,,,,2554.34,"Carraro BR",81383,,,https://images2.productserve.com/noimage.gif,BRL,,,https://loja.carraro.com.br/produto/12999191,,,BRL2554.34,111390,,,,,,,
https://www.awin1.com/pclick.php?p=43036517529&a=3093907&m=81383,"Armário de Cozinha Completa c Balcão Lotus Star Carraro Freijó Off White",43036517529,12999192,,,,1847.82,"Carraro BR",81383,,,https://images2.productserve.com/noimage.gif,BRL,,,https://loja.carraro.com.br/produto/12999192,,,BRL1847.82,111390,,,,,,,
https://www.awin1.com/pclick.php?p=43036517530&a=3093907&m=81383,"Armário de Cozinha Completa c Balcão Milla Aura Carraro Nogal Cinza Titânio",43036517530,12999193,,,,4347.82,"Carraro BR",81383,,,https://images2.productserve.com/noimage.gif,BRL,,,https://loja.carraro.com.br/produto/12999193,,,BRL4347.82,111390,,,,,,,
https://www.awin1.com/pclick.php?p=43036517531&a=3093907&m=81383,"Armário de Cozinha Completa c Balcão Milla Bloom Carraro Branco",43036517531,12999194,,,,2489.12,"Carraro BR",81383,,,https://images2.productserve.com/noimage.gif,BRL,,,https://loja.carraro.com.br/produto/12999194,,,BRL2489.12,111390,,,,,,,
https://www.awin1.com/pclick.php?p=43036517532&a=3093907&m=81383,"Armário de Cozinha Completa c Balcão Milla Bloom Carraro Nogal Cinza Titânio",43036517532,12999195,,,,2499.99,"Carraro BR",81383,,,https://images2.productserve.com/noimage.gif,BRL,,,https://loja.carraro.com.br/produto/12999195,,,BRL2499.99,111390,,,,,,,
https://www.awin1.com/pclick.php?p=43036517533&a=3093907&m=81383,"Armário de Cozinha Completa c Balcão Milla Quest Carraro Branco",43036517533,12999196,,,,2934.77,"Carraro BR",81383,,,https://images2.productserve.com/noimage.gif,BRL,,,https://loja.carraro.com.br/produto/12999196,,,BRL2934.77,111390,,,,,,,
https://www.awin1.com/pclick.php?p=43036517534&a=3093907&m=81383,"Armário de Cozinha Completa c Balcão Milla Quest Carraro Nogal Cinza Titânio",43036517534,12999197,,,,2608.68,"Carraro BR",81383,,,https://images2.productserve.com/noimage.gif,BRL,,,https://loja.carraro.com.br/produto/12999197,,,BRL2608.68,111390,,,,,,,
https://www.awin1.com/pclick.php?p=43036517535&a=3093907&m=81383,"Armário de Cozinha Completa c Balcão Milla Whisper Carraro Branco",43036517535,12999198,,,,1978.25,"Carraro BR",81383,,,https://images2.productserve.com/noimage.gif,BRL,,,https://loja.carraro.com.br/produto/12999198,,,BRL1978.25,111390,,,,,,,
https://www.awin1.com/pclick.php?p=43036517536&a=3093907&m=81383,"Armário de Cozinha Completa c Balcão Milla Whisper Carraro Nogal Cinza Titânio",43036517536,12999199,,,,1869.55,"Carraro BR",81383,,,https://images2.productserve.com/noimage.gif,BRL,,,https://loja.carraro.com.br/produto/12999199,,,BRL1869.55,111390,,,,,,,
https://www.awin1.com/pclick.php?p=43036517537&a=3093907&m=81383,"Armário de Cozinha Completa c Balcão Milla Dusk Carraro Nogal Cinza Titânio",43036517537,12999200,,,,4021.73,"Carraro BR",81383,,,https://images2.productserve.com/noimage.gif,BRL,,,https://loja.carraro.com.br/produto/12999200,,,BRL4021.73,111390,,,,,,,
https://www.awin1.com/pclick.php?p=43036517538&a=3093907&m=81383,"Armário de Cozinha Completa c Balcão Milla Dreamer Carraro Branco",43036517538,12999201,,,,2826.08,"Carraro BR",81383,,,https://images2.productserve.com/noimage.gif,BRL,,,https://loja.carraro.com.br/produto/12999201,,,BRL2826.08,111390,,,,,,,
https://www.awin1.com/pclick.php?p=43036517539&a=3093907&m=81383,"Armário de Cozinha Completa c Balcão Milla Dreamer Carraro Nogal Cinza Titânio",43036517539,12999202,,,,2717.38,"Carraro BR",81383,,,https://images2.productserve.com/noimage.gif,BRL,,,https://loja.carraro.com.br/produto/12999202,,,BRL2717.38,111390,,,,,,,
https://www.awin1.com/pclick.php?p=43036517540&a=3093907&m=81383,"Armário de Cozinha Completa c Balcão Milla Bee Carraro Branco",43036517540,12999203,,,,2086.95,"Carraro BR",81383,,,https://images2.productserve.com/noimage.gif,BRL,,,https://loja.carraro.com.br/produto/12999203,,,BRL2086.95,111390,,,,,,,
https://www.awin1.com/pclick.php?p=43036517541&a=3093907&m=81383,"Armário de Cozinha Completa c Balcão Milla Bee Carraro Nogal Cinza Titânio",43036517541,12999204,,,,1999.99,"Carraro BR",81383,,,https://images2.productserve.com/noimage.gif,BRL,,,https://loja.carraro.com.br/produto/12999204,,,BRL1999.99,111390,,,,,,,
https://www.awin1.com/pclick.php?p=43036517542&a=3093907&m=81383,"Guarda Roupa Casal 3 Portas Doha 2 Gavetas Carraro Ripado Preto Touch",43036517542,12999205,,,,1086.95,"Carraro BR",81383,,,https://images2.productserve.com/noimage.gif,BRL,,,https://loja.carraro.com.br/produto/12999205,,,BRL1086.95,111390,,,,,,,
https://www.awin1.com/pclick.php?p=43036517543&a=3093907&m=81383,"Guarda Roupa Casal 3 Portas Doha Lux 2 Gavetas Carraro Ripado Preto Touch",43036517543,12999206,,,,1195.64,"Carraro BR",81383,,,https://images2.productserve.com/noimage.gif,BRL,,,https://loja.carraro.com.br/produto/12999206,,,BRL1195.64,111390,,,,,,,
https://www.awin1.com/pclick.php?p=43036517544&a=3093907&m=81383,"Guarda Roupa Casal 3 Portas Doha Prime 2 Gavetas Carraro Ripado Preto Touch",43036517544,12999207,,,,1369.55,"Carraro BR",81383,,,https://images2.productserve.com/noimage.gif,BRL,,,https://loja.carraro.com.br/produto/12999207,,,BRL1369.55,111390,,,,,,,
https://www.awin1.com/pclick.php?p=43036517545&a=3093907&m=81383,"Guarda Roupa Casal 3 Portas Doha Lux 4 Gavetas Carraro Ripado Preto Touch",43036517545,12999208,,,,1260.86,"Carraro BR",81383,,,https://images2.productserve.com/noimage.gif,BRL,,,https://loja.carraro.com.br/produto/12999208,,,BRL1260.86,111390,,,,,,,
https://www.awin1.com/pclick.php?p=43036517546&a=3093907&m=81383,"Guarda Roupa Casal 3 Portas Doha 2 Gavetas Carraro Ripado Branco",43036517546,12999209,,,,1086.95,"Carraro BR",81383,,,https://images2.productserve.com/noimage.gif,BRL,,,https://loja.carraro.com.br/produto/12999209,,,BRL1086.95,111390,,,,,,,
https://www.awin1.com/pclick.php?p=43036517547&a=3093907&m=81383,"Guarda Roupa Casal 3 Portas Doha Lux 2 Gavetas Carraro Ripado Branco",43036517547,12999210,,,,1152.16,"Carraro BR",81383,,,https://images2.productserve.com/noimage.gif,BRL,,,https://loja.carraro.com.br/produto/12999210,,,BRL1152.16,111390,,,,,,,
https://www.awin1.com/pclick.php?p=43036517548&a=3093907&m=81383,"Guarda Roupa Casal 3 Portas Doha Prime 2 Gavetas Carraro Ripado Branco",43036517548,12999211,,,,1402.16,"Carraro BR",81383,,,https://images2.productserve.com/noimage.gif,BRL,,,https://loja.carraro.com.br/produto/12999211,,,BRL1402.16,111390,,,,,,,
https://www.awin1.com/pclick.php?p=43036517549&a=3093907&m=81383,"Guarda Roupa Casal 3 Portas Doha Lux 4 Gavetas Carraro Ripado Branco",43036517549,12999212,,,,1260.86,"Carraro BR",81383,,,https://images2.productserve.com/noimage.gif,BRL,,,https://loja.carraro.com.br/produto/12999212,,,BRL1260.86,111390,,,,,,,
https://www.awin1.com/pclick.php?p=43036517550&a=3093907&m=81383,"Guarda Roupa Solteiro 2 Portas Darvi 2 Gavetas Carraro Ripado Preto Touch",43036517550,12999213,,,,869.55,"Carraro BR",81383,,,https://images2.productserve.com/noimage.gif,BRL,,,https://loja.carraro.com.br/produto/12999213,,,BRL869.55,111390,,,,,,,
https://www.awin1.com/pclick.php?p=43036517551&a=3093907&m=81383,"Guarda Roupa Solteiro 2 Portas Darvi Lux 2 Gavetas Carraro Ripado Preto Touch",43036517551,12999214,,,,934.77,"Carraro BR",81383,,,https://images2.productserve.com/noimage.gif,BRL,,,https://loja.carraro.com.br/produto/12999214,,,BRL934.77,111390,,,,,,,
https://www.awin1.com/pclick.php?p=43036517552&a=3093907&m=81383,"Guarda Roupa Solteiro 2 Portas Darvi 2 Gavetas Carraro Ripado Branco",43036517552,12999215,,,,858.68,"Carraro BR",81383,,,https://images2.productserve.com/noimage.gif,BRL,,,https://loja.carraro.com.br/produto/12999215,,,BRL858.68,111390,,,,,,,
https://www.awin1.com/pclick.php?p=43036517553&a=3093907&m=81383,"Guarda Roupa Solteiro 2 Portas Darvi Lux 2 Gavetas Carraro Ripado Branco",43036517553,12999216,,,,934.77,"Carraro BR",81383,,,https://images2.productserve.com/noimage.gif,BRL,,,https://loja.carraro.com.br/produto/12999216,,,BRL934.77,111390,,,,,,,
https://www.awin1.com/pclick.php?p=43036517554&a=3093907&m=81383,"Conjunto Sala de Jantar 6 Cadeiras Paris Carraro Carvalho Dourado",43036517554,12999217,,,,1663.03,"Carraro BR",81383,,,https://images2.productserve.com/noimage.gif,BRL,,,https://loja.carraro.com.br/produto/12999217,,,BRL1663.03,111390,,,,,,,
https://www.awin1.com/pclick.php?p=43036517555&a=3093907&m=81383,"Conjunto Sala de Jantar 4 Cadeiras Déli Carraro Carvalho Dourado",43036517555,12999218,,,,1141.29,"Carraro BR",81383,,,https://images2.productserve.com/noimage.gif,BRL,,,https://loja.carraro.com.br/produto/12999218,,,BRL1141.29,111390,,,,,,,
https://www.awin1.com/pclick.php?p=43036517556&a=3093907&m=81383,"Conjunto Sala de Jantar 6 Cadeiras Charlotte Carraro Carvalho Dourado",43036517556,12999219,,,,1445.64,"Carraro BR",81383,,,https://images2.productserve.com/noimage.gif,BRL,,,https://loja.carraro.com.br/produto/12999219,,,BRL1445.64,111390,,,,,,,
https://www.awin1.com/pclick.php?p=43036517557&a=3093907&m=81383,"Conjunto Sala de Jantar 4 Cadeiras Charlotte Carraro Carvalho Dourado",43036517557,12999220,,,,1010.86,"Carraro BR",81383,,,https://images2.productserve.com/noimage.gif,BRL,,,https://loja.carraro.com.br/produto/12999220,,,BRL1010.86,111390,,,,,,,
https://www.awin1.com/pclick.php?p=43036517558&a=3093907&m=81383,"Conjunto Sala de Jantar 4 Cadeiras Hilli Carraro Carvalho Dourado",43036517558,12999221,,,,1228.25,"Carraro BR",81383,,,https://images2.productserve.com/noimage.gif,BRL,,,https://loja.carraro.com.br/produto/12999221,,,BRL1228.25,111390,,,,,,,
https://www.awin1.com/pclick.php?p=43036517559&a=3093907&m=81383,"Conjunto Sala de Jantar 4 Cadeiras Kalba Carraro Carvalho Dourado",43036517559,12999222,,,,1369.55,"Carraro BR",81383,,,https://images2.productserve.com/noimage.gif,BRL,,,https://loja.carraro.com.br/produto/12999222,,,BRL1369.55,111390,,,,,,,
https://www.awin1.com/pclick.php?p=43036517560&a=3093907&m=81383,"Conjunto Sala de Jantar 6 Cadeiras Roses Carraro Carvalho Dourado",43036517560,12999223,,,,1956.51,"Carraro BR",81383,,,https://images2.productserve.com/noimage.gif,BRL,,,https://loja.carraro.com.br/produto/12999223,,,BRL1956.51,111390,,,,,,,
https://www.awin1.com/pclick.php?p=43036517561&a=3093907&m=81383,"Conjunto Sala de Jantar 4 Cadeiras Servian Carraro Carvalho Dourado",43036517561,12999224,,,,1434.77,"Carraro BR",81383,,,https://images2.productserve.com/noimage.gif,BRL,,,https://loja.carraro.com.br/produto/12999224,,,BRL1434.77,111390,,,,,,,
https://www.awin1.com/pclick.php?p=43036517562&a=3093907&m=81383,"Conjunto Sala de Jantar 6 Cadeiras York Carraro Carvalho Dourado",43036517562,12999225,,,,2163.03,"Carraro BR",81383,,,https://images2.productserve.com/noimage.gif,BRL,,,https://loja.carraro.com.br/produto/12999225,,,BRL2163.03,111390,,,,,,,
https://www.awin1.com/pclick.php?p=43036517563&a=3093907&m=81383,"Conjunto Sala de Jantar 4 Cadeiras Montelouro Carraro Carvalho Dourado",43036517563,12999227,,,,1543.47,"Carraro BR",81383,,,https://images2.productserve.com/noimage.gif,BRL,,,https://loja.carraro.com.br/produto/12999227,,,BRL1543.47,111390,,,,,,,
https://www.awin1.com/pclick.php?p=43036517564&a=3093907&m=81383,"Conjunto Sala de Jantar 6 Cadeiras Castellano Carraro Carvalho Dourado",43036517564,12999228,,,,1847.82,"Carraro BR",81383,,,https://images2.productserve.com/noimage.gif,BRL,,,https://loja.carraro.com.br/produto/12999228,,,BRL1847.82,111390,,,,,,,
https://www.awin1.com/pclick.php?p=43036517565&a=3093907&m=81383,"Conjunto Sala de Jantar 4 Cadeiras Belgravia Carraro Carvalho Dourado",43036517565,12999229,,,,1304.34,"Carraro BR",81383,,,https://images2.productserve.com/noimage.gif,BRL,,,https://loja.carraro.com.br/produto/12999229,,,BRL1304.34,111390,,,,,,,
https://www.awin1.com/pclick.php?p=43036517566&a=3093907&m=81383,"Conjunto Sala de Jantar 6 Cadeiras Cannes Carraro Carvalho Dourado",43036517566,12999230,,,,1913.03,"Carraro BR",81383,,,https://images2.productserve.com/noimage.gif,BRL,,,https://loja.carraro.com.br/produto/12999230,,,BRL1913.03,111390,,,,,,,
https://www.awin1.com/pclick.php?p=43036517567&a=3093907&m=81383,"Conjunto Sala de Jantar 4 Cadeiras Marbella Carraro Carvalho Dourado",43036517567,12999231,,,,1467.38,"Carraro BR",81383,,,https://images2.productserve.com/noimage.gif,BRL,,,https://loja.carraro.com.br/produto/12999231,,,BRL1467.38,111390,,,,,,,
https://www.awin1.com/pclick.php?p=43036517568&a=3093907&m=81383,"Armário de Cozinha Completa c Balcão Miami Studio Carraro Branco",43036517568,12999236,,,,1771.73,"Carraro BR",81383,,,https://images2.productserve.com/noimage.gif,BRL,,,https://loja.carraro.com.br/produto/12999236,,,BRL1771.73,111390,,,,,,,
https://www.awin1.com/pclick.php?p=43036517569&a=3093907&m=81383,"Armário de Cozinha Completa c Balcão Miami Studio Carraro Preto c Freijó",43036517569,12999237,,,,1728.25,"Carraro BR",81383,,,https://images2.productserve.com/noimage.gif,BRL,,,https://loja.carraro.com.br/produto/12999237,,,BRL1728.25,111390,,,,,,,
https://www.awin1.com/pclick.php?p=43036517570&a=3093907&m=81383,"Armário de Cozinha Completa c Balcão Miami Studio Carraro Off White c Freijó",43036517570,12999238,,,,1760.86,"Carraro BR",81383,,,https://images2.productserve.com/noimage.gif,BRL,,,https://loja.carraro.com.br/produto/12999238,,,BRL1760.86,111390,,,,,,,
https://www.awin1.com/pclick.php?p=43036517571&a=3093907&m=81383,"Armário de Cozinha Completa c Balcão Miami Essence Carraro Off White c Freijó",43036517571,12999239,,,,1663.03,"Carraro BR",81383,,,https://images2.productserve.com/noimage.gif,BRL,,,https://loja.carraro.com.br/produto/12999239,,,BRL1663.03,111390,,,,,,,
https://www.awin1.com/pclick.php?p=43036517572&a=3093907&m=81383,"Armário de Cozinha Completa c Balcão Miami Essence Carraro Branco",43036517572,12999240,,,,1652.16,"Carraro BR",81383,,,https://images2.productserve.com/noimage.gif,BRL,,,https://loja.carraro.com.br/produto/12999240,,,BRL1652.16,111390,,,,,,,
https://www.awin1.com/pclick.php?p=43036517573&a=3093907&m=81383,"Armário de Cozinha Completa c Balcão Miami Box Carraro Branco",43036517573,12999241,,,,1369.55,"Carraro BR",81383,,,https://images2.productserve.com/noimage.gif,BRL,,,https://loja.carraro.com.br/produto/12999241,,,BRL1369.55,111390,,,,,,,
https://www.awin1.com/pclick.php?p=43036517574&a=3093907&m=81383,"Armário de Cozinha Completa c Balcão Miami Pulse Carraro Off White c Freijó",43036517574,12999242,,,,1760.86,"Carraro BR",81383,,,https://images2.productserve.com/noimage.gif,BRL,,,https://loja.carraro.com.br/produto/12999242,,,BRL1760.86,111390,,,,,,,
https://www.awin1.com/pclick.php?p=43036517575&a=3093907&m=81383,"Armário de Cozinha Completa c Balcão Miami Pulse Carraro Branco",43036517575,12999243,,,,1630.42,"Carraro BR",81383,,,https://images2.productserve.com/noimage.gif,BRL,,,https://loja.carraro.com.br/produto/12999243,,,BRL1630.42,111390,,,,,,,
https://www.awin1.com/pclick.php?p=43036517576&a=3093907&m=81383,"Armário de Cozinha Completa c Balcão Miami City Carraro Branco",43036517576,12999244,,,,1760.86,"Carraro BR",81383,,,https://images2.productserve.com/noimage.gif,BRL,,,https://loja.carraro.com.br/produto/12999244,,,BRL1760.86,111390,,,,,,,
https://www.awin1.com/pclick.php?p=43036517577&a=3093907&m=81383,"Armário de Cozinha Completa c Balcão Miami City Carraro Off White c Freijó",43036517577,12999245,,,,1836.95,"Carraro BR",81383,,,https://images2.productserve.com/noimage.gif,BRL,,,https://loja.carraro.com.br/produto/12999245,,,BRL1836.95,111390,,,,,,,
https://www.awin1.com/pclick.php?p=43036517578&a=3093907&m=81383,"Conjunto Balcões Miami Loft Carraro Freijó",43036517578,12999246,,,,1239.12,"Carraro BR",81383,,,https://images2.productserve.com/noimage.gif,BRL,,,https://loja.carraro.com.br/produto/12999246,,,BRL1239.12,111390,,,,,,,
https://www.awin1.com/pclick.php?p=43036517579&a=3093907&m=81383,"Conjunto Balcões Miami Loft Carraro Branco",43036517579,12999247,,,,1217.38,"Carraro BR",81383,,,https://images2.productserve.com/noimage.gif,BRL,,,https://loja.carraro.com.br/produto/12999247,,,BRL1217.38,111390,,,,,,,
https://www.awin1.com/pclick.php?p=43036517580&a=3093907&m=81383,"Conjunto Balcões Miami Coast Carraro Freijó",43036517580,12999248,,,,1239.12,"Carraro BR",81383,,,https://images2.productserve.com/noimage.gif,BRL,,,https://loja.carraro.com.br/produto/12999248,,,BRL1239.12,111390,,,,,,,
https://www.awin1.com/pclick.php?p=43036517581&a=3093907&m=81383,"Conjunto Balcões Miami Coast Carraro Branco",43036517581,12999249,,,,1239.12,"Carraro BR",81383,,,https://images2.productserve.com/noimage.gif,BRL,,,https://loja.carraro.com.br/produto/12999249,,,BRL1239.12,111390,,,,,,,
https://www.awin1.com/pclick.php?p=43036517582&a=3093907&m=81383,"Armário de Cozinha Completa c Balcão Miami Vibe Carraro Off White c Freijó",43036517582,12999250,,,,902.16,"Carraro BR",81383,,,https://images2.productserve.com/noimage.gif,BRL,,,https://loja.carraro.com.br/produto/12999250,,,BRL902.16,111390,,,,,,,
https://www.awin1.com/pclick.php?p=43036517583&a=3093907&m=81383,"Armário de Cozinha Completa c Balcão Miami Vibe Carraro Branco",43036517583,12999251,,,,891.29,"Carraro BR",81383,,,https://images2.productserve.com/noimage.gif,BRL,,,https://loja.carraro.com.br/produto/12999251,,,BRL891.29,111390,,,,,,,
https://www.awin1.com/pclick.php?p=43036517584&a=3093907&m=81383,"Armário de Cozinha Completa c Balcão Miami Belle Carraro Off White c Freijó",43036517584,12999252,,,,1326.08,"Carraro BR",81383,,,https://images2.productserve.com/noimage.gif,BRL,,,https://loja.carraro.com.br/produto/12999252,,,BRL1326.08,111390,,,,,,,
https://www.awin1.com/pclick.php?p=43036517585&a=3093907&m=81383,"Armário de Cozinha Completa c Balcão Miami Belle Carraro Branco",43036517585,12999253,,,,1326.08,"Carraro BR",81383,,,https://images2.productserve.com/noimage.gif,BRL,,,https://loja.carraro.com.br/produto/12999253,,,BRL1326.08,111390,,,,,,,
https://www.awin1.com/pclick.php?p=43036517586&a=3093907&m=81383,"Conjunto Balcões Miami Point Carraro Freijó",43036517586,12999254,,,,793.47,"Carraro BR",81383,,,https://images2.productserve.com/noimage.gif,BRL,,,https://loja.carraro.com.br/produto/12999254,,,BRL793.47,111390,,,,,,,
https://www.awin1.com/pclick.php?p=43036517587&a=3093907&m=81383,"Conjunto Balcões Miami Point Carraro Branco",43036517587,12999255,,,,793.47,"Carraro BR",81383,,,https://images2.productserve.com/noimage.gif,BRL,,,https://loja.carraro.com.br/produto/12999255,,,BRL793.47,111390,,,,,,,
https://www.awin1.com/pclick.php?p=43036517588&a=3093907&m=81383,"Conjunto Sala de Jantar 6 Cadeiras Charlotte Carraro Nogal com Preto",43036517588,12999256,,,,1434.77,"Carraro BR",81383,,,https://images2.productserve.com/noimage.gif,BRL,,,https://loja.carraro.com.br/produto/12999256,,,BRL1434.77,111390,,,,,,,
https://www.awin1.com/pclick.php?p=43036517589&a=3093907&m=81383,"Conjunto Sala de Jantar 4 Cadeiras Charlotte Carraro Nogal Rosê",43036517589,12999257,,,,1021.73,"Carraro BR",81383,,,https://images2.productserve.com/noimage.gif,BRL,,,https://loja.carraro.com.br/produto/12999257,,,BRL1021.73,111390,,,,,,,
https://www.awin1.com/pclick.php?p=43036517590&a=3093907&m=81383,"Conjunto Sala de Jantar 4 Cadeiras Charlotte Carraro Nogal Preto",43036517590,12999258,,,,999.99,"Carraro BR",81383,,,https://images2.productserve.com/noimage.gif,BRL,,,https://loja.carraro.com.br/produto/12999258,,,BRL999.99,111390,,,,,,,
https://www.awin1.com/pclick.php?p=43036517591&a=3093907&m=81383,"Balcão 600 Atlanta Carraro Preto Touch 2 Portas 1 Gaveta",43036517591,12999259,,,,271.73,"Carraro BR",81383,,,https://images2.productserve.com/noimage.gif,BRL,,,https://loja.carraro.com.br/produto/12999259,,,BRL271.73,111390,,,,,,,
https://www.awin1.com/pclick.php?p=43036517592&a=3093907&m=81383,"Balcão 600 Atlanta Carraro Amêndoa 2 Portas 1 Gaveta",43036517592,12999260,,,,271.73,"Carraro BR",81383,,,https://images2.productserve.com/noimage.gif,BRL,,,https://loja.carraro.com.br/produto/12999260,,,BRL271.73,111390,,,,,,,
https://www.awin1.com/pclick.php?p=43036517593&a=3093907&m=81383,"Torre Quente 2 Fornos Atlanta Carraro Preto Touch",43036517593,12999261,,,,380.42,"Carraro BR",81383,,,https://images2.productserve.com/noimage.gif,BRL,,,https://loja.carraro.com.br/produto/12999261,,,BRL380.42,111390,,,,,,,
https://www.awin1.com/pclick.php?p=43036517594&a=3093907&m=81383,"Torre Quente 2 Fornos Atlanta Carraro Amêndoa",43036517594,12999262,,,,380.42,"Carraro BR",81383,,,https://images2.productserve.com/noimage.gif,BRL,,,https://loja.carraro.com.br/produto/12999262,,,BRL380.42,111390,,,,,,,
https://www.awin1.com/pclick.php?p=43036517595&a=3093907&m=81383,"Paneleiro 2 Portas Atlanta Carraro Preto Touch",43036517595,12999263,,,,249.99,"Carraro BR",81383,,,https://images2.productserve.com/noimage.gif,BRL,,,https://loja.carraro.com.br/produto/12999263,,,BRL249.99,111390,,,,,,,
https://www.awin1.com/pclick.php?p=43036517596&a=3093907&m=81383,"Paneleiro 2 Portas Atlanta Carraro Amêndoa",43036517596,12999264,,,,249.99,"Carraro BR",81383,,,https://images2.productserve.com/noimage.gif,BRL,,,https://loja.carraro.com.br/produto/12999264,,,BRL249.99,111390,,,,,,,
https://www.awin1.com/pclick.php?p=43036517597&a=3093907&m=81383,"Armário de Cozinha Compacta Atlanta Kitch Carraro Preto Touch",43036517597,12999265,,,,630.42,"Carraro BR",81383,,,https://images2.productserve.com/noimage.gif,BRL,,,https://loja.carraro.com.br/produto/12999265,,,BRL630.42,111390,,,,,,,
https://www.awin1.com/pclick.php?p=43036517598&a=3093907&m=81383,"Armário de Cozinha Compacta Atlanta Kitch Carraro Amêndoa",43036517598,12999266,,,,630.42,"Carraro BR",81383,,,https://images2.productserve.com/noimage.gif,BRL,,,https://loja.carraro.com.br/produto/12999266,,,BRL630.42,111390,,,,,,,
https://www.awin1.com/pclick.php?p=43036517599&a=3093907&m=81383,"Armário de Cozinha Compacta Atlanta Petit Carraro Preto Touch - Armário de Cozinha Compacta Atlanta Petit Carraro Preto Touch",43036517599,12999267,,,,641.29,"Carraro BR",81383,,,https://images2.productserve.com/noimage.gif,BRL,,,https://loja.carraro.com.br/produto/12999267,,,BRL641.29,111390,,,,,,,
https://www.awin1.com/pclick.php?p=43036517600&a=3093907&m=81383,"Armário de Cozinha Compacta Atlanta Petit Carraro Amêndoa - Armário de Cozinha Compacta Atlanta Petit Carraro Amêndoa",43036517600,12999268,,,,641.29,"Carraro BR",81383,,,https://images2.productserve.com/noimage.gif,BRL,,,https://loja.carraro.com.br/produto/12999268,,,BRL641.29,111390,,,,,,,
https://www.awin1.com/pclick.php?p=43036517601&a=3093907&m=81383,"Armário de Cozinha Completa Atlanta Home Amêndoa",43036517601,12999269,,,,999.99,"Carraro BR",81383,,,https://images2.productserve.com/noimage.gif,BRL,,,https://loja.carraro.com.br/produto/12999269,,,BRL999.99,111390,,,,,,,
https://www.awin1.com/pclick.php?p=43036517602&a=3093907&m=81383,"Armário de Cozinha Completa Atlanta Home Preto Touch",43036517602,12999270,,,,999.99,"Carraro BR",81383,,,https://images2.productserve.com/noimage.gif,BRL,,,https://loja.carraro.com.br/produto/12999270,,,BRL999.99,111390,,,,,,,
https://www.awin1.com/pclick.php?p=43036517603&a=3093907&m=81383,"Armário de Cozinha Completa Atlanta Plus Amêndoa",43036517603,12999271,,,,1130.42,"Carraro BR",81383,,,https://images2.productserve.com/noimage.gif,BRL,,,https://loja.carraro.com.br/produto/12999271,,,BRL1130.42,111390,,,,,,,
https://www.awin1.com/pclick.php?p=43036517604&a=3093907&m=81383,"Armário de Cozinha Completa Atlanta Plus Preto Touch",43036517604,12999272,,,,1119.55,"Carraro BR",81383,,,https://images2.productserve.com/noimage.gif,BRL,,,https://loja.carraro.com.br/produto/12999272,,,BRL1119.55,111390,,,,,,,
https://www.awin1.com/pclick.php?p=43036517605&a=3093907&m=81383,"Armário de Cozinha Completa Atlanta Prime Amêndoa",43036517605,12999273,,,,1217.38,"Carraro BR",81383,,,https://images2.productserve.com/noimage.gif,BRL,,,https://loja.carraro.com.br/produto/12999273,,,BRL1217.38,111390,,,,,,,
https://www.awin1.com/pclick.php?p=43036517606&a=3093907&m=81383,"Armário de Cozinha Completa Atlanta Prime Preto Touch",43036517606,12999274,,,,1217.38,"Carraro BR",81383,,,https://images2.productserve.com/noimage.gif,BRL,,,https://loja.carraro.com.br/produto/12999274,,,BRL1217.38,111390,,,,,,,
https://www.awin1.com/pclick.php?p=43036517607&a=3093907&m=81383,"Armário de Cozinha Completa Atlanta Slim Amêndoa",43036517607,12999275,,,,804.34,"Carraro BR",81383,,,https://images2.productserve.com/noimage.gif,BRL,,,https://loja.carraro.com.br/produto/12999275,,,BRL804.34,111390,,,,,,,
https://www.awin1.com/pclick.php?p=43036517608&a=3093907&m=81383,"Armário de Cozinha Completa Atlanta Slim Preto Touch",43036517608,12999276,,,,804.34,"Carraro BR",81383,,,https://images2.productserve.com/noimage.gif,BRL,,,https://loja.carraro.com.br/produto/12999276,,,BRL804.34,111390,,,,,,,
https://www.awin1.com/pclick.php?p=43036517609&a=3093907&m=81383,"Armário de Cozinha Completa Atlanta Studio Amêndoa",43036517609,12999277,,,,1195.64,"Carraro BR",81383,,,https://images2.productserve.com/noimage.gif,BRL,,,https://loja.carraro.com.br/produto/12999277,,,BRL1195.64,111390,,,,,,,
https://www.awin1.com/pclick.php?p=43036517610&a=3093907&m=81383,"Armário de Cozinha Completa Atlanta Studio Preto Touch",43036517610,12999278,,,,1184.77,"Carraro BR",81383,,,https://images2.productserve.com/noimage.gif,BRL,,,https://loja.carraro.com.br/produto/12999278,,,BRL1184.77,111390,,,,,,,
https://www.awin1.com/pclick.php?p=43036517611&a=3093907&m=81383,"Armário de Cozinha Completa c Balcão Atlanta Essence Carraro Amêndoa",43036517611,12999279,,,,913.03,"Carraro BR",81383,,,https://images2.productserve.com/noimage.gif,BRL,,,https://loja.carraro.com.br/produto/12999279,,,BRL913.03,111390,,,,,,,
https://www.awin1.com/pclick.php?p=43036517612&a=3093907&m=81383,"Armário de Cozinha Completa c Balcão Atlanta Essence Carraro Preto Touch",43036517612,12999280,,,,967.38,"Carraro BR",81383,,,https://images2.productserve.com/noimage.gif,BRL,,,https://loja.carraro.com.br/produto/12999280,,,BRL967.38,111390,,,,,,,
https://www.awin1.com/pclick.php?p=43036517613&a=3093907&m=81383,"Cadeira Duna Carraro Bamboo c/ Dourado",43036517613,12999281,,,,543.47,"Carraro BR",81383,,,https://images2.productserve.com/noimage.gif,BRL,,,https://loja.carraro.com.br/produto/12999281,,,BRL543.47,111390,,,,,,,
https://www.awin1.com/pclick.php?p=43036517614&a=3093907&m=81383,"Guarda Roupa Casal 2 Portas 4 Gavetas Madrid Carraro Freijó c/ Avelã",43036517614,12999282,,,,1510.86,"Carraro BR",81383,,,https://images2.productserve.com/noimage.gif,BRL,,,https://loja.carraro.com.br/produto/12999282,,,BRL1510.86,111390,,,,,,,
https://www.awin1.com/pclick.php?p=43036517615&a=3093907&m=81383,"Cadeira Duna Carraro Grafite c/ Rosê",43036517615,12999283,,,,543.47,"Carraro BR",81383,,,https://images2.productserve.com/noimage.gif,BRL,,,https://loja.carraro.com.br/produto/12999283,,,BRL543.47,111390,,,,,,,
https://www.awin1.com/pclick.php?p=43036517616&a=3093907&m=81383,"Cômoda 4 Gavetas 2 Portas Carraro Freijó",43036517616,12999289,,,,728.25,"Carraro BR",81383,,,https://images2.productserve.com/noimage.gif,BRL,,,https://loja.carraro.com.br/produto/12999289,,,BRL728.25,111390,,,,,,,
https://www.awin1.com/pclick.php?p=43036517617&a=3093907&m=81383,"Cômoda 4 Gavetas 2 Portas Carraro Branco",43036517617,12999290,,,,728.25,"Carraro BR",81383,,,https://images2.productserve.com/noimage.gif,BRL,,,https://loja.carraro.com.br/produto/12999290,,,BRL728.25,111390,,,,,,,
https://www.awin1.com/pclick.php?p=43036517618&a=3093907&m=81383,"Guarda Roupa Casal 6 Portas 4 Gavetas Mônaco Carraro Freijó c/ Avelã",43036517618,12999292,,,,1684.77,"Carraro BR",81383,,,https://images2.productserve.com/noimage.gif,BRL,,,https://loja.carraro.com.br/produto/12999292,,,BRL1684.77,111390,,,,,,,
https://www.awin1.com/pclick.php?p=43036517619&a=3093907&m=81383,"Conjunto Sala de Jantar 6 Cadeiras Boston Carraro Nogal Preto",43036517619,12999294,,,,1847.82,"Carraro BR",81383,,,https://images2.productserve.com/noimage.gif,BRL,,,https://loja.carraro.com.br/produto/12999294,,,BRL1847.82,111390,,,,,,,
https://www.awin1.com/pclick.php?p=43036517620&a=3093907&m=81383,"Conjunto Sala de Jantar 6 Cadeiras Boston Carraro Nogal Rosê",43036517620,12999295,,,,1836.95,"Carraro BR",81383,,,https://images2.productserve.com/noimage.gif,BRL,,,https://loja.carraro.com.br/produto/12999295,,,BRL1836.95,111390,,,,,,,
https://www.awin1.com/pclick.php?p=43036517621&a=3093907&m=81383,"Conjunto de Sala de Jantar 6 Cadeiras Chloe Carraro Nogal Preto",43036517621,12999296,,,,1836.95,"Carraro BR",81383,,,https://images2.productserve.com/noimage.gif,BRL,,,https://loja.carraro.com.br/produto/12999296,,,BRL1836.95,111390,,,,,,,
https://www.awin1.com/pclick.php?p=43036517622&a=3093907&m=81383,"Conjunto de Sala de Jantar 6 Cadeiras Chloe Carraro Nogal Rosê",43036517622,12999297,,,,1847.82,"Carraro BR",81383,,,https://images2.productserve.com/noimage.gif,BRL,,,https://loja.carraro.com.br/produto/12999297,,,BRL1847.82,111390,,,,,,,
https://www.awin1.com/pclick.php?p=43036517623&a=3093907&m=81383,"Conjunto Sala de Jantar 6 Cadeiras York Carraro Nogal Rosê",43036517623,12999298,,,,2097.82,"Carraro BR",81383,,,https://images2.productserve.com/noimage.gif,BRL,,,https://loja.carraro.com.br/produto/12999298,,,BRL2097.82,111390,,,,,,,
https://www.awin1.com/pclick.php?p=43036517624&a=3093907&m=81383,"Conjunto Sala de Jantar 4 Cadeiras Veneza Petra Rosê Carraro",43036517624,12999299,,,,1304.34,"Carraro BR",81383,,,https://images2.productserve.com/noimage.gif,BRL,,,https://loja.carraro.com.br/produto/12999299,,,BRL1304.34,111390,,,,,,,
https://www.awin1.com/pclick.php?p=43036517625&a=3093907&m=81383,"Mesa de Jantar 6 Lugares Retangular 1,60m 1592 Carraro Carvalho",43036517625,12999300,,,,521.73,"Carraro BR",81383,,,https://images2.productserve.com/noimage.gif,BRL,,,https://loja.carraro.com.br/produto/12999300,,,BRL521.73,111390,,,,,,,
https://www.awin1.com/pclick.php?p=43036517626&a=3093907&m=81383,"Mesa de Jantar 6 Lugares Retangular 1,59m 1601 Carraro Off White com Gelo",43036517626,12999301,,,,999.99,"Carraro BR",81383,,,https://images2.productserve.com/noimage.gif,BRL,,,https://loja.carraro.com.br/produto/12999301,,,BRL999.99,111390,,,,,,,
https://www.awin1.com/pclick.php?p=43036517627&a=3093907&m=81383,"Mesa de Jantar 4 Lugares Retangular 1,19m 1602 Carraro Off White com Gelo",43036517627,12999302,,,,836.95,"Carraro BR",81383,,,https://images2.productserve.com/noimage.gif,BRL,,,https://loja.carraro.com.br/produto/12999302,,,BRL836.95,111390,,,,,,,
https://www.awin1.com/pclick.php?p=43036517628&a=3093907&m=81383,"Tampo para Balcão 120 cm Cozinha Milla Carraro Petra",43036517628,12999308,,,,217.38,"Carraro BR",81383,,,https://images2.productserve.com/noimage.gif,BRL,,,https://loja.carraro.com.br/produto/12999308,,,BRL217.38,111390,,,,,,,
