aw_deep_link,product_name,aw_product_id,merchant_product_id,merchant_image_url,description,merchant_category,search_price,merchant_name,merchant_id,category_name,category_id,aw_image_url,currency,store_price,delivery_cost,merchant_deep_link,language,last_updated,display_price,data_feed_id,ean,isbn,upc,mpn,parent_product_id,product_GTIN
https://www.awin1.com/pclick.php?p=35979066311&a=3093907&m=30615,"Assadeira Perfurada Deluxe Weber",35979066311,7019,https://spicy.vteximg.com.br/arquivos/ids/206308_2,"Que tal preparar carnes, peixes, legumes e até pizza crocante na churrasqueira de um jeito super prático? As assadeiras com pequenos furos permitem que pequenos alimentos sejam grelhados sem que caia pelas grades da churrasqueira facilitando o preparo e deixando os acompanhamentos deliciosos. Abobrinha e pimentões caramelizados para complementar seu churrasco! Com as assadeiras Weber você poderá adicionar alimentos frescos e saudáveis em qualquer refeição. Ficha técnica: • Código: 4082070252 • Marca: Weber • Modelo: Deluxe • Material: Aço Inox • Cor: Aço Inox • Peso: 1,13kg • Dimensões: 4cm x 40cm x 30cm (AxLxP) • Garantia: 2 Anos",,449.00,"Spicy BR",30615,,,https://images2.productserve.com/?w=200&h=200&bg=white&trim=5&t=letterbox&url=ssl%3Aspicy.vteximg.com.br%2Farquivos%2Fids%2F206308_2&feedId=72009&k=c58e6dd971f2217af1076e95fa6c608ec62270cb,BRL,,,https://www.spicy.com.br/assadeira-perfurada-deluxe-weber/p?idsku=7019,,,BRL449.00,72009,,,,4082070101,11869,77924074899
https://www.awin1.com/pclick.php?p=46030557343&a=3093907&m=30615,"Churrasqueira a Carvão Smokey Joe Silver Weber Preto",46030557343,7049,https://spicy.vteximg.com.br/arquivos/ids/206187_2,"A Churrasqueira a Carvão Smokey Joe Silver Weber desenvolvida em aço esmaltado preto pela Americana Weber. Compacta, com design tradicional e sistema de grelhar criado na década de 1950 e aprimorado desde então. A churrasqueira com tampa se destaca por sua facilidade em assar carnes e outros alimentos sem levantar a tão desagradável labareda. O sistema de entrada e saída de ar é feito em alumínio e proporciona a ventilação perfeita para o preparo do churrasco. Assim, é possível colocar a picanha com a gordura para baixo que vai tostar e derreter sem levantar chama. Especificações do produto: • 34 cm de diâmetro • Grelha em aço • Sistema de entrada e saída de ar em alumínio que não enferruja e proporciona a ventilação perfeita para o preparo do churrasco • Prato removível em alumínio para coletar as cinzas com facilidade • Suporte para a tampa para facilitar o manuseio • Alça em nylon ultra resistente • Área de cozimento: 948,15 cm² Ficha técnica: • Código: 4082070141 • Marca: Weber • Modelo: Smokey Joe • Conteúdo da Embalagem: 1 Churrasqueira • Material: Aço esmaltado • Cor: Preto • Peso: 5kg • Dimensões churrasqueira com a tampa fechada: 43,18cm x 36,20cm x 36,83cm (AxLxP) • Garantia: 2 Anos",,1199.00,"Spicy BR",30615,,,https://images2.productserve.com/?w=200&h=200&bg=white&trim=5&t=letterbox&url=ssl%3Aspicy.vteximg.com.br%2Farquivos%2Fids%2F206187_2&feedId=72009&k=6b65bd9324cb84dcf75cfc05f206907ed6d60c65,BRL,,,https://www.spicy.com.br/churrasqueira-a-carvao-smokey-joe-silver-preto/p?idsku=7049,,,BRL1199.00,72009,,,,4082070141,11909,77924909399
https://www.awin1.com/pclick.php?p=44912276917&a=3093907&m=30615,"Churrasqueira a Gás Spirit E-210 Weber Aço Inox",44912276917,7054,https://spicy.vteximg.com.br/arquivos/ids/206235_2,"A churrasqueira a gás Spirit E-210 é uma verdadeira estação gourmet, prática, é ideal para a sua casa. A grande vantagem da churrasqueira com tampa é que sem ar, não tem chama. Assim, se você fechar a churrasqueira, pode colocar a picanha com a gordura pra baixo que vai tostar e derreter a gordura, sem levantar a desagradável labareda. As churrasqueiras são projetadas para trabalhar exclusivamente com gás de botijão, e a Weber não recomenda a conversão das churrasqueiras ao gás natural. Especificações do produto: • Tampa | Rodinhas com travas • Tipos de grelhas: Ferro fundido esmaltado em porcelana • Barras Flavorizantes: Aço inox • Termômetro: Sim • Controle de Temperatura: Não • Suporte para Utensílios: Sim • Laterais Dobráveis: 2 • Bandeja coletora de Gordura: Não • Ignição: Sim • Queimadores: 2 • Tipo de Combustível: A Gás • Atenção: Kit Gás não acompanha o produto • As churrasqueiras são projetadas para trabalhar exclusivamente com gás de botijão e a Weber não recomenda a conversão das churrasqueiras ao gás natural • A Mcassab não realiza a adequação do item ao gás natural e não assume qualquer responsabilidade pela modificação Ficha técnica: • Código: 4082070146 • Marca: Weber • Modelo: Spirit E-210 • Conteúdo da Embalagem: 1 manual de instruções, 1 churrasqueira • Material: Aço esmaltado • Potência: 26.500 BTU • Cor: Preto • Peso: 55kg • Dimensões : 115,57cm x 127cm x 60,96cm (AXLXP) • Dimensões com tampa aberta: 160,02cm x 127cm x 81,28cm (AXLXP) • 2322,00cm² de área de cozimento • Garantia: Até 10 anos de garantia ofertadas pelo fabricante observando todos os procedimentos de limpeza e cuidado",,7999.00,"Spicy BR",30615,,,https://images2.productserve.com/?w=200&h=200&bg=white&trim=5&t=letterbox&url=ssl%3Aspicy.vteximg.com.br%2Farquivos%2Fids%2F206235_2&feedId=72009&k=4edbf052d9ba9f9bcf5a398231bef2965d19eb28,BRL,,,https://www.spicy.com.br/churrasqueira-a-gas-spirit-e-210-weber-aco-inox/p?idsku=7054,,,BRL7999.00,72009,,,,4082070146,11914,77924893599
https://www.awin1.com/pclick.php?p=37061841504&a=3093907&m=30615,"Conjunto 12 Talheres para Carne Aço Inox Servier Bistro WMF",37061841504,12869,https://spicy.vteximg.com.br/arquivos/ids/163797_2,"Desenvolvido com o exclusivo aço inox Cromargan e excelente acabamento polido pela Alemã WMF, o conjunto de Talheres para Carne WMF possui os talheres perfeitos para servir em grande estilo. Design clássico e formato diferenciado para o serviço. O aço inox Cromargan utilizado na produção das peças oferece alta resistência a riscos, mesmo após o uso prolongado. Parte da linha Servier Bistro e projetado pelo Designer Peter Bäurle, profissional responsável por diversos produtos da marca, buscando promover a união entre sensibilidade, criatividade e modernidade. Ficha técnica: • Código: 4080011254 • Marca: WMF • Modelo: Servier Bistro • Conteúdo da Embalagem: 12 Talheres • Material: Aço inox • Peso: 1,016kg • Dimensões: 5cm x 17cm x 25cm (AxLxP) • Garantia: 3 Meses - Contra defeito de fabricação",,1099.00,"Spicy BR",30615,,,https://images2.productserve.com/?w=200&h=200&bg=white&trim=5&t=letterbox&url=ssl%3Aspicy.vteximg.com.br%2Farquivos%2Fids%2F163797_2&feedId=72009&k=cd8993ae33ab6f8c0ee10711294d201661a69d42,BRL,,,https://www.spicy.com.br/conjunto-de-12-talheres-para-carne-em-aco-inox-servier-bistro-wmf/p?idsku=12869,,,BRL1099.00,72009,,,,4080011254,1191,4000530626325
https://www.awin1.com/pclick.php?p=40336286228&a=3093907&m=30615,"Luva Protetora para Mãos Specialty em Fibra Sintética Microplane",40336286228,7193,https://spicy.vteximg.com.br/arquivos/ids/238747_2,"Luvas perfeitas para cortar vegetais. As lâminas do Microplane são projetadas para serem mais afiadas do que as da concorrência, então também projetamos essas luvas resistentes a cortes. Proteja suas mãos do contato acidental com lâminas afiadas! Nossa luva resistente a cortes se ajusta a ambas as mãos e um tamanho serve na maioria. Especificações do Produto: •Serve para qualquer mão e tamanho único •Luva de malha sem fio resistente a cortes •Protege as mãos do contato acidental com lâminas afiadas •Em conformidade com FDA para contato com alimentos •EN388 Nível 5 para resistência a cortes •ANSI Nível 4 para resistência a cortes • Lavar apenas à mão Ficha Técnica: • Código: 4082740001 • Marca: Microplane • Conteúdo da Embalagem: 1 Luva Protetora • Material: Microfibra • Peso: 0,400kg • Dimensões do produto: 32cm x 11,2cm x 26,6cm (AxLxP) • Garantia: 3 Meses (Contra defeito de fabricação)",,199.00,"Spicy BR",30615,,,https://images2.productserve.com/?w=200&h=200&bg=white&trim=5&t=letterbox&url=ssl%3Aspicy.vteximg.com.br%2Farquivos%2Fids%2F238747_2&feedId=72009&k=8c30bb4def070f4e033d9e0d971b6edb1e9d9999,BRL,,,https://www.spicy.com.br/luva-protetora-para-maos-specialty-em-fibra-sintetica-microplane/p?idsku=7193,,,BRL199.00,72009,,,,4082740001,12602,098399340074
https://www.awin1.com/pclick.php?p=33152871665&a=3093907&m=30615,"Ralador Zester em Aço Inox Classic Microplane Preto",33152871665,7202,https://spicy.vteximg.com.br/arquivos/ids/174772_2,"O Ralador Zester da Microplane é uma ferramenta queridinha, versátil e prática para ralar alimentos secos ou úmidos, como frutas cítricas, queijos duros, gengibre, alho, noz moscada e canela. Equipado com lâminas ultra afiadas fabricadas nos EUA, o ralador da Microplane também pode ser usado para raspar frutas cítricas e castanhas e ralar chocolate ou coco. Com um cabo de toque suave em amarelo ensolarado e um protetor de lâmina incluído, é uma adição prática para qualquer cozinha e uma ferramenta essencial para qualquer amante de culinária gourmet. Especificações do Produto:  • Cabo ergonômico macio ao toque em uma cor vibrante • Super afiado, perfeito para fazer finas raspas de queijos, limão, laranja, chocolates e diversos outros alimentos que preferir • Design inteligente com corte preciso • Lâminas em aço inox de alta qualidade e extremamente afiadas • Acompanha capa protetora para quando não estiver em uso • Pode ir à lava louças Ficha Técnica:  • Código: 4082740011 • Marca: Microplane • Modelo: Zester • Conteúdo da Embalagem: 1 Ralador • Material: Aço Inox • Cor: Preto • Peso: 120g • Dimensões do produto: 30cm x 3,4cm x 1,5cm (AxLxP) • Garantia: 3 Meses (Contra defeito de fabricação)",,299.00,"Spicy BR",30615,,,https://images2.productserve.com/?w=200&h=200&bg=white&trim=5&t=letterbox&url=ssl%3Aspicy.vteximg.com.br%2Farquivos%2Fids%2F174772_2&feedId=72009&k=3ab0971ecbfcb8ea04ea83fc6bb83cc92ae6b873,BRL,,,https://www.spicy.com.br/ralador-zester-em-aco-inox-classic-microplane-preto/p?idsku=7202,,,BRL299.00,72009,,,,4082740011,12612,98399460208
https://www.awin1.com/pclick.php?p=40785166728&a=3093907&m=30615,"Ralador em Aço Inox Classic Microplane Vermelho",40785166728,7205,https://spicy.vteximg.com.br/arquivos/ids/175598_2,"O Ralador Classic pode ser usado para diversas coisas! Como ralar gengibre, canela inteira, noz-moscada ou para raspar uma rolha para encaixar de volta em uma garrafa e até mesmo para raspar manchas queimadas ou escuras de biscoitos. As possibilidades são infinitas! Além da sua mesa ficar elegante, você não terá preocupação para ralar a comida da maneira que desejar. Evite o cansaço das mãos e punhos com um cabo macio e emborrachado que proporciona conforto durante o manuseio com material que permanece livre de ferrugem e mantém a nitidez ao longo do tempo. O descascador de cítricos foi desenhado de maneira inteligente para o melhor corte com uma lâmina de alta qualidade, garantindo precisão na sua cozinha. Produzido pela Americana Microplane, reconhecida como a melhor do mundo no segmento de raladores com alta precisão. Mais de 40 anos no mercado com produtos mundialmente conhecidos e da melhor qualidade. Especificações do produto: • Vai a lava-louças, exceto a capa protetora que deve ser lavada a mão Ficha técnica: • Código: 4082740014 • Marca: Microplane • Modelo: Classic • Conteúdo da Embalagem: 1 Ralador 1 Capa protetora • Material: Lâmina em aço inox e cabo de borracha termoplástica Capa em plástico • Cor: Vermelho • Peso: 0,12kg • Dimensões: 3,8cm x 3,5cm x 30,7cm (AxLxP) • Garantia: 3 Meses - Contra defeito de fabricação",,229.00,"Spicy BR",30615,,,https://images2.productserve.com/?w=200&h=200&bg=white&trim=5&t=letterbox&url=ssl%3Aspicy.vteximg.com.br%2Farquivos%2Fids%2F175598_2&feedId=72009&k=a717a66c664036e5385780e7cc27a095d25b7a3e,BRL,,,https://www.spicy.com.br/ralador-em-aco-inox-classic-microplane-vermelho/p?idsku=7205,,,BRL229.00,72009,,,,4082740014,12615,98399461205
https://www.awin1.com/pclick.php?p=36863110176&a=3093907&m=30615,"Ralador em Aço Inox Classic Zester Microplane Amarelo",36863110176,7228,https://spicy.vteximg.com.br/arquivos/ids/234779_2,"O Ralador Zester da Microplane é uma ferramenta queridinha, versátil e prática para ralar alimentos secos ou úmidos, como frutas cítricas, queijos duros, gengibre, alho, noz moscada e canela. Equipado com lâminas ultra afiadas fabricadas nos EUA, o ralador da Microplane também pode ser usado para raspar frutas cítricas e castanhas e ralar chocolate ou coco. Com um cabo de toque suave e um protetor de lâmina incluído, é uma adição prática para qualquer cozinha e uma ferramenta essencial para os amantes da culinária gourmet. Especificações do Produto:  • Cabo ergonômico macio ao toque em uma cor vibrante • Super afiado, perfeito para fazer finas raspas de queijos, limão, laranja, chocolates e diversos outros alimentos que preferir • Design inteligente com corte preciso • Lâminas em aço inox de alta qualidade e extremamente afiadas • Acompanha capa protetora para quando não estiver em uso • Pode ir à lava louças Ficha Técnica:  • Código: 4082740041 • Marca: Microplane • Modelo: Zester • Conteúdo da Embalagem: 1 Ralador • Material: Aço Inox • Cor: Amarelo • Peso: 120g • Dimensões do produto: 30cm x 3,4cm x 1,5cm (AxLxP) • Garantia: 3 Meses (Contra defeito de fabricação)",,229.00,"Spicy BR",30615,,,https://images2.productserve.com/?w=200&h=200&bg=white&trim=5&t=letterbox&url=ssl%3Aspicy.vteximg.com.br%2Farquivos%2Fids%2F234779_2&feedId=72009&k=500561a0ddc6b449ec9fdd7e6c21e22e5bcc6ba0,BRL,,,https://www.spicy.com.br/ralador-em-aco-inox-classic-zester-microplane-amarelo/p?idsku=7228,,,BRL229.00,72009,,,,4082740041,12642,0098399466200
https://www.awin1.com/pclick.php?p=33152871669&a=3093907&m=30615,"Conjunto de Copos ""o"" em Cristal Cabernet Merlot Riedel",33152871669,7636,https://spicy.vteximg.com.br/arquivos/ids/234372_2,"Com design clássico, este conjunto conta com 8 copos modelo ""O"" criados especialmente para revelar toda essência de grandes vinhos. Desenvolvidos na Áustria pela família Riedel em cristal com acabamento inigualável, leveza e excelente resistência. Perfeitos para diversas ocasiões ou utilizados no dia a dia para outras bebidas. Ficha Técnica: • Código: 4088190075 • Marca: Riedel • Conteúdo da Embalagem: 8 Peças • Material: Cristal • Capacidade: 600ml • Peso: 140g a unidade • Dimensões: 12cm x 10cm x 7cm • Garantia: 3 Meses - Contra defeito de fabricação",,999.00,"Spicy BR",30615,,,https://images2.productserve.com/?w=200&h=200&bg=white&trim=5&t=letterbox&url=ssl%3Aspicy.vteximg.com.br%2Farquivos%2Fids%2F234372_2&feedId=72009&k=9a32da477413c2e52b94c30828cf6f9e6e42e53e,BRL,,,https://www.spicy.com.br/conjunto-de-copos--o--em-cristal-cabernet-merlot-leve-8-pague-6-riedel/p?idsku=7636,,,BRL999.00,72009,,,,4088190075,13406,9006206514557
https://www.awin1.com/pclick.php?p=45081854999&a=3093907&m=30615,"Conjunto de 2 Taças para Vinho Cabernet Sauvignon Heart to Heart 800ml Riedel",45081854999,11656,https://spicy.vteximg.com.br/arquivos/ids/159828_2,"Consideradas por especialistas, as melhores taças para vinho do mundo, as taças Riedel são fabricadas na Áustria, há mais de 250 anos pela família Riedel. Robert Parket em uma oportunidade comentou “O efeito que estas taças exercem sobre o vinho é profundo. Não é possível dizer o suficiente, elas fazem uma enorme diferença.” Este conjunto é composto por 2 taças em cristal com capacidade para 800ml cada e altura aproximada de 24,7cm. Ficha técnica: • Código: 4088190116 • Marca: Riedel • Modelo: Cabernet Sauvignon Heart to Heart • Conteúdo da Embalagem: 2 Taças • Capacidade: 800ml • Peso: 650g • Altura da taça: 24,7cm • Dimensões da embalagem: 27cm x 13cm x 10cm (AxLxP) • Garantia: 3 Meses - Contra defeito de fabricação",,499.00,"Spicy BR",30615,,,https://images2.productserve.com/?w=200&h=200&bg=white&trim=5&t=letterbox&url=ssl%3Aspicy.vteximg.com.br%2Farquivos%2Fids%2F159828_2&feedId=72009&k=2014cd7d7d472ddf5ab6ba41fa4a0ad5131e9602,BRL,,,https://www.spicy.com.br/conjunto-de-2-tacas-para-vinho-cabernet-sauvignon-heart-to-heart-riedel/p?idsku=11656,,,BRL499.00,72009,,,,4088190116,13446,9006206516346
https://www.awin1.com/pclick.php?p=33887217733&a=3093907&m=30615,"Batedeira Stand Mixer 127V Kitchenaid Vermelha",33887217733,8364,https://spicy.vteximg.com.br/arquivos/ids/242543_2,"A batedeira Kitchenaid foi projetada especialmente para tornar o tempo na cozinha em um dos mais prazerosos do dia. O corpo robusto produzido todo em aço inox, a batedeira oferece durabilidade e resistência e seu design retrô e exclusivo destaca-se no ambiente dando um toque especial na decoração de sua cozinha. Sua tigela com capacidade para 4,83 litros, 10 velocidades é perfeita para preparar receitas do dia a dia até as maiores e mais complexas. Moderna e prática, a batedeira possui comandos simples e intuitivos, movimento planetário atingindo 59 pontos de contato na lateral da tigela, proporcionando uma mistura rápida e homogênea. Com a batedeira Kitchenaid, você pode utilizá-la com ou sem a base, contém porta-fio para a armazenagem correta do produto, trava de segurança e base antiderrapante. Além disso, é possível adquirir acessórios opcionais como: Moedor, pasta roller, sorveteira, extrator de cítricos, set gourmet. Presente no Brasil desde 2008, conquistando corações e cozinhas com produtos inspirados no universo da culinária profissional. Especificações do Produto: • 10 velocidades com movimento planetário • A mistura dos ingredientes fica homogênea rapidamente • Prepare bolos, massas, pães, cremes e as mais complexas receitas • Possui trava de segurança e pés antiderrapantes • Considerada um ícone de design e funcionalidade • Possui comandos simples e intuitivos • Protetor de respingos (evitando sujeira) • Comporta outros acessórios para outras funções (vendido separadamente) • Os batedores e bowl podem ir a lava-louças • Fácil limpeza Ficha Técnica: • Código: 4088760002 • Marca: Kitchenaid • Modelo: Stand Mixer • Conteúdo da embalagem: 1 Batedeira, 1 Tigela em Inox, 1 Protetor de respingo e 3 Batedores (massa, pão, claras) • Material: Aço Inox • Voltagem: 127V • Potência: 275W • Capacidade: 4,8 litros • Cor: Vermelho • Peso: 10kg • Dimensões da embalagem: 35,3cm x 22,1cm x 35,8cm (AxLxP) • Garantia: 1 ano (Contra efeito de fabricação) • Certificação Inmetro BR OCP 0029""",,2799.00,"Spicy BR",30615,,,https://images2.productserve.com/?w=200&h=200&bg=white&trim=5&t=letterbox&url=ssl%3Aspicy.vteximg.com.br%2Farquivos%2Fids%2F242543_2&feedId=72009&k=b1bcbba0d65e6d11681ec289b70c865de3d9550e,BRL,,,https://www.spicy.com.br/batedeira-stand-mixer-127v-kitchenaid-vermelha/p?idsku=8364,,,BRL2799.00,72009,,,,4088760002,14721,7891129209015
https://www.awin1.com/pclick.php?p=35322249509&a=3093907&m=30615,"Batedeira Stand Mixer 220V Kitchenaid Vermelha",35322249509,8031,https://spicy.vteximg.com.br/arquivos/ids/242542_2,"A batedeira Kitchenaid foi projetada especialmente para tornar o tempo na cozinha em um dos mais prazerosos do dia. O corpo robusto produzido todo em aço inox, a batedeira oferece durabilidade e resistência e seu design retrô e exclusivo destaca-se no ambiente dando um toque especial na decoração de sua cozinha. Sua tigela com capacidade para 4,83 litros, 10 velocidades é perfeita para preparar receitas do dia a dia até as maiores e mais complexas. Moderna e prática, a batedeira possui comandos simples e intuitivos, movimento planetário atingindo 59 pontos de contato na lateral da tigela, proporcionando uma mistura rápida e homogênea. Com a batedeira Kitchenaid, você pode utilizá-la com ou sem a base, contém porta-fio para a armazenagem correta do produto, trava de segurança e base antiderrapante. Além disso, é possível adquirir acessórios opcionais como: Moedor, pasta roller, sorveteira, extrator de cítricos, set gourmet. Presente no Brasil desde 2008, conquistando corações e cozinhas com produtos inspirados no universo da culinária profissional. Especificações do Produto: • 10 velocidades com movimento planetário • A mistura dos ingredientes fica homogênea rapidamente • Prepare bolos, massas, pães, cremes e as mais complexas receitas • Possui trava de segurança e pés antiderrapantes • Considerada um ícone de design e funcionalidade • Possui comandos simples e intuitivos • Protetor de respingos (evitando sujeira) • Comporta outros acessórios para outras funções (vendido separadamente) • Os batedores e bowl podem ir a lava-louças • Fácil limpeza Ficha Técnica: • Código: 4088760040 • Marca: Kitchenaid • Modelo: Stand Mixer • Conteúdo da embalagem: 1 Batedeira, 1 Tigela em Inox, 1 Protetor de respingo e 3 Batedores (massa, pão, claras) • Material: Aço Inox • Voltagem: 220V • Potência: 300W • Capacidade: 4,8 litros • Cor: Vermelho • Peso: 10kg • Dimensões da embalagem: 35,3cm x 22,1cm x 35,8cm (AxLxP) • Garantia: 1 ano (Contra defeito de fabricação) • Certificação Inmetro BR OCP 0029""",,3249.00,"Spicy BR",30615,,,https://images2.productserve.com/?w=200&h=200&bg=white&trim=5&t=letterbox&url=ssl%3Aspicy.vteximg.com.br%2Farquivos%2Fids%2F242542_2&feedId=72009&k=29f2b1cee05324b6c3a366e1f09a1f3cbe09343b,BRL,,,https://www.spicy.com.br/batedeira-stand-mixer-220v-kitchenaid-vermelha/p?idsku=8031,,,BRL3249.00,72009,,,,4088760040,14759,7891129195387
https://www.awin1.com/pclick.php?p=35979066192&a=3093907&m=30615,"Garrafa Térmica de 1 Litro Quick Press Samba Emsa Vermelha",35979066192,834,https://spicy.vteximg.com.br/arquivos/ids/156496_2,"Excelente garrafa térmica com sistema ""Quick Press"", que possibilita a utilização pressionando apenas um botão, contribuindo também uma vedação hermética perfeita. A linha Samba foi criada especialmente para proporcionar destaque e sofisticação à mesa. Peças desenvolvidas em plástico de alta qualidade, com design moderno e cores alegres que se adaptam facilmente em qualquer decoração. Desenvolvida pela Alemã Emsa, marca com excelência em alta qualidade e funcionalidade, oferecendo produtos práticos para o dia a dia. Ficha técnica: • Código: 4080050161 • Marca: Emsa • Modelo: Quick Press Samba • Conteúdo da Embalagem: 1 Garrafa Térmica • Especificações do produto: Ampola de Vidro 100% a prova de vazamentos Livre de BPA • Material: Plástico • Capacidade: 1 Litro • Cor: Vermelho • Peso: 740g • Dimensões: 22cm x 15cm x 18cm (AxLxP) • Garantia: 5 Anos",,299.00,"Spicy BR",30615,,,https://images2.productserve.com/?w=200&h=200&bg=white&trim=5&t=letterbox&url=ssl%3Aspicy.vteximg.com.br%2Farquivos%2Fids%2F156496_2&feedId=72009&k=7962602a642835b0b04880b1feba22b185fe4502,BRL,,,https://www.spicy.com.br/garrafa-termica-de-1-litro-quick-press-samba-emsa-vermelha/p?idsku=834,,,BRL299.00,72009,,,,4080050161,1486,4009049222042
https://www.awin1.com/pclick.php?p=33152871687&a=3093907&m=30615,"Cilindro Extra de CO2 60 Litros Sodastream Azul",33152871687,8115,https://spicy.vteximg.com.br/arquivos/ids/182531_2,"IMPORTANTE: Este Cilindro Click Connect (rótulo azul) é compatível somente com as máquinas: GENESIS, POWER, SOURCE, PLAY, SPIRIT, FIZZI, JET, CRYSTAL, ACQUA FIZZ e PENGUIN. Tudo o que você precisa para manter sua máquina  borbulhando! A mesma eficiência de sempre, agora com muito mais praticidade. Os Cilindros SodaStream mudaram, mas mudaram para melhor. Desenvolvido pela israelense Sodastream, o Cilindro Extra é perfeito para quem ama água com gás, além disso, você pode realizar a troca do Cilindro refil enquanto utiliza o seu Cilindro Extra. Com rendimento de até 3 meses dependendo da frequência de consumo, os cilindros são testados diversas vezes para garantir a segurança do consumidor, portanto não recomendamos utilizar cilindros de gás (CO2) de origem desconhecida. Trocas de cilindros de origem desconhecida, danificados, provenientes da Austrália e Nova Zelândia não serão aceitos pelos nossos entregadores. Se você possui uma máquina da SodaStream oriunda da Austrália ou Nova Zelândia, não siga em frente com essa compra. Respeitando a legislação local, as máquinas e cilindros desses dois países possuem uma modificação que as torna incompatíveis com as máquinas e cilindros comercializados no Brasil e no restante do mundo. Especificações do produto: • Sustentável e retornável • Rápido e fácil • Triplo controle de qualidade a cada recarga • Gás certificado de grau alimentar • IMPORTANTE: Este Cilindro Rosqueável é compatível apenas com as máquinas: GENESIS, POWER, SOURCE, PLAY, SPIRIT, FIZZI, JET, CRYSTAL, ACQUA FIZZ, PENGUIN Ficha técnica: • Código: 4088930035 • Marca: Sodastream • Conteúdo da Embalagem: 1 Cilindro Extra Azul • Capacidade: 60 Litros • Peso do produto: 1,1kg • Dimensões do produto: 36,5cm x 6cm x 6cm (AxLxP) • Peso com embalagem: 1,2kg • Dimensões com embalagem: 37cm x 7cm x 7cm (AxLxP) • Garantia: 3 Anos",,399.00,"Spicy BR",30615,,,https://images2.productserve.com/?w=200&h=200&bg=white&trim=5&t=letterbox&url=ssl%3Aspicy.vteximg.com.br%2Farquivos%2Fids%2F182531_2&feedId=72009&k=e7395f85b4e1105f164ad4ee5265cebe3428ff94,BRL,,,https://www.spicy.com.br/cilindro-extra-de-co2-60-litros-sodastream/p?idsku=8115,,,BRL399.00,72009,,,,4088930035,15004,7290012291265
https://www.awin1.com/pclick.php?p=35356101141&a=3093907&m=30615,"Cilindro Refil de CO2 60 Litros Sodastream Azul",35356101141,14958,https://spicy.vteximg.com.br/arquivos/ids/234337_2,"IMPORTANTE: Este Cilindro Click Connect (rótulo azul) é compatível somente com as máquinas: GENESIS, POWER, SOURCE, PLAY, SPIRIT, FIZZI, JET, CRYSTAL, ACQUA FIZZ e PENGUIN. Agora você e sua família podem aproveitar a Máquina Sodastream trocando o cilindro de gás carbônico (CO2) On-line. Cada cilindro rende até 60 litros de água com gás, perfeito para quem ama sua água sempre fresquinha e cheia de bolhas, ou para facilitar na sua rotina, eliminando idas ao supermercado e salvando espaço no armário. Os cilindros originais SodaStream passam por um triplo controle de qualidade e garantem a sua segurança. POR FAVOR, LEIA ATENTAMENTE OS PROCEDIMENTOS: Sua máquina ficou sem gás? Peça um refil e continue a produzir água com gás fresquinha em casa, é muito fácil: 1º Faça o pedido de refil de gás on line 2º Selecione o tipo de frete desejado 3º Por se tratar de um refil, precisaremos do seu cilindro de volta. Fique atento ao seu e-mail, você receberá todas as instruções de como realizar o retorno do seu cilindro vazio de acordo com a modalidade de frete selecionada -Embale seu cilindro vazio e o mantenha disponível, os correios passarão no endereço selecionado no momento da compra para retirá-lo; -Quando o retorno do seu cilindro for confirmado, enviaremos um cilindro reabastecido até você; -Enviaremos por email a confirmação de envio do seu refil de gás; -Nosso motoboy irá até seu endereço com um cilindro novo; -Tenha seu cilindro vazio à mão ou disponibilize na portaria de seu prédio ou a um responsável; -No ato da entrega do seu refil de gás o cilindro vazio será retirado. *O prazo de entrega pode variar de 01 a 20 dias da data de recebimento do cilindro vazio, dependendo da localidade.  IMPORTANTE: Este Cilindro Rosqueável (rótulo azul) pode ser utilizado apenas nas máquinas GENESIS, POWER, SOURCE, PLAY, SPIRIT, FIZZI, JET, CRYSTAL, ACQUA FIZZ e PENGUIN (exceto pelas máquinas adquiridas no território da Austrália e Nova Zelândia). Trocas de cilindros de origem desconhecida, danificados, provenientes da Austrália e Nova Zelândia ou o cilindros Quick Connect (rótulo rosa) não serão aceitos pelos nossos entregadores. Se você possui uma máquina da SodaStream oriunda da Austrália ou Nova Zelândia, não siga em frente com essa compra. Respeitando a legislação local, as máquinas e cilindros desses dois países possuem uma modificação que as torna incompatíveis com as máquinas e cilindros comercializados no Brasil e no restante do mundo. Ficha Técnica: • Código: 4088930055 • Marca: Sodastream • Conteúdo da Embalagem: 1 Cilindro Refil Azul • Peso: 425g • Dimensões: 37cm x 7cm x 7cm (AxLxP) • Garantia: 3 Meses (Contra defeito de fabricação)",,169.90,"Spicy BR",30615,,,https://images2.productserve.com/?w=200&h=200&bg=white&trim=5&t=letterbox&url=ssl%3Aspicy.vteximg.com.br%2Farquivos%2Fids%2F234337_2&feedId=72009&k=cc76c36662cc6e9f93a3780ad84c37ca0ffe33b5,BRL,,,https://www.spicy.com.br/cilindro-refil-de-co2-60-litros-sodastream/p?idsku=14958,,,BRL169.90,72009,,,,4088930055,15024,7290012291272
https://www.awin1.com/pclick.php?p=45780312562&a=3093907&m=30615,"Garrafa Térmica de 1 Litro Quick Press Samba Emsa Branca",45780312562,851,https://spicy.vteximg.com.br/arquivos/ids/227145_2,"Excelente garrafa térmica branca com sistema ""Quick Press"", que possibilita a utilização pressionando apenas um botão, contribuindo também uma vedação hermética perfeita. A linha Samba foi criada especialmente para proporcionar destaque e sofisticação à mesa. Peças desenvolvidas em plástico de alta qualidade, com design moderno e cores alegres que se adaptam facilmente em qualquer decoração. Desenvolvida pela Alemã Emsa, marca com excelência em alta qualidade e funcionalidade, oferecendo produtos práticos para o dia a dia. Ficha técnica: • Código: 4080050197 • Marca: Emsa • Modelo: Quick Press Samba • Conteúdo da Embalagem: 1 Garrafa Térmica • Especificações do produto: Ampola de Vidro • Material: Plástico • Capacidade: 1 Litro • Cor: Branca • Peso: 740g • Dimensões: 22cm x 15cm x 18cm (AxLxP) • Garantia: 5 Anos",,299.00,"Spicy BR",30615,,,https://images2.productserve.com/?w=200&h=200&bg=white&trim=5&t=letterbox&url=ssl%3Aspicy.vteximg.com.br%2Farquivos%2Fids%2F227145_2&feedId=72009&k=82edc289f18f07682c87381b254ee9bc02f29ea0,BRL,,,https://www.spicy.com.br/garrafa-termica-de-1-litro-quick-press-samba-emsa-branca/p?idsku=851,,,BRL299.00,72009,,,,4080050197,1522,4009049226514
https://www.awin1.com/pclick.php?p=45780312563&a=3093907&m=30615,"Garrafa Térmica de 1 Litro Quick Press Samba Emsa Preta",45780312563,852,https://spicy.vteximg.com.br/arquivos/ids/156499_2,"Excelente garrafa térmica preta com sistema ""Quick Press"", que possibilita a utilização pressionando apenas um botão, contribuindo também uma vedação hermética perfeita. A linha Samba foi criada especialmente para proporcionar destaque e sofisticação à mesa. Peças desenvolvidas em plástico de alta qualidade, com design moderno e cores alegres que se adaptam facilmente em qualquer decoração. Desenvolvida pela Alemã Emsa, marca com excelência em alta qualidade e funcionalidade, oferecendo produtos práticos para o dia a dia. Ficha técnica: •Código: 4080050198 •Marca: Emsa •Modelo: Quick Press Samba •Conteúdo da Embalagem: 1 Garrafa Térmica •Especificações do produto: Ampola de Vidro 100% a prova de vazamentos Livre de BPA •Material: Plástico •Capacidade: 1 Litro •Cor: Preto •Peso: 740g •Dimensões: 22cm x 15cm x 18cm (AxLxP) •Garantia: 5 Anos",,299.00,"Spicy BR",30615,,,https://images2.productserve.com/?w=200&h=200&bg=white&trim=5&t=letterbox&url=ssl%3Aspicy.vteximg.com.br%2Farquivos%2Fids%2F156499_2&feedId=72009&k=d5474b5c762ae57ec20c552ca0254d229f20d04c,BRL,,,https://www.spicy.com.br/garrafa-termica-de-1-litro-quick-press-samba-emsa-preta/p?idsku=852,,,BRL299.00,72009,,,,4080050198,1523,4009049222110
https://www.awin1.com/pclick.php?p=45780312564&a=3093907&m=30615,"Garrafa Térmica Translúcida 1L Quick Press Samba Emsa Petróleo",45780312564,855,https://spicy.vteximg.com.br/arquivos/ids/237788_2,"As garrafas térmicas EMSA são uma das garrafas mais vendidas em toda a Europa. Elas são sinônimos de estilo e praticidade. Graças ao forro de vidro integrado, as bebidas ficam quentes por 12 horas ou frias por 24 horas. Quer seja café ou chá, o prazer duradouro é garantido. Excelente garrafa térmica preta com sistema ""Quick Press"", que possibilita a utilização pressionando apenas um botão, contribuindo também uma vedação hermética perfeita. A linha Samba foi criada especialmente para proporcionar destaque e sofisticação à mesa. • Especificações do produto: 100% a prova de vazamentos e abre facilmente com o pressionar do botão Tenha suas bebidas quentes por 12 horas ou frias por 24 horas Recomendamos que o aquecimento / resfriamento prévio seja feito durante 3 minutos Vai a lava louças Dicas: 1. Encha com água morna 2. Enxágue bem a garrafa e deixe-a aberta para secar 3. Uma limpeza rápida ao redor geralmente é o suficiente para a area externa da garrafa 4. Para que os líquidos se mantenham quentes por mais tempo, encha o produto com água morna antes de utilizar 5. No caso de bebidas frias, encha previamente o recipiente com água fria Ficha técnica: • Código: 4080050209 • Marca: Emsa • Modelo: Quick Press Samba • Conteúdo da Embalagem: 1 Garrafa Térmica • Material: Plástico e embolo em vidro • Capacidade: 1 Litro • Cor: Petróleo translúcido • Peso: 0,67kg • Dimensões: 21,7cm x 14,5cm x 17,8cm (AxLxP) • Garantia: 5 Anos",,299.00,"Spicy BR",30615,,,https://images2.productserve.com/?w=200&h=200&bg=white&trim=5&t=letterbox&url=ssl%3Aspicy.vteximg.com.br%2Farquivos%2Fids%2F237788_2&feedId=72009&k=d299c13a3e02bb8001254e0fabc13ea09ad6f463,BRL,,,https://www.spicy.com.br/garrafa-termica-translucida-1l-quick-press-samba-emsa-petroleo/p?idsku=855,,,BRL299.00,72009,,,,4080050209,1534,4009049239040
https://www.awin1.com/pclick.php?p=45780312565&a=3093907&m=30615,"Porta Rolo Triplo em Aço Inox Contura Emsa",45780312565,982,https://spicy.vteximg.com.br/arquivos/ids/160671_2,"Fabricado pela Alemã Emsa, porta rolos em aço inox prático, funcional e indispensável para sua cozinha. Conta com lâminas eficientes para o corte preciso. Este porta rolos une praticidade e resistência. Com sistema inovador de corte que facilita o processo. Possui 3 compartimentos para papel alumínio, plástico filme e papel toalha com técnica de corte exclusiva e segura, pois as rodas de corte são escondidas e garante o corte nos dois sentidos. Ficha técnica: • Código: 4080050358 • Marca: Emsa • Modelo: Contura • Conteúdo da Embalagem: 1 Porta rolo • Material: Aço inox • Peso: 1,300kg • Dimensões: 11cm x 18cm x 41cm (AxLxP) • Garantia: 3 Meses - Contra defeito de fabricação",,599.00,"Spicy BR",30615,,,https://images2.productserve.com/?w=200&h=200&bg=white&trim=5&t=letterbox&url=ssl%3Aspicy.vteximg.com.br%2Farquivos%2Fids%2F160671_2&feedId=72009&k=e6ce8f3e8d57df03a2e3ccb07665aab5e531537f,BRL,,,https://www.spicy.com.br/porta-rolo-triplo-em-aco-inox-contura-emsa/p?idsku=982,,,BRL599.00,72009,,,,4080050358,1683,4009049221588
https://www.awin1.com/pclick.php?p=33152871941&a=3093907&m=30615,"Porta Frios 3 Compartimentos 19cm x 26cm Clip & Close Emsa",33152871941,1006,https://spicy.vteximg.com.br/arquivos/ids/160673_2,"Porta frios com compartimentos antivazamento e à prova de odores, conserva de maneira eficiente os frios armazenados. Fabricado pela Alemã Emsa em plástico resistente. Porta-frios composto por 3 compartimentos para organizar de maneira simples e sofisticada. Todas as peças são à prova de odores e 100% antivazamento, pois não possui espaço que possa acumular sujeira. Parte da linha Clip & Close em plástico de alta qualidade livres de BPA (produto químico utilizado na fabricação de plásticos). Ficha técnica: • Código: 4080050392 • Marca: Emsa • Modelo: Clip & Close • Conteúdo da Embalagem: 1 Porta frios • Material: Plástico • Peso: 670g • Dimensões: 9cm x 19cm x 26cm (AxLxP) • Garantia: 3 Meses - Contra defeito de fabricação",,289.00,"Spicy BR",30615,,,https://images2.productserve.com/?w=200&h=200&bg=white&trim=5&t=letterbox&url=ssl%3Aspicy.vteximg.com.br%2Farquivos%2Fids%2F160673_2&feedId=72009&k=fcf818c3c642c4a9a6155590ac8a879d33c27e32,BRL,,,https://www.spicy.com.br/porta-frios-com-3-compartimentos-19cm-x-26cm-clip---close-emsa/p?idsku=1006,,,BRL289.00,72009,,,,4080050392,1717,4009049303260
https://www.awin1.com/pclick.php?p=33372223515&a=3093907&m=30615,"Conjunto de 5 Potes Clip & Close Emsa",33372223515,1007,https://spicy.vteximg.com.br/arquivos/ids/160674_2,"Conjunto de potes ideal para auxiliar na organização dos alimentos de maneira prática eficaz. Fabricado pela Alemã Emsa em plástico resistente. Composto por 5 potes em diversos tamanhos, sendo: 1 pote redondo, 1 quadrado e 3 retangulares. Todas as peças são à prova de odores e 100% antivazamento, não permitindo que haja espaço onde possa acumular sujeira. Parte da linha Clip & Close em plástico de alta qualidade livres de BPA (produto químico utilizado na fabricação de plásticos). Ficha técnica: • Código: 4080050393 • Marca: Emsa • Modelo: Clip & Close • Conteúdo da Embalagem: 1 Pote de 150ml 1 Pote de 250ml 1 Pote de 550ml 1 Pote de 1 litro 1 Pote de 3,7 litros • Material: Plástico • Peso: 950g • Dimensões: 11cm x 19cm x 26cm (AxLxP) • Garantia: 3 Meses - Contra defeito de fabricação",,449.00,"Spicy BR",30615,,,https://images2.productserve.com/?w=200&h=200&bg=white&trim=5&t=letterbox&url=ssl%3Aspicy.vteximg.com.br%2Farquivos%2Fids%2F160674_2&feedId=72009&k=e99895e6a7d4363ad90df186dfbfbc0c5097f2c4,BRL,,,https://www.spicy.com.br/conjunto-de-5-potes-clip---close-emsa/p?idsku=1007,,,BRL449.00,72009,,,,4080050393,1718,4009049303383
https://www.awin1.com/pclick.php?p=45780312566&a=3093907&m=30615,"Conjunto de 3 Potes Clip & Close Emsa",45780312566,1008,https://spicy.vteximg.com.br/arquivos/ids/160675_2,"Conjunto de potes ideal para auxiliar na organização dos alimentos de maneira prática eficaz. Fabricado pela Alemã Emsa em plástico resistente. Todas as peças são à prova de odores e 100% anti vazamento, não permitindo que haja espaço onde possa acumular sujeira. Parte da linha Clip & Close em plástico de alta qualidade livres de BPA (produto químico utilizado na fabricação de plásticos). Ficha técnica: • Código: 4080050394 • Marca: Emsa • Modelo: Clip & Close • Conteúdo da Embalagem: 1 Pote de 550ml 1 Pote de 1 litro 1 Pote de 2,3 litros • Material: Plástico • Peso: 690g • Dimensões: 9cm x 16cm x 22cm (AxLxP) • Garantia: 3 Meses - Contra defeito de fabricação",,279.00,"Spicy BR",30615,,,https://images2.productserve.com/?w=200&h=200&bg=white&trim=5&t=letterbox&url=ssl%3Aspicy.vteximg.com.br%2Farquivos%2Fids%2F160675_2&feedId=72009&k=27e161f1901bafc7e02d2058d17dccc238c573a7,BRL,,,https://www.spicy.com.br/conjunto-de-3-potes-clip---close-emsa/p?idsku=1008,,,BRL279.00,72009,,,,4080050394,1719,4009049303369
https://www.awin1.com/pclick.php?p=35576616644&a=3093907&m=30615,"Conjunto de Colheres 6 Peças para Café Nuova em Aço Inox WMF",35576616644,12847,https://spicy.vteximg.com.br/arquivos/ids/163105_2,"Sua mesa de café da manhã ficará muito mais elegante e charmosa com este incrível conjunto de colheres para café. Diversifique e inove na hora de servir com os acessórios perfeitos da Alemã WMF. A linha Nuova apresenta um novo conceito em talheres sofisticados para diversas ocasiões graças ao design atraente e atemporal. Cada utensílio é fabricado em aço inox Cromargan, material exclusivo da marca que confere alta resistência e brilho intenso e durável, mesmo após o uso prolongado. Ficha técnica: • Código: 4080011355 • Marca: WMF • Modelo: Nuova • Conteúdo da Embalagem: 6 Colheres • Material: Aço Inox • Peso: 150g • Dimensões: 10x2x2cm (AxLxP) • Garantia: 1 Ano",,249.00,"Spicy BR",30615,,,https://images2.productserve.com/?w=200&h=200&bg=white&trim=5&t=letterbox&url=ssl%3Aspicy.vteximg.com.br%2Farquivos%2Fids%2F163105_2&feedId=72009&k=bae2323511a23568eebdd5765112039b00bf8e9b,BRL,,,https://www.spicy.com.br/conjunto-de-colheres-6-pecas-para-cafe-nuova-em-aco-inox-wmf/p?idsku=12847,,,BRL249.00,72009,,,,4080011355,2000541,4000530669193
https://www.awin1.com/pclick.php?p=43691006721&a=3093907&m=30615,"Colher para Serviço em Aço Inox Nuova WMF",43691006721,12849,https://spicy.vteximg.com.br/arquivos/ids/163108_2,"Sua mesa ficará muito mais elegante e charmosa com esta incrível colher para serviço. Diversifique e inove na hora de servir com os acessórios perfeitos da Alemã WMF. Ideal para legumes, arroz e refogados. A linha Nuova apresenta um novo conceito em talheres sofisticados para diversas ocasiões graças ao design atraente e atemporal. Cada utensílio é fabricado em aço inox Cromargan, material exclusivo da marca que confere alta resistência e brilho intenso e durável, mesmo após o uso prolongado. Ficha técnica: • Código: 4080011358 • Marca: WMF • Modelo: Nuova • Conteúdo da Embalagem: 1 Colher • Material: Aço inox • Peso: 110g • Dimensões: 3cm x 6cm x 25cm (AxLxP) • Garantia: 2 Anos",,179.00,"Spicy BR",30615,,,https://images2.productserve.com/?w=200&h=200&bg=white&trim=5&t=letterbox&url=ssl%3Aspicy.vteximg.com.br%2Farquivos%2Fids%2F163108_2&feedId=72009&k=dd40519ae6ae8ad5e2ed9a6fea84d71f47df5655,BRL,,,https://www.spicy.com.br/colher-para-servico-em-aco-inox-nuova-wmf/p?idsku=12849,,,BRL179.00,72009,,,,4080011358,2000543,4000530675255
https://www.awin1.com/pclick.php?p=44563485372&a=3093907&m=30615,"Pinça para Massa em Aço Inox 26cm Nuova WMF",44563485372,12860,https://spicy.vteximg.com.br/arquivos/ids/163111_2,"Sua mesa ficará muito mais elegante e charmosa com esta incrível pinça para massa. Diversifique e inove na hora de servir com os acessórios perfeitos da Alemã WMF. A linha Nuova apresenta um novo conceito em talheres sofisticados para diversas ocasiões graças ao design atraente e atemporal. Cada utensílio é fabricado em aço inox Cromargan, material exclusivo da marca que confere alta resistência e brilho intenso e durável, mesmo após o uso prolongado. Ficha técnica: • Código: 4080011362 • Marca: WMF • Modelo: Nuova • Conteúdo da Embalagem: 1 Pinça • Material: Aço inox • Peso: 200g • Dimensões: 5cm x 6cm x 26cm (AxLxP) • Garantia: 2 Anos",,299.00,"Spicy BR",30615,,,https://images2.productserve.com/?w=200&h=200&bg=white&trim=5&t=letterbox&url=ssl%3Aspicy.vteximg.com.br%2Farquivos%2Fids%2F163111_2&feedId=72009&k=5eaa72398ff9582c4fdb7454cf6143820c34e03b,BRL,,,https://www.spicy.com.br/pinca-para-massa-em-aco-inox-26cm-nuova-wmf/p?idsku=12860,,,BRL299.00,72009,,,,4080011362,2000554,4000530676177
https://www.awin1.com/pclick.php?p=35979066180&a=3093907&m=30615,"Conjunto de 2 Talheres para Salada em Aço Inox Nuova WMF",35979066180,12871,https://spicy.vteximg.com.br/arquivos/ids/164712_2,"Desenvolvido pela Alemã WMF com sofisticado acabamento polido, o conjunto conta com talheres especialmente projetados para o serviço, garantindo o escoamento do excesso de molho ao servir saladas e massas. A linha Nuova apresenta um novo conceito em talheres sofisticados para diversas ocasiões graças ao design atraente e atemporal. Cada utensílio é fabricado em aço inox Cromargan, material exclusivo da marca que confere alta resistência e brilho intenso e durável, mesmo após o uso prolongado. Ficha técnica: • Código: 4080011357 • Marca: WMF • Modelo: Nuova • Conteúdo da Embalagem: 2 Talheres para salada • Material: Aço inox • Peso: 280g • Dimensões: 31cm x 7cm x 4cm (AxLxP) • Garantia: 2 Anos",,379.00,"Spicy BR",30615,,,https://images2.productserve.com/?w=200&h=200&bg=white&trim=5&t=letterbox&url=ssl%3Aspicy.vteximg.com.br%2Farquivos%2Fids%2F164712_2&feedId=72009&k=a0ed0c437a22b8e2410e21f88fa71c4054d38735,BRL,,,https://www.spicy.com.br/conjunto-de-2-talheres-para-salada-em-aco-inox-nuova-wmf/p?idsku=12871,,,BRL379.00,72009,,,,4080011357,2000564,4000530669223
https://www.awin1.com/pclick.php?p=39408447686&a=3093907&m=30615,"Escorredor de Louças 48,3cm OXO Branco",39408447686,12886,https://spicy.vteximg.com.br/arquivos/ids/206302_2,"Esteja você secando pratos, copos, tigelas ou utensílios de cozinha, nosso Escorredor de Louça Dobrável pode fazer isso! O suporte para pratos pode ser dobrado para acomodar itens maiores, enquanto os pinos laterais seguram os copos para evitar que pinguem no balcão. Além disso, o escorredor possui um bico para facilitar a drenagem. Ficha técnica: • Código: 4080570496 • Marca: OXO • Conteúdo da Embalagem: 1 Escorredor • Especificações do produto: Prateleira dobrável com segurança para tigelas, pratos, porcelana fina e outras louças delicadas O suporte para pratos acomoda tigelas grandes, utensílios de cozinha e muito mais quando está abaixado Os suportes de utensílios dividido tem grande capacidade e é removível para facilitar a locomoção Os dentes laterais seguram copos, canecas e taças de vinho sem pingar na bancada As pernas dobráveis elevam o escorredor A água é drenada diretamente para a pia através do bico dobrável As paredes laterais, pernas e bico dobram para armazenamento mais compacto • Material: Aço inox e plástico • Cor: Branco • Peso: 2,3kg • Dimensões aberto: 5cm x 39,4cm x 48,3cm (AxLxP) • Dimensões fechado: 9,5cm x 31,75cm x 48,3cm (AxLxP) • Garantia: 3 Meses - Contra defeito de fabricação",,529.00,"Spicy BR",30615,,,https://images2.productserve.com/?w=200&h=200&bg=white&trim=5&t=letterbox&url=ssl%3Aspicy.vteximg.com.br%2Farquivos%2Fids%2F206302_2&feedId=72009&k=ff1a449431af3c7137e61ea7063cef86ce291367,BRL,,,https://www.spicy.com.br/escorredor-de-loucas-50cm-oxo-branco/p?idsku=12886,,,BRL529.00,72009,,,,4080570496,2000579,719812037349
https://www.awin1.com/pclick.php?p=33152871737&a=3093907&m=30615,"Pote para Cereal com Tampa Hermética 2,3 Litros Pop OXO",33152871737,12887,https://spicy.vteximg.com.br/arquivos/ids/163284_2,"Este pote de 2,4 litros é ideal para armazenar cereal, granola e snacks, mantendo-os frescos por muito mais tempo graças aos anéis de silicone que garantem a vedação e são facilmente removidos para a higienização perfeita da peça. Os potes da linha Pop também são perfeitos para armazenar outros tipos de alimentos secos como grãos em geral e farináceos. Seu design prático e funcional possibilita a utilização com apenas uma das mãos. Fabricado pela Americana OXO Good Grips, reconhecida mundialmente por buscar conceito de design inovador e alta qualidade em todos os produtos. Ficha técnica: • Código: 4080570501 • Marca: OXO • Modelo: Pop • Conteúdo da Embalagem: 1 Pote • Material: Plástico • Capacidade: 2,3 Litros • Peso: 478g • Dimensões: 26cm x 10cm x 21cm (AxLxP) • Garantia: 3 Meses - Contra defeito de fabricação",,269.00,"Spicy BR",30615,,,https://images2.productserve.com/?w=200&h=200&bg=white&trim=5&t=letterbox&url=ssl%3Aspicy.vteximg.com.br%2Farquivos%2Fids%2F163284_2&feedId=72009&k=a065bbc5f1e180ca3323a4c53f874261a1570ddd,BRL,,,https://www.spicy.com.br/pote-para-cereal-em-acrilico-com-tampa-hermetica-24-litros-pop-oxo/p?idsku=12887,,,BRL269.00,72009,,,,4080570501,2000580,719812041407
https://www.awin1.com/pclick.php?p=33152871719&a=3093907&m=30615,"Galheteiro Misturador para Molho com Medida em Acrílico 250ml OXO",33152871719,12894,https://spicy.vteximg.com.br/arquivos/ids/163298_2,"Este Misturador de Molho OXO é perfeito para preparar e servir molhos de maneira prática e eficaz. As medidas contidas nas laterais auxiliam com precisão a quantidade exata de cada ingrediente adicionado, e sua tampa conta com uma trava de abertura e fechamento com apenas um toque. Produzido em acrílico de alta qualidade pela Americana OXO, reconhecida mundialmente por buscar conceito de design inovador e alta qualidade, desenvolvendo sempre produtos fáceis de manipular. Cozinhe com mais praticidade, utilizando o Misturador de Molho OXO. Ficha técnica: • Código: 4080570508 • Marca: OXO • Conteúdo da Embalagem: 1 Misturador • Material: Acrílico • Capacidade: 250ml • Peso: 156g • Dimensões: 22cm x 6cm x 6cm (AxLxP) • Garantia: 3 Meses - Contra defeito de fabricação",,179.00,"Spicy BR",30615,,,https://images2.productserve.com/?w=200&h=200&bg=white&trim=5&t=letterbox&url=ssl%3Aspicy.vteximg.com.br%2Farquivos%2Fids%2F163298_2&feedId=72009&k=bab0d809f5a896e57ecd8dbda0dfad0ab4242a22,BRL,,,https://www.spicy.com.br/galheteiro-misturador-para-molho-com-medida-em-acrilico-250ml-oxo/p?idsku=12894,,,BRL179.00,72009,,,,4080570508,2000587,719812036892
https://www.awin1.com/pclick.php?p=33152871723&a=3093907&m=30615,"Mandoline com Lâminas em Aço Inox OXO Branco",33152871723,12899,https://spicy.vteximg.com.br/arquivos/ids/163316_2,"Considerado o mais completo auxiliar para cozinha, este Mandoline OXO conta com lâmina em aço inox de alta qualidade que proporciona cortes de espessura de 1mm até 6mm, alça macia e pés antiderrapantes que proporcionam conforto e segurança durante o uso. Sua base texturizada foi especialmente projetada para evitar que os alimentos grudem e o suporte com mola empurra o alimento para que haja o mesmo corte com pouco ou nenhum desperdício. Desenvolvido pela Americana OXO, mundialmente reconhecida por buscar o conceito de design inovador e alta qualidade. Ficha técnica: • Código: 4080570515 • Marca: OXO • Conteúdo da Embalagem: 1 Mandoline • Material: Aço inox • Cor: Branco • Peso: 847g • Dimensões: 11,5cm x 11,5cm x 35,5cm (AxLxP) • Garantia: 3 Meses - Contra defeito de fabricação",,499.00,"Spicy BR",30615,,,https://images2.productserve.com/?w=200&h=200&bg=white&trim=5&t=letterbox&url=ssl%3Aspicy.vteximg.com.br%2Farquivos%2Fids%2F163316_2&feedId=72009&k=6fdece446307431d74230fe4c10ef571b2eecc4b,BRL,,,https://www.spicy.com.br/mandoline-com-laminas-em-aco-inox-oxo-branco/p?idsku=12899,,,BRL499.00,72009,,,,4080570515,2000592,719812037318
https://www.awin1.com/pclick.php?p=35979066242&a=3093907&m=30615,"Passador de Vegetais em Aço Inox 2 Litros OXO Branco",35979066242,12937,https://spicy.vteximg.com.br/arquivos/ids/163558_2,"Este passador de vegetais é ideal para o preparo de molhos, purês e sopas. Fabricado pela Americana OXO em aço inox de alta qualidade, conta com 3 discos para finas, médias e grossas espessuras, e seus pés antiderrapantes acomodam perfeitamente o bowl em outros recipientes. Após o uso, esses pés podem ser facilmente dobrados para proporcionar um armazenamento compacto. Ainda possui alavanca de mola que facilita a troca de disco e desmontagem, e alças macias e antiderrapantes para o manuseio seguro e confortável. Ficha técnica: • Código: 4080570512 • Marca: OXO • Conteúdo da Embalagem: 1 Passador de vegetais • Material: Aço inox • Capacidade: 2 Litros • Cor: Branco • Peso: 898g • Dimensões: 21cm x 19cm x 34cm (AxLxP) • Garantia: 3 Meses - Contra defeito de fabricação",,699.00,"Spicy BR",30615,,,https://images2.productserve.com/?w=200&h=200&bg=white&trim=5&t=letterbox&url=ssl%3Aspicy.vteximg.com.br%2Farquivos%2Fids%2F163558_2&feedId=72009&k=9295a2b5dd3ee24f9578b43484b018417f9fbfa2,BRL,,,https://www.spicy.com.br/passador-de-vegetais-em-aco-inox-2-litros-oxo-branco/p?idsku=12937,,,BRL699.00,72009,,,,4080570512,2000630,719812018218
https://www.awin1.com/pclick.php?p=34286534331&a=3093907&m=30615,"Saca Rolhas Elétrico Bivolt Wo-51dbr Cuisinart",34286534331,12986,https://spicy.vteximg.com.br/arquivos/ids/164127_2,"Desenvolvido pela americana Cuisinart, este saca-rolhas elétrico e sem fio facilita sua vida na hora de servir o vinho de sua preferência. O Saca-rolhas Elétrico Cuisinart é fabricado em aço e tem design moderno. Possui corta cápsulas e autonomia de até 80 garrafas antes do próximo carregamento de bateria, potência de 3W, led indicativo que avisa a hora de recarregar e cabo emborrachado que facilita o manuseio. Abra suas garrafas sem nenhum esforço com o Saca-rolhas Elétrico Cuisinart WO51. Ficha técnica: • Código: 4081270690 • Marca: Cuisinart • Modelo: Wo-51dbr • Conteúdo da Embalagem: 1 Saca Rolhas elétrico • Material: Aço • Voltagem: Bivolt • Potência: 3W • Peso: 1,600kg • Dimensões: 15cm x 15cm x 12cm (AxLxP) • Garantia: 1 Ano • Certificação Inmetro - Produto possui certificação de segurança compulsória, certificado pelo IFBQ, organismo acreditado pela CGCRE do Inmetro",,389.00,"Spicy BR",30615,,,https://images2.productserve.com/?w=200&h=200&bg=white&trim=5&t=letterbox&url=ssl%3Aspicy.vteximg.com.br%2Farquivos%2Fids%2F164127_2&feedId=72009&k=1ce2e727db85d2eaa4e1a4c642108232f6f37e65,BRL,,,https://www.spicy.com.br/saca-rolhas-eletrico-bivolt-wo-51dbr-cuisinart/p?idsku=12986,,,BRL389.00,72009,,,,4081270690,2000678,86279150097
https://www.awin1.com/pclick.php?p=45462201660&a=3093907&m=30615,"Forno e Grill Elétrico 60cm 220V Cuisinart Casual",45462201660,13071,https://spicy.vteximg.com.br/arquivos/ids/206038_2,"Sinônimo de versatilidade e bom gosto, a linha Casual Cooking é composta por produtos que vão de coifas à cooktops e fornos, todos com layouts diferenciados que traduzem uma perfeita sintonia entre design e praticidade, podendo ser empregados tanto em cozinhas mais sóbrias quanto nas mais descoladas, sem perder a qualidade que uma linha semi-profissional pode ter. Em caso de dúvida, agendamento de instalação ou pré-visita utilize nosso canal de atendimento: São Paulo: (011) 3003-9030 das 9h às 17h / https://www.spicy.com.br/institucional/normas-e-procedimentos Especificações do produto: • Design moderno • Painel analógico e digital • Timer digital programado 24 horas, com temporizador automático • Termostato otimizador para economia de energia • 5 níveis de prateleiras • Manípulos de metal • Saída da alimentação no centro • 8 funções: forno elétrico | grill elétrico | convecção | forno + convecção | grill + convecção | forno + grill | grill elétrico + espeto rostisserie | grill elétrico + espeto rostisserie + convecção • Sistema de convecção: proporciona melhor circulação do calor permitingo cozimento uniforme do alimento e ventilação de refrigeração • Assa salgados e doces ao mesmo tempo • Sistema de ventilação tangencial: para refrigeração do aparelho • Porta ampla de vidro triplo, com tratamento anti impressão digital: melhor visualização do cozimento além de facilitar a higienização do forno Ficha técnica: • Código: 4092740102 • Marca: Cuisinart • Modelo: F104e3ix-C70-96 • Conteúdo da Embalagem: 1 Forno elétrico • Acessórios: 1 Bandeja coletora de gordura ou assadeira 1 Grelha ajustável 1 Espeto rostisserie (suporta 1,8 kg) • Material: Aço inox 304 • Voltagem: 220V • Frequência 60 Hz • Temperatura: 50°C a 260°C • Potência nominal: 2500 W • Consumo de energia: 0,084 kW/h • Capacidade: 83 Litros • Capacidade líquida: 74 Litros • Peso: 37,3kg • Dimensões do produto: 59,4cm x 59,4cm x 54,8cm (AxLxP) • Peso com embalagem: 41kg • Dimensões: 65,8cm x 65,7cm x 66cm (AxLxP) • Garantia: 1 Ano • Certificação BRA19/00436 - Produto possui certificação de segurança compulsória, certificado pelo SGS, organismo acreditado pela CGCRE do Inmetro",,9390.00,"Spicy BR",30615,,,https://images2.productserve.com/?w=200&h=200&bg=white&trim=5&t=letterbox&url=ssl%3Aspicy.vteximg.com.br%2Farquivos%2Fids%2F206038_2&feedId=72009&k=9180e63581cec2b4a6186dafb18a7a42eb4cebdd,BRL,,,https://www.spicy.com.br/forno-e-grill-eletrico-60cm-220v-cuisinart-casual/p?idsku=13071,,,BRL9390.00,72009,,,,4092740102,2000764,6930864631635
https://www.awin1.com/pclick.php?p=41612749837&a=3093907&m=30615,"Forno e Grill Elétrico Dual Zone 60cm 220V Cuisinart Prime",41612749837,13074,https://spicy.vteximg.com.br/arquivos/ids/205935_2,"Visando oferecer um novo conceito em design, praticidade e funcionalidade, a americana Cuisinart lança sua incrível linha de eletrodomésticos Prime Cooking. Composta por diversos produtos para preparar receitas com eficiência e proporcionar muito mais modernidade e personalidade para o ambiente. O Forno Elétrico da Cuisinart possui quatro funções em um único produto. Com ele é possível utilizar o compartimento superior, inferior, total ou simultâneo com temperaturas e timer diferentes graças à bandeja isolante de calor. Além da versatilidade de uso, conta também com capacidade líquida interna 25% maior que os fornos convencionais e funções de desligamento automático após alcançar programação definida de timer e temperatura. Projetado especialmente para ser embutido. Em caso de dúvida, agendamento de instalação ou pré-visita utilize nosso canal de atendimento: São Paulo: (011) 3003-9030 das 9h às 17h / https://www.spicy.com.br/institucional/normas-e-procedimentos Especificações do produto: • Forno dual zone, oferece 2 espaços internos para diferentes preparos simultâneos (doce e salgado) com timer e temperaturas diferentes • Com a mesma dimensão de um forno de 60 cm, o forno open space oferece uma capacidade líquida 25% maior que os fornos tradicionais 74l • O termômetro de forno permite que você acompanhe a temperatura do seu assado • Quando a temperatura interna do seu assado atingir a temperatura definida o termômetro e o forno elétrico serão automaticamente desligados • Funções: 18 • Painel: digital • Gril elétrico: Sim • Timer: Digital • Ventilação: Dupla • Porta de Vidro: Triplo • Porta de Vidro Removível: Sim • Suporte Grelha: 5 • Grelha: Sim • Bandeja esmaltada coletora de gordura: Sim • Termômetro: Sim • Bandeja isolante de calor/cheiro/sabor: Sim • Trava de Segurança: Sim • Luz interna: Dupla • Tratamento anti-digital: sim • Potencia Nominal (W): 4190 - 4970 • É indispensável a instalação com fio terra • Projetados para serem embutidos • As paredes e superfícies próximas devem ser de material resistente a temperatura de 90ºC (tais como madeira, fórmica, inox, granito, mármore) Ficha técnica: • Código: 4092740105 • Marca: Cuisinart • Modelo: Dual Zone • Conteúdo da Embalagem: 1 Forno Elétrico • Voltagem: 220V • Frequência: 60Hz • Capacidade: 74 Litros • Peso: 46kg • Dimensões: 66cm x 65,5cm x 64,7cm (AxLxP) • Garantia: 1 Ano • Certificação BRA19/00436 - Produto possui certificação de segurança compulsória, certificado pelo SGS, organismo acreditado pela CGCRE do Inmetro",,10990.00,"Spicy BR",30615,,,https://images2.productserve.com/?w=200&h=200&bg=white&trim=5&t=letterbox&url=ssl%3Aspicy.vteximg.com.br%2Farquivos%2Fids%2F205935_2&feedId=72009&k=9a21302c5c3fe6ffe397454486a9b96dde376500,BRL,,,https://www.spicy.com.br/forno-e-grill-eletrico-dual-zone-60cm-220v-cuisinart-prime/p?idsku=13074,,,BRL10990.00,72009,,,,4092740105,2000767,6930864630232
https://www.awin1.com/pclick.php?p=45462201661&a=3093907&m=30615,"Forno a Gás e Grill Elétrico 60cm 220V Cuisinart Casual",45462201661,13076,https://spicy.vteximg.com.br/arquivos/ids/206041_2,"Sinônimo de versatilidade e bom gosto, a linha Casual Cooking é composta por produtos que vão de coifas à cooktops e fornos, todos com layouts diferenciados que traduzem uma perfeita sintonia entre design e praticidade, podendo ser empregados tanto em cozinhas mais sóbrias quanto nas mais descoladas, sem perder a qualidade que somente uma linha semi-profissional pode trazer. Open Space: espaço interno com capacidade 25% maior que os fornos radicionais com dimensões de 60cm. Sistema de convecção: proporciona melhor circulação do calor permitindo seu cozimento uniforme do alimento e ventilação de refrigeração. Assa salgados e doces ao mesmo tempo. Timer digital programado 24 horas. Sistema de ventilação tangencial: para refrigeração do aparelho. Porta ampla de vidro triplo, com tratamento anti impressão digital: melhor visualização do cozimento além de facilitar a higienização do forno. Especificações do produto: • Design moderno • Painel analógico e digital • Timer digital programado 24 horas, com temporizador automátco • Termostato otimizador para economia de energia • 5 níveis de prateleiras • Manípulos de metal • 1 Bandejas coletora de gordura • 1 Grelha ajustável • 1 Espeto giratório • Baixo consumo de energia (A+), com máxima eficiência e atenção ao ambiente • Atenção: indispensável a instalação com fio terra • Projetados para serem embutidos • As paredes e superfícies próximas devem ser de material resistente a temperatura de 90ºC (tais como madeira, fórmica, inox, granito, mármore). • Limpeza: O revestimento de esmalte pode ser limpo utilizando água quente e detergente líquido com uma escova macia de náilon Você pode remover a porta do forno para facilitar a limpeza Ficha técnica: • Código: 4092740107 • Marca: Cuisinart • Modelo: Casual • Conteúdo da Embalagem: 1 Forno a Gás • Especificações do produto: Bitola do fio 2,5 mm² Tipo de gás GLP/GN Eficiência energética A+ • Material: Aço inox • Voltagem: 220V • Potência: 2500W • Consumo: 0,084 kW/h • Frequência: 60Hz • Temperatura: Até 260°C • Capacidade: 83 litros • Capacidade líquida 74 litros • Peso do produto: 37,3kg • Dimensões do produto: 59,4cm x 59,4cm x 54,8cm (AxLxP) • Dimensões internas: 39cm x 45,5cm x 41cm (AxLxP) • Peso com embalagem: 41kg • Dimensões com embalagem: 65,8cm x 64,7cm x 66cm (AxLxP) • Garantia: 1 Ano • Certificação BRA19/00518 - Produto possui certificação de segurança compulsória, certificado pelo SGS, organismo acreditado pela CGCRE do Inmetro",,9590.00,"Spicy BR",30615,,,https://images2.productserve.com/?w=200&h=200&bg=white&trim=5&t=letterbox&url=ssl%3Aspicy.vteximg.com.br%2Farquivos%2Fids%2F206041_2&feedId=72009&k=b89a81832c1996fbe5ef259e2f634c8887af70df,BRL,,,https://www.spicy.com.br/forno-a-gas-e-grill-eletrico-60cm-220v-cuisinart-casual/p?idsku=13076,,,BRL9590.00,72009,,,,4092740107,2000769,7899100669964
https://www.awin1.com/pclick.php?p=46004836972&a=3093907&m=30615,"Forno a Gás e Grill Elétrico 90cm 220v Cuisinart Prime",46004836972,13078,https://spicy.vteximg.com.br/arquivos/ids/205942_2,"O Forno a Gás e Grill Elétrico Cuisinart Prime, possui timer digital programado 24 horas. Sistema de ventilação tangencial: para refrigeração do aparelho. Porta ampla de vidro triplo, com tratamento anti impressão digital: melhor visualização do cozimento além de facilitar a higienização do forno. Sistema de convecção duplo: integrado, que proporciona melhor circulação do calor permitindo cozimento uniforme do alimento e ventilação de refrigeração. Especificações do produto: • Design moderno • Painel analógico: temperatura, timer e programação 24 horas • Termostato otimizador para economia de energia • Trava de segurança • Paredes internas esmaltadas • 1 Bandeja coletora de gordura • 1 Grelha ajustável • 1 Espeto giratório • Baixo consumo de energia (A+), com máxima eficiência e atenção ao ambiente • Bitola do fio: 2,5mm² • Atenção: É indispensável a instalação com fio terra • Projetados para serem embutidos • As paredes e superfícies próximas devem ser de material resistente a temperatura de 90ºC (tais como madeira, fórmica, inox, granito, mármore) • Limpeza: O revestimento de esmalte pode ser limpo utilizando água quente e detergente líquido com uma escova macia de náilon Você pode remover a porta do forno para facilitar a limpeza Ficha técnica: • Código: 4092740109 • Marca: Cuisinart • Modelo: Casual • Conteúdo da Embalagem: 1 Forno a Gás • Material: Aço inox • Voltagem: 220V • Potência: 3166W • Consumo: 0,134 kW/h • Frequência: 60Hz • Temperatura: Até 260°C • Capacidade: 125 Litros • Peso: 51kg • Dimensões: 47,8cm x 90cm x 52cm (AxLxP) • Garantia: 1 Ano • Certificação BRA19/00453 - Produto possui certificação de segurança compulsória, certificado pelo SGS, organismo acreditado pela CGCRE do Inmetro",,14990.00,"Spicy BR",30615,,,https://images2.productserve.com/?w=200&h=200&bg=white&trim=5&t=letterbox&url=ssl%3Aspicy.vteximg.com.br%2Farquivos%2Fids%2F205942_2&feedId=72009&k=a2d72adcad810ac6f0a78e015e14ea62e9250b79,BRL,,,https://www.spicy.com.br/forno-a-gas-e-grill-eletrico-90cm-220v-cuisinart-prime/p?idsku=13078,,,BRL14990.00,72009,,,,4092740109,2000771,7899100669940
https://www.awin1.com/pclick.php?p=40252398540&a=3093907&m=30615,"Microondas, Forno e Grill 60cm 220V Cuisinart Prime",40252398540,13079,https://spicy.vteximg.com.br/arquivos/ids/205944_2,"Visando oferecer um novo conceito em design, praticidade e funcionalidade, a americana Cuisinart lança sua incrível linha de eletrodomésticos Prime Cooking. Composta por diversos produtos para preparar receitas com eficiência e proporcionar muito mais modernidade e personalidade para o ambiente. O forno micro-ondas conta com porta de vidro tripla e removível, além de 8 tipos de funções que irão auxiliar a forma de preparo dos seus alimentos. O sistema Touch Control facilita o manuseio, ajustando a temperatura do cozimento de forma precisa, além de possuir seletor de trava para crianças que garante muito mais segurança durante o funcionamento do forno. Projetado especialmente para ser embutido. Em caso de dúvida, agendamento de instalação ou pré-visita utilize nosso canal de atendimento: São Paulo: (011) 3003-9030 das 9h às 17h / https://www.spicy.com.br/institucional/normas-e-procedimentos Especificações do produto: • Micro-ondas 3 em 1 • Combinado: microondas • Convecção e grill • 8 funções: microondas • Convecção, grill, Microondas + grill, Microondas + convecção, Grill + convecção, Microondas + grill +Convecção, descongelar • Perfeito alinhamento estético • Modelo: elétrico • Funções: 3 • Programas de Culinária: 8 • Painel: digital • Grill elétrico: sim •Timer: digital • Porta de Vidro: triplo • Porta de Vidro Removível: sim • Grelha: sim • Assadeira redonda (30cm): sim • Prato de vidro (30cm): sim • Trava de Segurança: sim • Luz interna (25W): halogena • Tratamento anti-digital: sim • Bitola do fio (mm²): 2,5 Ficha técnica: • Código: 4092740110 • Marca: Cuisinart • Modelo: Prime Cooking • Conteúdo da Embalagem: 1 Forno elétrico • Voltagem: 220V • Potência: 3750W • Frequência: 60Hz • Capacidade: 35 Litros • Peso: 34,300kg • Dimensões: 45,5cm x 59,4cm x 53cm (AxLxP) • Garantia: 1 Ano • Certificação BRA19/01743 - Produto possui certificação de segurança compulsória, certificado pelo SGS, organismo acreditado pela CGCRE do Inmetro",,12990.00,"Spicy BR",30615,,,https://images2.productserve.com/?w=200&h=200&bg=white&trim=5&t=letterbox&url=ssl%3Aspicy.vteximg.com.br%2Farquivos%2Fids%2F205944_2&feedId=72009&k=c20b6878f1762a76dbf64583ae5fd7ad55af1021,BRL,,,https://www.spicy.com.br/microondas-forno-e-grill-60cm-220v-cuisinart-prime/p?idsku=13079,,,BRL12990.00,72009,,,,4092740110,2000772,8007842809077
https://www.awin1.com/pclick.php?p=40422510733&a=3093907&m=30615,"Microondas, Forno e Grill Analógico 54cm 220V Cuisinart Casual",40422510733,13103,https://spicy.vteximg.com.br/arquivos/ids/206047_2,"O Microondas, Forno e Grill Analógico Cuisinart Casual possui capacidade diferenciada de 31 litros, 6 programas de culinária para tipos de preparo específicos e função timer que possibilita programar o início e término dos seus pratos automaticamente. Projetado especialmente para embutir. Em caso de dúvida, agendamento de instalação ou pré-visita utilize nosso canal de atendimento: São Paulo: (011) 3003-9030 das 9h às 17h / https://www.spicy.com.br/institucional/normas-e-procedimentos Especificações do Produto: • 6 Programas de culinária • Convecção, programa combinado, grill, auto-menu, descongelar, micro-ondas • Funções: 3 • Programas de culinária: 6 • Painel: digital • Gril elétrico: sim • Timer: sim • Porta de Vidro: sim • Porta de Vidro Removível: não • Grelha: sim • Prato de vidro (30cm): sim • Trava de Segurança: sim • Luz interna: sim • Tratamento anti-digital: sim • Bitola do fio (mm²): 2,5 Ficha Técnica: • Código: 4092840017 • Marca: Cuisinart • Modelo: Casual Cooking • Conteúdo da Embalagem: 1 Forno Elétrico • Material: Aço inox 304 • Voltagem: 220V • Potência nominal: 1450W • Potência do grill: 1200 W • Potência da convecção: 1350 W • Consumo de energia 0,134 kW/h • Frequência: 60Hz • Capacidade: 31 Litros • Peso com embalagem: 21kg • Dimensões com embalagem: 46,5cm x 66cm x 57,5cm (AxLxP) • Peso do produto: 19,5kg • Dimensões internas: 21,5cm x 34cm x 36cm (AxLxP) • Dimensões do produto: 39cm x 60cm x 57,5cm (AxLxP) • Garantia: 1 Ano • Certificação BRA19/01745 - Produto possui certificação de segurança compulsória, certificado pelo SGS, organismo acreditado pela CGCRE do Inmetro",,6990.00,"Spicy BR",30615,,,https://images2.productserve.com/?w=200&h=200&bg=white&trim=5&t=letterbox&url=ssl%3Aspicy.vteximg.com.br%2Farquivos%2Fids%2F206047_2&feedId=72009&k=faf47dfeaa61f3b3da1793c39ca4bff149bbbac3,BRL,,,https://www.spicy.com.br/microondas-forno-e-grill-analogico-54cm-220v-cuisinart-casual/p?idsku=13103,,,BRL6990.00,72009,,,,4092840017,2000796,7899100665676
https://www.awin1.com/pclick.php?p=35979066269&a=3093907&m=30615,"Meleira em Acrílico 14,5cm Kenya",35979066269,13280,https://spicy.vteximg.com.br/arquivos/ids/225637_2,"Esta meleira em acrílico possui formato de colmeia que torna a mesa muito mais delicada e criativa. Seu pegador é extremamente funcional, pois retém o mel de maneira rápida e eficiente. Perfeita para utilizar em sorvetes, panquecas, waffles e torrada. Desenvolvida pela Brasileira Kenya, marca com sinônimo de bom gosto e diversidade, oferecendo sempre produtos alinhados às ultimas tendências de mercado. Ficha técnica: • Código: 4081110149 • Marca: Kenya • Conteúdo da Embalagem: 1 Meleira • Material: Acrílico • Cor: Transparente • Peso: 325g • Dimensões: 14,5cm x 8,5cm x 8,5cm (AxLxP) • Garantia: 3 Meses - Contra defeito de fabricação",,109.00,"Spicy BR",30615,,,https://images2.productserve.com/?w=200&h=200&bg=white&trim=5&t=letterbox&url=ssl%3Aspicy.vteximg.com.br%2Farquivos%2Fids%2F225637_2&feedId=72009&k=9d5f1f5b5f618f1d2656413e96f763c2cef2998d,BRL,,,https://www.spicy.com.br/meleira-em-acrilico-145cm-kenya/p?idsku=13280,,,BRL109.00,72009,,,,4081110149,2000974,7899100665232
https://www.awin1.com/pclick.php?p=34434876221&a=3093907&m=30615,"Taça para Champanhe em Policarbonato Classic 150ml Kenya",34434876221,13281,https://spicy.vteximg.com.br/arquivos/ids/164052_2,"Desenvolvida pela brasileira Kenya em policarbonato de alta qualidade, esta taça para champanhe da linha Classic é perfeita para quem busca resistência e durabilidade. Além do design slim, taças em policarbonato são tão bonitas quanto as feitas em vidro. Indicadas para uso em barcos, piscinas, eventos ao ar livre e até mesmo locais com grande concentração de crianças, garantindo muito mais segurança. Ficha Técnica: • Código: 4081110150 • Marca: Kenya • Modelo: Classic • Conteúdo da Embalagem: 1 Taça • Material: Policarbonato • Capacidade: 150ml • Peso: 100g • Dimensões: 22,5cm x 4,5cm x 4,5cm (AxLxP) • Garantia: 3 Meses (Contra defeito de fabricação)",,49.90,"Spicy BR",30615,,,https://images2.productserve.com/?w=200&h=200&bg=white&trim=5&t=letterbox&url=ssl%3Aspicy.vteximg.com.br%2Farquivos%2Fids%2F164052_2&feedId=72009&k=664b7e6c548beb48456472d3cae9712c0f257cdd,BRL,,,https://www.spicy.com.br/taca-para-champanhe-em-policarbonato-classic-150ml-kenya/p?idsku=13281,,,BRL49.90,72009,,,,4081110150,2000975,7899100665249
https://www.awin1.com/pclick.php?p=45935100304&a=3093907&m=30615,"Taça para Vinho em Policarbonato Classic 350ml Kenya",45935100304,13282,https://spicy.vteximg.com.br/arquivos/ids/164051_2,"Desenvolvida pela brasileira Kenya em policarbonato de alta qualidade, esta taça para vinho da linha Classic é perfeita para quem busca resistência e durabilidade. Além do design slim, taças em policarbonato são tão bonitas quanto as feitas em vidro. Indicadas para uso em barcos, piscinas, eventos ao ar livre e até mesmo locais com grande concentração de criança, garantindo muito mais segurança. Ficha técnica: • Código: 4081110151 • Marca: Kenya • Modelo: Classic • Conteúdo da Embalagem: 1 Taça • Material: Policarbonato • Capacidade: 350ml • Peso: 100g • Dimensões: 20cm x 6,5cm x 6,5cm (AxLxP) • Garantia: 3 Meses - Contra defeito de fabricação",,64.90,"Spicy BR",30615,,,https://images2.productserve.com/?w=200&h=200&bg=white&trim=5&t=letterbox&url=ssl%3Aspicy.vteximg.com.br%2Farquivos%2Fids%2F164051_2&feedId=72009&k=b98bb7e1798aa158abd08cee893378a3d56dbd31,BRL,,,https://www.spicy.com.br/taca-para-vinho-em-policarbonato-classic-350ml-kenya/p?idsku=13282,,,BRL64.90,72009,,,,4081110151,2000976,7899100665256
https://www.awin1.com/pclick.php?p=33152871763&a=3093907&m=30615,"Conjunto de 3 Facas em Cerâmica e Bloco em Acrílico Kenya Preto",33152871763,13354,https://spicy.vteximg.com.br/arquivos/ids/164362_2,"O conjunto possui 1 elegante bloco produzido em acrílico e 3 facas com lâminas em cerâmica que facilitam a repetitiva tarefa do corte, além de não contaminar os alimentos com a liberação de resíduos metálicos prejudiciais à saúde. As facas de cerâmica se destacam por conservar o fio de corte por, no mínimo, 10x mais que as tradicionais. Não oxida ou escurece e conserva a aparência e sabor dos alimentos. O bloco por sua vez, oferece praticidade e organização em sua cozinha. Desenvolvido pela brasileira Kenya marca com sinônimo de bom gosto e diversidade, alinhados às últimas tendências do mercado. Ficha técnica: • Código: 4081660070 • Marca: Kenya • Conteúdo da Embalagem: 1 Faca para legumes de 10cm 1 Faca utilitária de 13cm 1 Faca Chef de 15cm 1 Bloco em acrílico • Material: Cerâmica e acrílico • Cor: Preto • Peso: 410g • Dimensões: 13cm x 9cm x 30cm (AxLxP) • Garantia: 3 Meses - Contra defeito de fabricação",,179.00,"Spicy BR",30615,,,https://images2.productserve.com/?w=200&h=200&bg=white&trim=5&t=letterbox&url=ssl%3Aspicy.vteximg.com.br%2Farquivos%2Fids%2F164362_2&feedId=72009&k=f420a7eb2b5af9f976145a928f5e97c5f566dbbd,BRL,,,https://www.spicy.com.br/conjunto-de-3-facas-em-ceramica-e-bloco-em-acrilico-kenya-preto/p?idsku=13354,,,BRL179.00,72009,,,,4081660070,2001047,7899100664334
https://www.awin1.com/pclick.php?p=33152871439&a=3093907&m=30615,"Tesoura para Ervas em Aço Inox Brabantia Verde",33152871439,13367,https://spicy.vteximg.com.br/arquivos/ids/196211_2,"Esta tesoura é perfeita para facilitar suas tarefas do dia a dia. Com ela, é possível picar e cortar os mais diversos tipos de ervas e até mesmo fatiar champignon. Suas lâminas produzidas em aço inox desempenham com eficiência o corte preciso, enquanto as alças em plástico com acabamento em silicone garantem um manuseio firme e seguro. Ainda conta com um prático pente em silicone com cerdas que se encaixam perfeitamente às lâminas, permitindo uma higienização rápida e impecável. Fabricada pela Holandesa Brabantia, marca com mais de 90 anos de tradição, reconhecida internacionalmente pela inovação e qualidade de seus produtos. Ficha técnica: • Código: 4081300954 • Marca: Brabantia • Conteúdo da Embalagem: 1 Tesoura e 1 mini pente • Especificações do produto: Lavar o utensílio à mão sem a utilização de produtos abrasivos • Material: Aço inox e silicone • Cor: Verde • Dimensões: 22,5cm x 2cm x 8cm (AxLxP) • Garantia: 3 Meses - Contra defeito de fabricação",,59.90,"Spicy BR",30615,,,https://images2.productserve.com/?w=200&h=200&bg=white&trim=5&t=letterbox&url=ssl%3Aspicy.vteximg.com.br%2Farquivos%2Fids%2F196211_2&feedId=72009&k=4eb7b51b9f3cedd1044f3d6b58188f79ba482220,BRL,,,https://www.spicy.com.br/tesoura-para-ervas-em-aco-inox-brabantia-verde/p?idsku=13367,,,BRL59.90,72009,,,,4081300954,2001060,8710755121685
https://www.awin1.com/pclick.php?p=35322249521&a=3093907&m=30615,"Conjunto de 6 Facas Laguiole em Aço Inox Coutelerrie Neron",35322249521,13390,https://spicy.vteximg.com.br/arquivos/ids/198638_2,"Inspiradas nas navajas espanholas, as facas Laguiole são produzidas no interior da França e trazem fama internacional à cidade. Como é de costume os restaurantes de Laguiole utilizar a mesma faca em todo o menu degustação, as lâminas microsserrilhadas foram especialmente projetadas para garantir o corte preciso de diversos tipos de alimento; legumes, frutas e carnes. Ainda conta com uma minuciosa abelhinha esculpida à mão, símbolo que se tornou marca registrada da Forge de Laguile. Ela faz referência ao selo imperial de Napoleão oferecido à vila em sinal de reconhecimento pela bravura em combate dos homens da região. Garantia de sucesso à mesa e também uma ótima opção para presentear amantes da tradição francesa. Ficha técnica: • Código: 4089010001 • Marca: Coutelerrie Neron • Conteúdo da Embalagem: 6 Facas • Material: Aço inox • Peso: 480g • Dimensões: 2,5cm x 11,5cm x 27,5cm (AxLxP) • Garantia: 3 Meses - Contra defeito de fabricação",,599.00,"Spicy BR",30615,,,https://images2.productserve.com/?w=200&h=200&bg=white&trim=5&t=letterbox&url=ssl%3Aspicy.vteximg.com.br%2Farquivos%2Fids%2F198638_2&feedId=72009&k=c1585e5a8e9e6389ba4e01df4f5e41c2a1d6d6d4,BRL,,,https://www.spicy.com.br/conjunto-de-6-facas-em-aco-inox-jean-neron/p?idsku=13390,,,BRL599.00,72009,,,,4089010001,2001083,3308460605405
https://www.awin1.com/pclick.php?p=35979066428&a=3093907&m=30615,"6 Facas Laguiole em Aço Inox Coutelerrie Neron Coloridas",35979066428,13391,https://spicy.vteximg.com.br/arquivos/ids/198640_2,"Inspiradas nas navajas espanholas, as facas Laguiole são produzidas no interior da França e trazem fama internacional à cidade. Como é de costume os restaurantes de Laguiole utilizar a mesma faca em todo o menu degustação, as lâminas microsserrilhadas foram especialmente projetadas para garantir o corte preciso de diversos tipos de alimento; legumes, frutas e carnes. Ainda conta com uma minuciosa abelhinha esculpida à mão, símbolo que se tornou marca registrada da Forge de Laguile. Ela faz referência ao selo imperial de Napoleão oferecido à vila em sinal de reconhecimento pela bravura em combate dos homens da região. Garantia de sucesso à mesa e também uma ótima opção para presentear amantes da tradição francesa. Ficha técnica: • Código: 4089010002 • Marca: Coutelerrie Neron • Conteúdo da Embalagem: 6 Facas • Material: Aço inox • Cor: Sortida • Peso: 480g • Dimensões: 2,5cm x 11,5cm x 27,5cm (AxLxP) • Garantia: 3 Meses - Contra defeito de fabricação",,599.00,"Spicy BR",30615,,,https://images2.productserve.com/?w=200&h=200&bg=white&trim=5&t=letterbox&url=ssl%3Aspicy.vteximg.com.br%2Farquivos%2Fids%2F198640_2&feedId=72009&k=e70c021aa45a7045479418e02caa3471b64c59fa,BRL,,,https://www.spicy.com.br/conjunto-de-6-facas-em-aco-inox-jean-neron-coloridas/p?idsku=13391,,,BRL599.00,72009,,,,4089010002,2001084,3308460625403
https://www.awin1.com/pclick.php?p=35979066243&a=3093907&m=30615,"Pote Retangular com Filtro de Carvão 1,5 Litros Greensaver OXO",35979066243,13420,https://spicy.vteximg.com.br/arquivos/ids/170904_2,"A linha Greensaver foi especialmente desenvolvida visando oferecer o que há de melhor para o armazenamento de alimentos. Tratam-se de potes produzidos em policarbonato com cestos que impedem o contato do alimento com a água que se desprende com o tempo e promove o fluxo de ar no interior do pote. Ainda possui um incrível filtro de carvão ativado na tampa que absorve gases retardando o processo de envelhecimento, mantendo os alimentos frescos por muito mais tempo. Esses filtros são feitos de casca de coco, material que os tornam seguros, 100% natural e não-tóxicos. Fabricado pela Americana OXO, reconhecida mundialmente por buscar conceito de design inovador e qualidade, oferecendo produtos que atendam as necessidade de seus consumidores. Cada filtro possui aproximadamente 90 dias de duração. Ficha técnica: • Código: 4080570535 • Marca: OXO • Modelo: Greensaver • Conteúdo da Embalagem: 1 Pote • Material: Policarbonato • Capacidade: 1,5 Litros • Peso: 385g • Dimensões: 10,16cm x 15,24cm x 17,78cm (AxLxP) • Garantia: 3 Meses - Contra defeito de fabricação",,199.00,"Spicy BR",30615,,,https://images2.productserve.com/?w=200&h=200&bg=white&trim=5&t=letterbox&url=ssl%3Aspicy.vteximg.com.br%2Farquivos%2Fids%2F170904_2&feedId=72009&k=49a48f6ac62f5c847e49dd2720d952138d6babe5,BRL,,,https://www.spicy.com.br/pote-retangular-com-filtro-de-carvao-15-litros-greensaver-oxo/p?idsku=13420,,,BRL199.00,72009,,,,4080570535,2001113,719812044002
https://www.awin1.com/pclick.php?p=35322249523&a=3093907&m=30615,"Pote Quadrado com Filtro de Carvão 4 Litros Greensaver OXO",35322249523,13421,https://spicy.vteximg.com.br/arquivos/ids/170906_2,"A linha Greensaver foi especialmente desenvolvida visando oferecer o que há de melhor para o armazenamento de alimentos. Tratam-se de potes produzidos em policarbonato com cestos que impedem o contato do alimento com a água que se desprende com o tempo e promove o fluxo de ar no interior do pote. Ainda possui um incrível filtro de carvão ativado na tampa que absorve gases retardando o processo de envelhecimento, mantendo os alimentos frescos por muito mais tempo. Esses filtros são feitos de casca de coco, material que os tornam seguros, 100% natural e não-tóxicos. Fabricado pela Americana OXO, reconhecida mundialmente por buscar conceito de design inovador e qualidade, oferecendo produtos que atendam as necessidade de seus consumidores. Cada filtro possui aproximadamente 90 dias de duração. Ficha técnica: • Código: 4080570536 • Marca: OXO • Modelo: Greensaver • Conteúdo da Embalagem: 1 Pote • Material: Policarbonato • Capacidade: 4 Litros • Peso: 630g • Dimensões: 19cm x 15cm x 21cm (AxLxP) • Garantia: 3 Meses - Contra defeito de fabricação",,169.00,"Spicy BR",30615,,,https://images2.productserve.com/?w=200&h=200&bg=white&trim=5&t=letterbox&url=ssl%3Aspicy.vteximg.com.br%2Farquivos%2Fids%2F170906_2&feedId=72009&k=4e7001dde3409bb8e4e3b106e73e10abd0f6e88c,BRL,,,https://www.spicy.com.br/pote-quadrado-com-filtro-de-carvao-4-litros-greensaver-oxo/p?idsku=13421,,,BRL169.00,72009,,,,4080570536,2001114,719812044019
https://www.awin1.com/pclick.php?p=33152871797&a=3093907&m=30615,"Pote Retangular Filtro de Carvão 4,7 Litros Greensaver OXO",33152871797,13422,https://spicy.vteximg.com.br/arquivos/ids/170910_2,"A linha Greensaver foi especialmente desenvolvida visando oferecer o que há de melhor para o armazenamento de alimentos. Tratam-se de potes produzidos em policarbonato com cestos que impedem o contato do alimento com a água que se desprende com o tempo e promove o fluxo de ar no interior do pote. Ainda possui um incrível filtro de carvão ativado na tampa que absorve gases retardando o processo de envelhecimento, mantendo os alimentos frescos por muito mais tempo. Esses filtros são feitos de casca de coco, material que os tornam seguros, 100% natural e não-tóxicos. Fabricado pela Americana OXO, reconhecida mundialmente por buscar conceito de design inovador e qualidade, oferecendo produtos que atendam as necessidade de seus consumidores. Cada filtro possui aproximadamente 90 dias de duração. Ficha técnica: • Código: 4080570537 • Marca: OXO • Modelo: Greensaver • Conteúdo da Embalagem: 1 Pote • Material: Policarbonato • Capacidade: 4,7 Litros • Peso: 350g • Dimensões: 16,5cm x 15cm x 30cm (AxLxP) • Garantia: 3 Meses - Contra defeito de fabricação",,299.00,"Spicy BR",30615,,,https://images2.productserve.com/?w=200&h=200&bg=white&trim=5&t=letterbox&url=ssl%3Aspicy.vteximg.com.br%2Farquivos%2Fids%2F170910_2&feedId=72009&k=dbba86122fd2553ad594772a752dc0874194ca9f,BRL,,,https://www.spicy.com.br/pote-retangular-com-filtro-de-carvao-47-litros-greensaver-oxo/p?idsku=13422,,,BRL299.00,72009,,,,4080570537,2001115,719812044026
https://www.awin1.com/pclick.php?p=33152871775&a=3093907&m=30615,"Conjunto de 4 Refis de Carvão Ativado Greensaver OXO",33152871775,13425,https://spicy.vteximg.com.br/arquivos/ids/164597_2,"A linha Greensaver foi especialmente desenvolvida visando oferecer o que há de melhor para o armazenamento de alimentos. Este conjunto de refis são feitos de casca de coco, material que os tornam seguro, 100% natural e não-tóxicos. Com ele, é possível prolongar o tempo de vida útil de alimentos armazenados na geladeira. Projetados para o reabastecimento nos potes e filtros da linha Greensaver. Fabricado pela Americana OXO, reconhecida mundialmente por buscar conceito de design inovador e qualidade, oferecendo produtos que atendam as necessidade de seus consumidores. Cada refil possui aproximadamente 90 dias de duração. Ficha técnica: • Código: 4080570540 • Marca: OXO • Modelo: Greensaver • Conteúdo da Embalagem: 4 Refis • Material: Carbono • Garantia: 3 Meses - Contra defeito de fabricação",,89.90,"Spicy BR",30615,,,https://images2.productserve.com/?w=200&h=200&bg=white&trim=5&t=letterbox&url=ssl%3Aspicy.vteximg.com.br%2Farquivos%2Fids%2F164597_2&feedId=72009&k=c82d862b503167714c865cb5a1388666906a764e,BRL,,,https://www.spicy.com.br/conjunto-de-4-refis-de-carvao-ativado-greensaver-oxo/p?idsku=13425,,,BRL89.90,72009,,,,4080570540,2001118,719812044545
https://www.awin1.com/pclick.php?p=37080907119&a=3093907&m=30615,"Conjunto de 4 Taças para Champagne em Vidro Cristalino Salute Spiegelau",37080907119,13464,https://spicy.vteximg.com.br/arquivos/ids/176587_2,"Produzidas em vidro cristalino com brilho intenso, as taças da linha Salute da alemã Spiegelau possuem o formato específico para cada tipo de bebida, permitindo desfrutar de todas as propriedades, sabores e aromas com estilo e elegância. As taças para champagne são finas, com bojo alongado e boca estreita (flute). Este formato é especialmente projetado para manter as borbulhas por mais tempo, realçar e direcionar o aroma para o nariz e potencializar a delicadeza e frescor da bebida. Ficha técnica: • Código: 4080120187 • Marca: Spiegelau • Modelo: Salute • Conteúdo da Embalagem: 4 Taças • Material: Vidro • Capacidade: 210ml cada taça • Peso da embalagem: 978g • Dimensões da embalagem: 25,5cm x 14,5cm x 14,5cm (AxLxP) • Garantia: 3 Meses - Contra defeito de fabricação",,299.00,"Spicy BR",30615,,,https://images2.productserve.com/?w=200&h=200&bg=white&trim=5&t=letterbox&url=ssl%3Aspicy.vteximg.com.br%2Farquivos%2Fids%2F176587_2&feedId=72009&k=153cc5b55372617ef7d20cbcbf3956f3aa155f05,BRL,,,https://www.spicy.com.br/conjunto-de-4-tacas-para-champagne-em-vidro-cristalino-salute-spiegelau/p?idsku=13464,,,BRL299.00,72009,,,,4080120187,2001157,4003322250449
https://www.awin1.com/pclick.php?p=37080907118&a=3093907&m=30615,"Conjunto de 4 Taças Vinho Bordeaux Salute Spiegelau",37080907118,13476,https://spicy.vteximg.com.br/arquivos/ids/176572_2,"Produzidas em vidro cristalino com brilho intenso, as taças da linha Salute da alemã Spiegelau possuem o formato específico para cada tipo de bebida, permitindo desfrutar de todas as propriedades, sabores e aromas com estilo e elegância. As taças bordeaux são indicadas para vinhos mais encorpados e que precisam de espaço para respirar e garantir a liberação de toda potência da bebida. Ficha técnica: • Código: 4080120184 • Marca: Spiegelau • Modelo: Salute • Conteúdo da Embalagem: 4 Taças • Material: Vidro • Capacidade: 710ml • Peso da embalagem: 1,410kg • Dimensões da embalagem: 26cm x 20cm x 20cm (AxLxP) • Garantia: 3 Meses - Contra defeito de fabricação",,349.00,"Spicy BR",30615,,,https://images2.productserve.com/?w=200&h=200&bg=white&trim=5&t=letterbox&url=ssl%3Aspicy.vteximg.com.br%2Farquivos%2Fids%2F176572_2&feedId=72009&k=3b48cd270acae9bfdb837eea5428c476bdcd6f77,BRL,,,https://www.spicy.com.br/conjunto-de-4-tacas-vinho-bordeaux-salute-spiegelau/p?idsku=13476,,,BRL349.00,72009,,,,4080120184,2001169,4003322250418
https://www.awin1.com/pclick.php?p=37080907117&a=3093907&m=30615,"Conjunto de 4 Taças para Vinho Tinto 550ml Salute Spiegelau",37080907117,13477,https://spicy.vteximg.com.br/arquivos/ids/176571_2,"Produzidas em vidro cristalino com brilho intenso, as taças da linha Salute da alemã Spiegelau possuem o formato específico para cada tipo de bebida, permitindo desfrutar de todas as propriedades, sabores e aromas com estilo e elegância. Para uma perfeita degustação do vinho tinto, as taças precisam ter o bojo mais largo, alongado e boca levemente fechada para concentrar os aromas e evitar sua dispersão. Ficha técnica: • Código: 4080120185 • Marca: Spiegelau • Modelo: Salute • Conteúdo da Embalagem: 4 Taças • Material: Vidro • Capacidade: 550ml • Peso da embalagem: 1,390kg • Dimensões da embalagem: 25cm x 19cm x 19cm (AxLxP) • Garantia: 3 Meses - Contra defeito de fabricação",,349.00,"Spicy BR",30615,,,https://images2.productserve.com/?w=200&h=200&bg=white&trim=5&t=letterbox&url=ssl%3Aspicy.vteximg.com.br%2Farquivos%2Fids%2F176571_2&feedId=72009&k=979b249000d443228a88e2899d0380c64ca5ec3e,BRL,,,https://www.spicy.com.br/conjunto-de-4-tacas-para-vinho-tinto-550ml-salute-spiegelau/p?idsku=13477,,,BRL349.00,72009,,,,4080120185,2001170,4003322250425
https://www.awin1.com/pclick.php?p=34476410837&a=3093907&m=30615,"Conjunto de 4 Taças para Vinho Branco em Vidro Cristalino Salute Spiegelau",34476410837,13478,https://spicy.vteximg.com.br/arquivos/ids/228078_2,"Produzidas em vidro cristalino com brilho intenso, as taças da linha Salute da alemã Spiegelau contam o formato específico para cada tipo de bebida, permitindo desfrutar de todas as propriedades, sabores e aromas com estilo e elegância. As taças para vinho branco precisam ter a aba mais estreita, o que faz com que a bebida seja distribuída de forma uniforme em todas as partes da língua, enfatizando seu frescor, doçura e acidez de maneira equilibrada. Ficha técnica: • Código: 4080120186 • Marca: Spiegelau • Modelo: Salute • Conteúdo da Embalagem: 4 Taças • Material: Vidro • Capacidade: 465ml • Peso da embalagem: 1,000kg • Dimensões da embalagem: 25cm x 18cm x 18cm (AxLxP) • Garantia: 3 Meses - Contra defeito de fabricação",,349.00,"Spicy BR",30615,,,https://images2.productserve.com/?w=200&h=200&bg=white&trim=5&t=letterbox&url=ssl%3Aspicy.vteximg.com.br%2Farquivos%2Fids%2F228078_2&feedId=72009&k=d706a3950f67ed5d2d466c4243e7f599c5df6780,BRL,,,https://www.spicy.com.br/conjunto-de-4-tacas-para-vinho-branco-em-vidro-cristalino-salute-spiegelau/p?idsku=13478,,,BRL349.00,72009,,,,4080120186,2001171,4003322250432
https://www.awin1.com/pclick.php?p=44783191025&a=3093907&m=30615,"Faca Chef em Aço Inox 20cm Global",44783191025,13540,https://spicy.vteximg.com.br/arquivos/ids/164758_2,"Forjada e afiada manualmente, esta faca Chef possui o que há de melhor em aço de alto desempenho. O formato da lâmina é desenhado especialmente para garantir o corte perfeito e total segurança durante o manuseio. Ainda conta com afiação incrivelmente superior comparada às facas de seus concorrentes e distribuição de peso impecável que proporciona firmeza e agilidade com menos repetições. Baseada em conceitos milenares de forjamento de lâminas e inspirada nas poderosas espadas dos samurais, a Japonesa Global Knives detêm conhecimentos suficientes que a destaca como a melhor produtora de lâminas para fins culinários do mundo, atendendo os padrões mais exigentes e recebendo uma série de prêmios, como o da renomada revista americana Restaurant Magazine. Pela 6° vez consecutiva, vitoriosa na categoria de faca Choice Awards em 2015. Ficha técnica: • Código: 4082060002 • Marca: Global • Modelo: Chef • Conteúdo da Embalagem: 1 Faca • Material: Aço inox • Peso: 280g • Dimensões: 2,2cm x 8,8cm x 37,5cm (AxLxP) • Garantia: 3 Meses - Contra defeito de fabricação.",,699.00,"Spicy BR",30615,,,https://images2.productserve.com/?w=200&h=200&bg=white&trim=5&t=letterbox&url=ssl%3Aspicy.vteximg.com.br%2Farquivos%2Fids%2F164758_2&feedId=72009&k=5b54c07e6d7f67921e14aa497f738eb7cf17b4ae,BRL,,,https://www.spicy.com.br/faca-chef-em-aco-inox-20cm-global/p?idsku=13540,,,BRL699.00,72009,,,,4082060002,2001233,4943691802484
https://www.awin1.com/pclick.php?p=44561937325&a=3093907&m=30615,"Faca para Carne em Aço Inox 21cm Global",44561937325,13541,https://spicy.vteximg.com.br/arquivos/ids/164759_2,"Projetada especialmente para atender os mais diversos cortes de carne, esta faca possui o que há de melhor em aço de alto desempenho. Forjada e afiada manualmente, conta com formato de lâmina que garante o corte perfeito e total segurança durante o manuseio. Sua afiação é superior à qualquer outra faca do mercado e o peso distribuído por toda extremidade da faca garante firmeza e agilidade. Baseada em conceitos milenares de forjamento de lâminas e inspirada nas poderosas espadas dos samurais, a Japonesa Global Knives detêm conhecimentos suficientes que a destaca como a melhor produtora de lâminas para fins culinários do mundo, atendendo os padrões mais exigentes e recebendo uma série de prêmios, como o da renomada revista americana Restaurant Magazine. Pela 6° vez consecutiva, vitoriosa na categoria de faca Choice Awards em 2015. Ficha técnica: • Código: 4082060003 • Marca: Global • Conteúdo da Embalagem: 1 Faca • Material: Aço inox • Peso: 280g • Dimensões: 2cm x 8,5cm x 34,5cm (AxLxP) • Garantia: 3 Meses - Contra defeito de fabricação",,629.00,"Spicy BR",30615,,,https://images2.productserve.com/?w=200&h=200&bg=white&trim=5&t=letterbox&url=ssl%3Aspicy.vteximg.com.br%2Farquivos%2Fids%2F164759_2&feedId=72009&k=7217389b202d9f37103747f83f6d1ff68e96b8c8,BRL,,,https://www.spicy.com.br/faca-para-carne-em-aco-inox-21cm-global/p?idsku=13541,,,BRL629.00,72009,,,,4082060003,2001234,4943691803481
https://www.awin1.com/pclick.php?p=36715178032&a=3093907&m=30615,"Faca Chef em Aço Inox 16cm Global",36715178032,13542,https://spicy.vteximg.com.br/arquivos/ids/164760_2,"Forjada e afiada manualmente, esta faca Chef possui o que há de melhor em aço de alto desempenho. O formato da lâmina é desenhado especialmente para garantir o corte perfeito e total segurança durante o manuseio. Ainda conta com afiação incrivelmente superior comparada às facas de seus concorrentes e distribuição de peso impecável que proporciona firmeza e agilidade com menos repetições. Baseada em conceitos milenares de forjamento de lâminas e inspirada nas poderosas espadas dos samurais, a Japonesa Global Knives detêm conhecimentos suficientes que a destaca como a melhor produtora de lâminas para fins culinários do mundo, atendendo os padrões mais exigentes e recebendo uma série de prêmios, como o da renomada revista americana Restaurant Magazine. Pela 6° vez consecutiva, vitoriosa na categoria de faca Choice Awards em 2015. Ficha técnica: • Código: 4082060004 • Marca: Global • Modelo: Chef • Conteúdo da Embalagem: 1 Faca • Material: Aço inox • Peso: 260g • Dimensões: 2cm x 8,5cm x 34,5cm (AxLxP) • Garantia: 3 Meses - Contra defeito de fabricação",,599.00,"Spicy BR",30615,,,https://images2.productserve.com/?w=200&h=200&bg=white&trim=5&t=letterbox&url=ssl%3Aspicy.vteximg.com.br%2Farquivos%2Fids%2F164760_2&feedId=72009&k=7389daa08b4aaf32914574f90a3726c17319b398,BRL,,,https://www.spicy.com.br/faca-chef-em-aco-inox-16cm-global/p?idsku=13542,,,BRL599.00,72009,,,,4082060004,2001235,4943691858009
https://www.awin1.com/pclick.php?p=35979066308&a=3093907&m=30615,"Faca para Desossar em Aço Inox 16cm Global",35979066308,13543,https://spicy.vteximg.com.br/arquivos/ids/164761_2,"Com formato de lâmina desenhado exclusivamente para desossar carnes, esta faca é indispensável na cozinha. Desenvolvida em aço extremamente resistente, possui peso ideal distribuído por toda peça que garante conforto e segurança durante o manuseio. Ainda conta com lâmina forjada e afiada à mão com qualidade incrivelmente superior comparada às facas concorrentes. Baseada em conceitos milenares de forjamento de lâminas e inspirada nas poderosas espadas dos samurais, a Japonesa Global Knives detêm conhecimentos suficientes que a destaca como a melhor produtora de lâminas para fins culinários do mundo, atendendo os padrões mais exigentes e recebendo uma série de prêmios, como o da renomada revista americana Restaurant Magazine. Pela 6° vez consecutiva, vitoriosa na categoria de faca Choice Awards em 2015. Ficha técnica: • Código: 4082060005 • Marca: Global • Conteúdo da Embalagem: 1 Faca • Material: Aço inox • Peso: 240g • Dimensões: 2,2cm x 8,8cm x 37,5cm (AxLxP) • Garantia: 3 Meses - Contra defeito de fabricação",,599.00,"Spicy BR",30615,,,https://images2.productserve.com/?w=200&h=200&bg=white&trim=5&t=letterbox&url=ssl%3Aspicy.vteximg.com.br%2Farquivos%2Fids%2F164761_2&feedId=72009&k=6a5c1632427c3528d2802c1df93aaab006042853,BRL,,,https://www.spicy.com.br/faca-para-desossar-em-aco-inox-16cm-global/p?idsku=13543,,,BRL599.00,72009,,,,4082060005,2001236,4943691821485
https://www.awin1.com/pclick.php?p=36715178031&a=3093907&m=30615,"Faca Chef em Aço Inox 20cm + Amolador para Faca 2 Estágios Global",36715178031,13547,https://spicy.vteximg.com.br/arquivos/ids/164765_2,"Composto por uma faca chefe e um amolador, este conjunto é perfeito para amantes de culinária. A faca chef desempenha com facilidade os mais diversos cortes de alimentos graças à sua lâmina super afiada, enquanto o amolador é perfeito para prolongar o tempo de vida útil desta ou qualquer outra faca. Baseada em conceitos milenares de forjamento de lâminas e inspirada nas poderosas espadas dos samurais, a Japonesa Global Knives detêm conhecimentos suficientes que a destaca como a melhor produtora de lâminas para fins culinários do mundo, atendendo os padrões mais exigentes e recebendo uma série de prêmios, como o da renomada revista americana Restaurant Magazine. Pela 6° vez consecutiva, vitoriosa na categoria de faca Choice Awards em 2015. Ficha técnica: • Código: 4082060009 • Marca: Global • Conteúdo da Embalagem: 1 Faca chefe e 1 amolador • Material: Aço inox • Peso do Gift Box: 620g • Dimensões do Gift Box: 5cm x 14,5cm x 37,2cm (AxLxP) • Garantia: 3 Meses - Contra defeito de fabricação",,999.00,"Spicy BR",30615,,,https://images2.productserve.com/?w=200&h=200&bg=white&trim=5&t=letterbox&url=ssl%3Aspicy.vteximg.com.br%2Farquivos%2Fids%2F164765_2&feedId=72009&k=ac006411ce2eeca2f22bc7c2a2c6cfe7ec5e5ef0,BRL,,,https://www.spicy.com.br/faca-chef-em-aco-inox-20cm---amolador-para-faca-2-estagios-global/p?idsku=13547,,,BRL999.00,72009,,,,4082060009,2001240,4943691222015
https://www.awin1.com/pclick.php?p=33152871843&a=3093907&m=30615,"Prato para Queijo em Acrílico 23cm Kenya",33152871843,13605,https://spicy.vteximg.com.br/arquivos/ids/233058_2,"Este prato para queijo é a solução perfeita para decorar e organizar a mesa. Ideal para armazenar seus alimentos garantindo as propriedades originais e durabilidade do alimento. Produtos em acrílico além de altamente duráveis, são ótimas opções para deixar sua mesa muito mais discreta e sofisticada. Ficha técnica: • Código: 4081110160 • Marca: Kenya • Conteúdo da Embalagem: 1 Prato para queijo • Material: Acrílico • Cor: Transparente • Peso: 430g • Dimensões: 12,7cm x 23cm x 23cm (AxLxP) • Garantia: 3 Meses - Contra defeito de fabricação",,199.00,"Spicy BR",30615,,,https://images2.productserve.com/?w=200&h=200&bg=white&trim=5&t=letterbox&url=ssl%3Aspicy.vteximg.com.br%2Farquivos%2Fids%2F233058_2&feedId=72009&k=31de096c059bc1c398a07a0f6853118b4727700c,BRL,,,https://www.spicy.com.br/prato-para-queijo-em-acrilico-23cm-kenya/p?idsku=13605,,,BRL199.00,72009,,,,4081110160,2001297,7899100666864
https://www.awin1.com/pclick.php?p=35629881036&a=3093907&m=30615,"Grelha para Peixe Weber",35629881036,13609,https://spicy.vteximg.com.br/arquivos/ids/206344_2,"Produzida em aço inox de alta qualidade, esta grelha foi especialmente projetada para acomodar peixes na churrasqueira de forma segura, proporcionando praticidade e evitando manuseios desajeitados ou desperdícios do alimento. Seu tamanho de 48cm x 27cm permite assar os mais diversos tipos e tamanhos de peixe, enquanto a trava garante que o alimento não caia do acessório durante o manuseio. Fabricado pela Americana Weber, uma das marcas mais reconhecidas e confiáveis do mercado no seguimento de churrasqueiras e acessórios. Ficha técnica: • Código: 4082070180 • Marca: Weber • Conteúdo da Embalagem: 1 Grelha • Material: Aço Inox • Peso: 1,110kg • Dimensões: 5,8cm x 26,67cm x 45,72cm (AxLxP) • Garantia: 2 Anos",,629.00,"Spicy BR",30615,,,https://images2.productserve.com/?w=200&h=200&bg=white&trim=5&t=letterbox&url=ssl%3Aspicy.vteximg.com.br%2Farquivos%2Fids%2F206344_2&feedId=72009&k=8bc8c35f9a6fa6a951a184902b56aa4d0e1ab2db,BRL,,,https://www.spicy.com.br/grelha-para-peixe-weber/p?idsku=13609,,,BRL629.00,72009,,,,4082070180,2001301,0077924010842
https://www.awin1.com/pclick.php?p=37673154909&a=3093907&m=30615,"4 Taças de Champagne em Cristal 240ml Style Spiegelau",37673154909,13741,https://spicy.vteximg.com.br/arquivos/ids/236637_2,"As Taças de Champagne Style Spiegelau é um verdadeiro símbolo de elegância e sofisticação. Com um design refinado e uma qualidade incomparável, esta taça proporciona uma experiência sensorial única para apreciadores de champagne ou espumantes. Produzida pela renomada marca alemã Spiegelau, a Taça Style Spiegelau foi desenvolvida com a mais alta tecnologia e precisão, garantindo assim a máxima expressão dos aromas e sabores dos champanhe, espumantes ou sidras. Seu formato exclusivo permite uma oxigenação ideal da bebida, realçando suas características e proporcionando uma degustação excepcional. Além disso, a taça style spiegelau apresenta um acabamento impecável e uma durabilidade excepcional, tornando-a não apenas um acessório funcional, mas também uma peça de decoração elegante para sua mesa. Especificações do Produto: • As Taças Spiegelau são especialmente projetadas em colaboração com sommeliers de renome mundial e proprietários de restaurantes de primeira classe • Haste lisa para uma experiência tátil única • Reinterpretação da Spiegelau em formato de diamante • Vidro de cristal brilhante e transparente • Considerada superlativa pelos especialistas em bebidas • Taça projetada para a champanhe desenvolver ao máximo suas nuances • Design arrojado, extravagante e atemporal • Melhor resistência à quebra • Gestão ambiental certificada • Pode ir a lava-louças Ficha Técnica: • Código: 4080120204 • Marca: Spiegelau • Modelo: Style • Conteúdo da Embalagem: 4 Taças para Champagne • Material: Cristal • Capacidade: 240ml • Peso: 100g • Dimensões: 23cm x 15cm x 15cm (AxLxP) • Garantia: 3 Meses (Contra defeito de fabricação)",,199.00,"Spicy BR",30615,,,https://images2.productserve.com/?w=200&h=200&bg=white&trim=5&t=letterbox&url=ssl%3Aspicy.vteximg.com.br%2Farquivos%2Fids%2F236637_2&feedId=72009&k=4d3765881fb9f8578a20523e2f2601caee2b3d67,BRL,,,https://www.spicy.com.br/4-tacas-de-champagne-em-cristal-240ml-style-spiegelau/p?idsku=13741,,,BRL199.00,72009,,,,4080120204,2001432,4003322223740
https://www.awin1.com/pclick.php?p=46030557344&a=3093907&m=30615,"Capa para Churrasqueira Performer em Vinil Weber Preta",46030557344,13773,https://spicy.vteximg.com.br/arquivos/ids/206352_2,"Capa em vinil fabricada pela Americana Weber especialmente para proteger sua churrasqueira Performer de ações do tempo e evitar a corrosão natural. Indispensável para quem deseja maior durabilidade para a churrasqueira Weber. Ficha técnica: • Código: 4082070195 • Marca: Weber • Modelo: Performer • Conteúdo da Embalagem: 1 Capa • Material: Vinil • Cor: Preto • Peso: 900g • Dimensões: 102cm x 118cm x 123cm (AxLxP) • Garantia: 2 Anos",,999.00,"Spicy BR",30615,,,https://images2.productserve.com/?w=200&h=200&bg=white&trim=5&t=letterbox&url=ssl%3Aspicy.vteximg.com.br%2Farquivos%2Fids%2F206352_2&feedId=72009&k=735dfd25a5a7488fdd481f9368fcd09798864784,BRL,,,https://www.spicy.com.br/capa-para-churrasqueira-performer-em-vinil-weber-preta/p?idsku=13773,,,BRL999.00,72009,,,,4082070195,2001464,0077924032813
https://www.awin1.com/pclick.php?p=35576616652&a=3093907&m=30615,"Conjunto de 4 Copos Baixo em Vidro 368ml Perfect Serve Spiegelau",35576616652,13845,https://spicy.vteximg.com.br/arquivos/ids/228094_2,"Mundialmente reconhecida por seus copos e taças produzidos com tecnologia altamente avançada que garante peças robustas, duráveis e com acabamento perfeito, a Alemã Spiegelau lança a Incrível linha Perfect Serve By Stephan Hinz. Desenvolvido em vidro cristalino, este conjunto de copos é a solução perfeita para diversas ocasiões. Atendendo aos mais exigentes padrões, conta com design moderno e sofisticado que cria uma sinergia perfeita entre os demais acessórios utilizados. Sirva amigos e convidados com muito mais requinte e encante à todos. Ficha técnica: • Código: 4080120214 • Marca: Spiegelau • Modelo: Perfect Serve • Conteúdo da Embalagem: 4 Copos • Especificações do produto: Não utilizar produtos abrasivos e lavar preferencialmente a mão • Material: Vidro • Capacidade: 368ml • Cor: Transparente • Peso da embalagem: 1,670kg • Dimensões da embalagem: 10,5cm x 17,5cm x 17,5cm (AxLxP) • Dimensões do copo: 10cm x 8,6cm (AxL) • Garantia: 3 Meses - Contra defeito de fabricação",,399.00,"Spicy BR",30615,,,https://images2.productserve.com/?w=200&h=200&bg=white&trim=5&t=letterbox&url=ssl%3Aspicy.vteximg.com.br%2Farquivos%2Fids%2F228094_2&feedId=72009&k=4ed867e6636274b4a6bbf62e3b4abfcf9d015b2a,BRL,,,https://www.spicy.com.br/conjunto-de-4-copos-baixo-em-vidro-368ml-perfect-serve-spiegelau/p?idsku=13845,,,BRL399.00,72009,,,,4080120214,2001534,4003322257707
https://www.awin1.com/pclick.php?p=35979066196&a=3093907&m=30615,"Conjunto de 4 Copos Alto em Vidro Perfect Serve 350ml Spiegelau",35979066196,13846,https://spicy.vteximg.com.br/arquivos/ids/228095_2,"Mundialmente reconhecida por seus copos e taças produzidos com tecnologia altamente avançada que garante peças robustas, duráveis e com acabamento perfeito, a Alemã Spiegelau lança a Incrível linha Perfect Serve By Stephan Hinz. Desenvolvido em vidro cristalino, este conjunto de copos é a solução perfeita para diversas ocasiões. Atendendo aos mais exigentes padrões, conta com design moderno e sofisticado que cria uma sinergia perfeita entre os demais acessórios utilizados. Sirva amigos e convidados com muito mais requinte e encante à todos. Ficha técnica: • Código: 4080120215 • Marca: Spiegelau • Modelo: Perfect Serve • Conteúdo da Embalagem: 4 Copos • Especificações do produto: Não utilizar produtos abrasivos e lavar preferencialmente a mão • Material: Vidro • Capacidade: 350ml • Cor: Transparente • Peso: 1,924kg • Dimensões: 15cm x 7,2cm x 10cm (AxLxP) • Garantia: 3 Meses - Contra defeito de fabricação",,399.00,"Spicy BR",30615,,,https://images2.productserve.com/?w=200&h=200&bg=white&trim=5&t=letterbox&url=ssl%3Aspicy.vteximg.com.br%2Farquivos%2Fids%2F228095_2&feedId=72009&k=40038f6c396b6b44467442faa02ece80461afac0,BRL,,,https://www.spicy.com.br/conjunto-de-4-copos-alto-em-vidro-perfect-serve-350ml-spiegelau/p?idsku=13846,,,BRL399.00,72009,,,,4080120215,2001535,4003322257738
https://www.awin1.com/pclick.php?p=33152871861&a=3093907&m=30615,"Conjunto de 4 Taças para Gin Tônica em Vidro 630ml Spiegelau",33152871861,13850,https://spicy.vteximg.com.br/arquivos/ids/228079_2,"Mundialmente reconhecida por seus copos e taças produzidos com tecnologia altamente avançada que garante peças robustas, duráveis e com acabamento perfeito, a Alemã Spiegelau lança a Incrível linha Perfect Serve By Stephan Hinz. Desenvolvido em vidro cristalino, este conjunto de taças para Gim tônica é a solução perfeita para diversas ocasiões. Atendendo aos mais exigentes padrões, conta com design moderno e sofisticado que cria uma sinergia perfeita entre os demais acessórios utilizados. Sirva amigos e convidados com muito mais requinte e encante à todos. Ficha técnica: • Código: 4080120220 • Marca: Spiegelau • Conteúdo da Embalagem: 4 Taças • Especificações do produto: Cada taça possui aproximadamente 19,5cm de altura por 10,6 de largura Não utilizar produtos abrasivos Lavar preferencialmente a mão • Material: Vidro • Capacidade: 630ml • Peso da embalagem: 1,030kg • Dimensões da embalagem: 20,5cm x 48cm x 12cm (AxLxP) • Garantia: 3 Meses - Contra defeito de fabricação",,149.00,"Spicy BR",30615,,,https://images2.productserve.com/?w=200&h=200&bg=white&trim=5&t=letterbox&url=ssl%3Aspicy.vteximg.com.br%2Farquivos%2Fids%2F228079_2&feedId=72009&k=022b56263b15af07e0a98c9788daaad2067a4751,BRL,,,https://www.spicy.com.br/conjunto-de-4-tacas-para-gin-tonica-em-vidro-630ml-perfect-serve-spiegelau/p?idsku=13850,,,BRL149.00,72009,,,,4080120220,2001539,4003322258469
https://www.awin1.com/pclick.php?p=33152871879&a=3093907&m=30615,"Raspador em Aço Inox 10,8cm OXO",33152871879,13910,https://spicy.vteximg.com.br/arquivos/ids/166142_2,"Corte massas de maneira prática e precisa com o auxílio deste acessório. Produzido em aço inox de alta qualidade, este raspador possui formato confortável que garante um manuseio seguro, e a lâmina foi especialmente criada para o corte preciso da massa. Ainda conta com marcas de medição auxiliam no corte do alimento com o tamanho que desejar. Ficha técnica: • Código: 4080570555 • Marca: OXO • Conteúdo da Embalagem: 1 Raspador • Material: Aço inox • Peso: 540g • Dimensões: 5,75cm x 2,5cm x 10,8cm (AxLxP) • Garantia: 3 Meses - Contra defeito de fabricação",,179.00,"Spicy BR",30615,,,https://images2.productserve.com/?w=200&h=200&bg=white&trim=5&t=letterbox&url=ssl%3Aspicy.vteximg.com.br%2Farquivos%2Fids%2F166142_2&feedId=72009&k=9fbf29dfa2f2977c4426d0da792b48018d883f06,BRL,,,https://www.spicy.com.br/raspador-em-aco-inox-108cm-oxo/p?idsku=13910,,,BRL179.00,72009,,,,4080570555,2001599,0719812732817
https://www.awin1.com/pclick.php?p=41951057724&a=3093907&m=30615,"Dispenser para Detergente de Mão 10cm OXO",41951057724,13913,https://spicy.vteximg.com.br/arquivos/ids/226837_2,"Libere controladamente o sabão com a nossa escova e dispensador. Com um leve toque no botão, o sabão é lançado para o item que está sendo esfregado. Forma arredondada para conforto ideal e poder de lavagem. As cerdas de nylon duráveis são seguras para panelas e assadeiras antiaderentes. Ficha técnica: • Código: 4080570558 • Marca: OXO • Conteúdo da Embalagem: 1 Dispenser de mão • Especificações do produto: Libera controladamente sabão com o leve toque de um botão As cerdas de nylon duráveis limpam facilmente alimentos e são seguras para limpar panelas antiaderentes A forma arredondada proporciona o conforto e poder de lavagem ideais Simplesmente desenrosque a parte superior para encher com sabão A base da escova é giratória para substituir facilmente as cerdas Alça apresenta aderência macia, confortável e antiderrapante • Material: Plástico com esponja de náilon • Peso: 0,09kg • Dimensões: 10,1cm x 6,3cm x 6,3cm (AxLxP) • Garantia: 3 Meses - Contra defeito de fabricação",,139.00,"Spicy BR",30615,,,https://images2.productserve.com/?w=200&h=200&bg=white&trim=5&t=letterbox&url=ssl%3Aspicy.vteximg.com.br%2Farquivos%2Fids%2F226837_2&feedId=72009&k=c3230076d70601327c24c16ce8345fc1c7c55a4f,BRL,,,https://www.spicy.com.br/dispenser-para-detergente-de-mao-10cm-oxo/p?idsku=13913,,,BRL139.00,72009,,,,4080570558,2001602,0719812364810
https://www.awin1.com/pclick.php?p=33152871883&a=3093907&m=30615,"Conjunto de 4 Colheres Medidoras em Aço Inox OXO",33152871883,14080,https://spicy.vteximg.com.br/arquivos/ids/167994_2,"Fabricado em aço inox de alta qualidade, este conjunto de colheres é perfeito para auxiliar no preparo de receitas que necessitem de ingredientes em quantidades precisa. Seu formato oval foi especialmente projetado para encaixar em diversos frascos estreitos, enquanto os cabos longos permitem um manuseio muito mais confortável. Ainda conta com recurso magnético que permite acomodar todas as peças de maneira compacta e inteligente. Desenvolvido pela Americana OXO, reconhecida mundialmente por buscar conceito de design inovador e qualidade, oferecendo produtos práticos, fáceis de manipular e que atendam as necessidade de seus consumidores. Ficha técnica: • Código: 4080570570 • Marca: OXO • Conteúdo da Embalagem: 4 Colheres medidoras • Material: Aço inox • Peso: 160g • Dimensões: 4,5cm x 12,5cm x 22cm (AxLxP) • Garantia: 3 Meses - Contra defeito de fabricação",,89.90,"Spicy BR",30615,,,https://images2.productserve.com/?w=200&h=200&bg=white&trim=5&t=letterbox&url=ssl%3Aspicy.vteximg.com.br%2Farquivos%2Fids%2F167994_2&feedId=72009&k=9661ef1a2ce136faf09d4e0ac245db8daf61fbd5,BRL,,,https://www.spicy.com.br/conjunto-de-4-colheres-medidoras-em-aco-inox-oxo/p?idsku=14080,,,BRL89.90,72009,,,,4080570570,2001768,719812043227
https://www.awin1.com/pclick.php?p=41951057726&a=3093907&m=30615,"Suporte para Detergente em Aço Inox 445ml OXO",41951057726,14081,https://spicy.vteximg.com.br/arquivos/ids/167996_2,"Este suporte para detergente é o acessório perfeito para sua cozinha. Seu design inteligente possui um mecanismo que permite liberar facilmente o líquido contido no interior do suporte, enquanto a base emborrachada mantém o acessório firme na pia. Desenvolvido em aço inox de alta qualidade pela Americana OXO, reconhecida mundialmente por buscar conceito de design inovador e qualidade, oferecendo produtos práticos, fáceis de manipular e que atendam as necessidade de seus consumidores. Ficha técnica: • Código: 4080570571 • Marca: OXO • Conteúdo da Embalagem: 1 Suporte para detergente • Material: Aço inox • Capacidade: 445ml • Peso: 320g • Dimensões: 22cm x 6,5cm x 6,5cm (AxLxP) • Garantia: 3 Meses - Contra defeito de fabricação",,279.00,"Spicy BR",30615,,,https://images2.productserve.com/?w=200&h=200&bg=white&trim=5&t=letterbox&url=ssl%3Aspicy.vteximg.com.br%2Farquivos%2Fids%2F167996_2&feedId=72009&k=5917a4a587eaaa8e0049f05364e3cd3e7e3bab17,BRL,,,https://www.spicy.com.br/suporte-para-detergente-em-aco-inox-445ml-oxo/p?idsku=14081,,,BRL279.00,72009,,,,4080570571,2001769,719812044415
https://www.awin1.com/pclick.php?p=38140519656&a=3093907&m=30615,"Faca para Sashimi em Aço Inox 25cm Global",38140519656,14089,https://spicy.vteximg.com.br/arquivos/ids/168032_2,"Forjada e afiada manualmente, esta faca para sashimi possui o que há de melhor em aço de alto desempenho para a filetagem de peixes. O formato da lâmina é desenhado especialmente para garantir o corte perfeito e total segurança durante o manuseio. A afiação é incrivelmente superior comparada às facas de seus concorrentes e a distribuição de peso impecável que proporciona firmeza e agilidade com menos repetições. Baseada em conceitos milenares de forjamento de lâminas e inspirada nas poderosas espadas dos samurais, a Japonesa Global Knives detêm conhecimentos suficientes que a destaca como a melhor produtora de lâminas para fins culinários do mundo, atendendo os padrões mais exigentes. Ficha técnica: • Código: 4082060012 • Marca: Global • Conteúdo da Embalagem: 1 Faca • Material: Aço inox • Peso aproximado do Gift Box: 360g • Dimensões aproximadas do Gift Box: 2cm x 7,5cm x 48cm (AxLxP) • Garantia: 3 Meses - Contra defeito de fabricação",,999.00,"Spicy BR",30615,,,https://images2.productserve.com/?w=200&h=200&bg=white&trim=5&t=letterbox&url=ssl%3Aspicy.vteximg.com.br%2Farquivos%2Fids%2F168032_2&feedId=72009&k=44e48d1690802c4d955d7eefc42db446c961ebf1,BRL,,,https://www.spicy.com.br/faca-para-sashimi-em-aco-inox-25cm-global/p?idsku=14089,,,BRL999.00,72009,,,,4082060012,2001777,7898221990063
https://www.awin1.com/pclick.php?p=36044880818&a=3093907&m=30615,"Fatiador Espiral para Legumes com 3 Lâminas em Aço Inox OXO",36044880818,14092,https://spicy.vteximg.com.br/arquivos/ids/168073_2,"O espiralizador de legumes da Americana OXO é a solução perfeita para cortar legumes, verduras e frutas. Prepare spaghetti de vegetais, batatas fritas tipo chips, anéis de batatas e muitas outras incríveis receitas. Seu mecanismo de funcionamento giratório é extremamente confortável, enquanto as lâminas desempenham de maneira precisa e eficaz o corte dos alimentos. Sirva à mesa frutas, verduras e legumes de uma forma original. O acessório que faltava para quem busca uma alimentação muito mais saudável. Ficha técnica: • Código: 4080570602 • Marca: OXO • Conteúdo da Embalagem: 1 Fatiador • Material: Aço inox • Peso: 1,450kg • Dimensões: 22cm x 18cm x 25cm (AxLxP) • Garantia: 3 Meses - Contra defeito de fabricação",,329.00,"Spicy BR",30615,,,https://images2.productserve.com/?w=200&h=200&bg=white&trim=5&t=letterbox&url=ssl%3Aspicy.vteximg.com.br%2Farquivos%2Fids%2F168073_2&feedId=72009&k=71f81e40d770f96e8110f1e57b980d089190e010,BRL,,,https://www.spicy.com.br/fatiador-espiral-para-legumes-com-3-laminas-em-aco-inox-oxo/p?idsku=14092,,,BRL329.00,72009,,,,4080570602,2001780,0719812045153
https://www.awin1.com/pclick.php?p=45954372100&a=3093907&m=30615,"Ralador para Queijo Zyliss Classic Branco",45954372100,14106,https://spicy.vteximg.com.br/arquivos/ids/168144_2,"Desenvolvido em plástico de alta qualidade, este ralador é perfeito para auxiliar no preparo de receitas ou utilizar diretamente à mesa. Seu mecanismo giratório foi especialmente projetado para trabalhar rapidamente e com pouca pressão, enquanto a lâmina extremamente afiada, proporciona o corte fino de maneira eficaz. Desenvolvido com formato especial que permite o manuseio entre destros e canhotos. Fabricado pela Suíça Zyliss, marca mundialmente reconhecida por seu portfólio atraente de utensílios e visão de antecipar mudanças e tendências do estilo de vida de seus consumidores. Ficha técnica: • Código: 4088590546 • Marca: Zyliss • Modelo: Classic • Conteúdo da Embalagem: 1 Ralador • Material: Plástico • Cor: Branco • Peso: 470g • Dimensões: 8cm x 12cm x 19cm (AxLxP) • Garantia: 5 Anos",,299.00,"Spicy BR",30615,,,https://images2.productserve.com/?w=200&h=200&bg=white&trim=5&t=letterbox&url=ssl%3Aspicy.vteximg.com.br%2Farquivos%2Fids%2F168144_2&feedId=72009&k=08d8ccc0326306fad91d52266a89ccbfa9f6977c,BRL,,,https://www.spicy.com.br/ralador-para-queijo-zyliss-classic-branco/p?idsku=14106,,,BRL299.00,72009,,,,4088590546,2001794,5011268882791
https://www.awin1.com/pclick.php?p=44969682962&a=3093907&m=30615,"6 Taças para Sobremesa em Vidro 330ml Vega",44969682962,14186,https://spicy.vteximg.com.br/arquivos/ids/235093_2,"Desenvolvida em vidro transparente de alta qualidade, esta taça é perfeita para o dia a dia ou ocasiões especiais. Seu design clássico combina elegância e um toque clean à mesa, sem agredir a decoração utilizada.",,309.00,"Spicy BR",30615,,,https://images2.productserve.com/?w=200&h=200&bg=white&trim=5&t=letterbox&url=ssl%3Aspicy.vteximg.com.br%2Farquivos%2Fids%2F235093_2&feedId=72009&k=724c40528616174c7d90a9deaefeb0b179106381,BRL,,,https://www.spicy.com.br/taca-para-sobremesa-em-vidro-330ml-vega/p?idsku=14186,,,BRL309.00,72009,,,,4089180012,2001874,7893220160257
https://www.awin1.com/pclick.php?p=36736113036&a=3093907&m=30615,"Assadeira Grill Modelo Wok em Aço 28cm Prana",36736113036,14189,https://spicy.vteximg.com.br/arquivos/ids/168316_2,"Com formato desenvolvido específico para o serviço, esta assadeira modelo Wok possui bordas altas que facilitam o movimento dos alimentos em seu interior, garantindo o preparo por igual. Perfeita para receitas como camarões grelhados com legumes, mix de frutos do mar, entre muitas outras. Produzida em aço de alta qualidade, conta com revestimento antiaderente especial para suportar altas temperaturas e evitar a aderência dos alimentos. Ficha técnica: • Código: 4089150002 • Marca: Prana • Modelo: Wok • Conteúdo da Embalagem: 1 Assadeira grill • Material: Aço • Peso: 710g • Dimensões: 8cm x 28cm x 34cm (AxLxP) • Garantia: 1 Ano",,169.00,"Spicy BR",30615,,,https://images2.productserve.com/?w=200&h=200&bg=white&trim=5&t=letterbox&url=ssl%3Aspicy.vteximg.com.br%2Farquivos%2Fids%2F168316_2&feedId=72009&k=82d64e136f531829b20913118a22d7f364c07df8,BRL,,,https://www.spicy.com.br/assadeira-grill-modelo-wok-em-aco-28cm-prana/p?idsku=14189,,,BRL169.00,72009,,,,4089150002,2001877,8768240076590
https://www.awin1.com/pclick.php?p=36581971892&a=3093907&m=30615,"Conjunto de 2 Facas para Queijo em Aço Inox Nuova WMF",36581971892,14195,https://spicy.vteximg.com.br/arquivos/ids/168347_2,"Diversifique e inove na hora de servir com os acessórios para mesa da Alemã WMF. Cada faca para queijo possui design imponente, exclusivo e moderno. Parte da linha Nuova, apresenta um novo conceito em talheres sofisticados para diversas ocasiões. Seus utensílios são fabricados em aço inox Cromargan, material exclusivo da marca que confere alta resistência e brilho intenso e durável, mesmo após o uso prolongado. Qualidade, tradição e praticidade para você.Ficha técnica:• Código: 4080011388• Marca: WMF • Modelo: Nuova• Conteúdo da Embalagem: 2 Facas para queijo• Material: Aço Inox• Peso: 400g• Dimensões: 2cm x 8cm x 27cm (AxLxP)• Garantia: 3 Meses - Contra defeito de fabricação",,429.00,"Spicy BR",30615,,,https://images2.productserve.com/?w=200&h=200&bg=white&trim=5&t=letterbox&url=ssl%3Aspicy.vteximg.com.br%2Farquivos%2Fids%2F168347_2&feedId=72009&k=a3c81763650970108a789ab9300290999e77ff45,BRL,,,https://www.spicy.com.br/conjunto-de-2-facas-para-queijo-em-aco-inox-nuova-wmf/p?idsku=14195,,,BRL429.00,72009,,,,4080011388,2001883,4000530689931
https://www.awin1.com/pclick.php?p=33152871921&a=3093907&m=30615,"Conjunto de 6 Facas em Aço Inox com Capa Colorida Zyliss",33152871921,14229,https://spicy.vteximg.com.br/arquivos/ids/168367_2,"Este conjunto conta com as principais e mais utilizadas facas do dia a dia. Cada peça possui cabo emborrachado que garante um manuseio confortável. Lâmina super afiada produzida em aço inox de alta qualidade que garante precisão de corte e tempo de vida útil prolongado à peça. Ofereça personalidade e praticidade à sua cozinha. Desenvolvida pela Suíça Zyliss, marca mundialmente reconhecida por seu portfólio atraente de utensílios e visão de antecipar mudanças e tendências do estilo de vida de seus consumidores. Ficha técnica: • Código: 4088590575 • Marca: Zyliss • Conteúdo da Embalagem: 6 Facas coloridas com capa • Especificações do produto: Faca preta - Faca do Chef: 33,5 cm (Comprimento) Faca roxa - Faca Santoku: 32 cm (Comprimento) Faca verde - Faca Utilitária: 26,5 cm (Comprimento) Faca vermelha - Faca Serrilhada: 21 cm (Comprimento) Faca laranja - Faca para Legumes: 20,5 cm (Comprimento) Faca amarela - Faca para Descascar: 18,5 cm (Comprimento) • Material: Cabo emborrachado e Lâmina em aço inox • Cor: Sortida • Peso: 1,9kg • Dimensões: 6cm x 18cm x 36cm (AxLxP) • Garantia: 2 anos",,349.00,"Spicy BR",30615,,,https://images2.productserve.com/?w=200&h=200&bg=white&trim=5&t=letterbox&url=ssl%3Aspicy.vteximg.com.br%2Farquivos%2Fids%2F168367_2&feedId=72009&k=c6ee2de6188243770ff2ffcaffa6c36abe0e279f,BRL,,,https://www.spicy.com.br/conjunto-de-6-facas-em-aco-inox-com-capa-colorida-zyliss/p?idsku=14229,,,BRL349.00,72009,,,,4088590575,2001917,0054067201443
https://www.awin1.com/pclick.php?p=42731220389&a=3093907&m=30615,"Frigideira para Ovo em Alumínio 16cm Neoflam Vermelha",42731220389,14261,https://spicy.vteximg.com.br/arquivos/ids/168483_2,"Desenvolvida em alumínio injetado com revestimento ecolon livre de PFOA e PTFE, que não agride a saúde e ao meio ambiente, esta frigideira possui anti-aderente altamente resistente, elegante design de base Crop Circle patenteado pela marca e apenas 1/3 do peso em relação ao ferro fundido. Perfeita para preparar ovos e outros alimentos em pequenas quantidades. Produzida pela Coreana Neoflam, empresa de utensÍlios culinários internacionalmente reconhecida como fabricante de produtos inovadores, que tornam a vida diária da cozinha produtiva e segura, seguindo políticas rígidas de proteção ao meio-ambiente, e utilizando materiais livres de elementos nocivos à saúde do corpo. Ficha técnica: • Código: 4089300004 • Marca: Neoflam • Conteúdo da Embalagem: 1 Frigideira • Especificações do produto: Não recomendamos a utilização deste produto em equipamentos por indução • Material: Alumínio • Cor: Vermelho • Peso: 370g • Dimensões: 8,5cm x 17cm x 27cm (AxLxP) • Garantia: 3 Meses - Contra defeito de fabricação • Certificado Número BRA17/02823 - Produto possui certificação de segurança compulsória, certificado pelo SGS do Brasil, organismo acreditado pela CGCRE do Inmetro",,229.00,"Spicy BR",30615,,,https://images2.productserve.com/?w=200&h=200&bg=white&trim=5&t=letterbox&url=ssl%3Aspicy.vteximg.com.br%2Farquivos%2Fids%2F168483_2&feedId=72009&k=72fdb74ad417ae05b4efad0167846c1903ce3ea8,BRL,,,https://www.spicy.com.br/frigideira-para-ovo-em-aluminio-16cm-neoflam-vermelha/p?idsku=14261,,,BRL229.00,72009,,,,4089300004,2001949,8809332230787
https://www.awin1.com/pclick.php?p=34286534343&a=3093907&m=30615,"Garrafa para Chantily em Alumínio 500ml Best Whip",34286534343,14278,https://spicy.vteximg.com.br/arquivos/ids/168531_2,"Prepare chantilys leves e sobremesas geladas de maneira rápida e fácil. Sua capacidade de 500ml possibilita o preparo de chantily para diversas receitas, ou se preferir, conserve-o na geladeira armazenado diretamente na garrafa por até 10 dias (alimentos de origem vegetal), e até 3 dias (alimentos de origem animal). Possui gatilho de fácil operação com dosagem exata e tampa em polietileno. Não recomendável para uso profissional. Ficha técnica: • Código: 4083860001 • Marca: Importado • Modelo: Best Whip • Conteúdo da Embalagem: 1 Garrafa para Chantily • Material: Alumínio • Capacidade: 500ml • Peso: 800g • Dimensões: 33cm x 9,5cm x 9,5cm (AxLxP) • Garantia: 3 Meses - Contra defeito de fabricação",,299.00,"Spicy BR",30615,,,https://images2.productserve.com/?w=200&h=200&bg=white&trim=5&t=letterbox&url=ssl%3Aspicy.vteximg.com.br%2Farquivos%2Fids%2F168531_2&feedId=72009&k=2255f451a80c7c86e8d828558f01f95bd5f9e328,BRL,,,https://www.spicy.com.br/garrafa-para-chantily-em-aluminio-500ml-best-whip/p?idsku=14278,,,BRL299.00,72009,,,,4083860001,2001966,0811490008724
https://www.awin1.com/pclick.php?p=35979066393&a=3093907&m=30615,"Gás para Garrafa de Chantily com 10 Ampolas Best Whip",35979066393,14279,https://spicy.vteximg.com.br/arquivos/ids/168532_2,"Desenvolvidas em aço revestido para utilização em garrafas para chantily, este conjunto é composto por 10 ampolas descartáveis com capacidade para o preparo de até meio litro de chantily (cada). Mantenha em lugar fresco e seco. Ficha técnica: • Código: 4083860002 • Marca: Importado • Modelo: Best Whip • Conteúdo da Embalagem: 1 Gás para garrafa com 10 ampolas • Material: Aço • Peso: 300g • Dimensões: 7cm x 3,5cm x 3,5cm (AxLxP) • Garantia: 3 Meses - Contra defeito de fabricação",,29.90,"Spicy BR",30615,,,https://images2.productserve.com/?w=200&h=200&bg=white&trim=5&t=letterbox&url=ssl%3Aspicy.vteximg.com.br%2Farquivos%2Fids%2F168532_2&feedId=72009&k=15735ecf6acf0a2266a084d1bc91c7165c9c6a40,BRL,,,https://www.spicy.com.br/gas-para-garrafa-de-chantily-com-10-ampolas-best-whip/p?idsku=14279,,,BRL29.90,72009,,,,4083860002,2001967,5999007605316
https://www.awin1.com/pclick.php?p=35629881038&a=3093907&m=30615,"Concha em Aço Inox 31cm Nuova WMF",35629881038,14292,https://spicy.vteximg.com.br/arquivos/ids/168658_2,"A concha é um utensílio ideal para servir sopas, feijão e muitos outros pratos. Parte da linha Nuova, apresenta um novo conceito em talheres sofisticados para diversas ocasiões. Seus utensílios são fabricados em aço inox Cromargan, material exclusivo da marca que confere alta resistência e brilho intenso e durável, mesmo após o uso prolongado. Qualidade, tradição e praticidade para você. Ficha técnica: • Código: 4080011394 • Marca: WMF • Modelo: Nuova • Conteúdo da Embalagem: 1 Concha • Material: Aço inox • Peso: 210g • Dimensões: 7cm x 9cm x 31cm (AxLxP) • Garantia: 2 Anos",,379.00,"Spicy BR",30615,,,https://images2.productserve.com/?w=200&h=200&bg=white&trim=5&t=letterbox&url=ssl%3Aspicy.vteximg.com.br%2Farquivos%2Fids%2F168658_2&feedId=72009&k=21220e7467c47e8d6bf1811b80a44919ae6cd3c1,BRL,,,https://www.spicy.com.br/concha-em-aco-inox-31cm-nuova-wmf/p?idsku=14292,,,BRL379.00,72009,,,,4080011394,2001980,4000530679772
https://www.awin1.com/pclick.php?p=35322249615&a=3093907&m=30615,"Conjunto de 6 Garfos para Aperitivo em Inox Nova WMF",35322249615,14298,https://spicy.vteximg.com.br/arquivos/ids/168686_2,"Desenvolvido com o exclusivo aço inox Cromargan e excelente acabamento polido pela Alemã WMF, o conjunto possui os garfos perfeitos para servir seus petiscos em grande estilo. Design clássico e formato diferenciado para o serviço. O aço inox Cromargan utilizado na produção das peças oferece alta resistência a riscos, mesmo após o uso prolongado. Parte da linha Nuova, apresenta um novo conceito em talheres sofisticados para diversas ocasiões. Ficha técnica: • Código: 4080011400 • Marca: WMF • Modelo: Nova • Conteúdo da Embalagem: 6 Garfos • Material: Inox • Peso: 83g • Dimensões: 2cm x 6cm x 14cm (AxLxP) • Garantia: 3 Meses - Contra defeito de fabricação",,329.00,"Spicy BR",30615,,,https://images2.productserve.com/?w=200&h=200&bg=white&trim=5&t=letterbox&url=ssl%3Aspicy.vteximg.com.br%2Farquivos%2Fids%2F168686_2&feedId=72009&k=e2baacd46116e917f6ed6cb3186802ebccf9094a,BRL,,,https://www.spicy.com.br/conjunto-de-6-garfos-para-aperitivo-em-inox-nova-wmf/p?idsku=14298,,,BRL329.00,72009,,,,4080011400,2001986,4000530677051
https://www.awin1.com/pclick.php?p=35040088815&a=3093907&m=30615,"Colher para Pasta em Aço Inox 31cm Nuova WMF",35040088815,14301,https://spicy.vteximg.com.br/arquivos/ids/168689_2,"Sua mesa ficará muito mais elegante e charmosa com esta incrível colher para pasta. Diversifique e inove na hora de servir com os acessórios perfeitos da Alemã WMF. A linha Nuova apresenta um novo conceito em talheres sofisticados para diversas ocasiões graças ao design atraente e atemporal. Cada utensílio é fabricado em aço inox Cromargan, material exclusivo da marca que confere alta resistência e brilho intenso e durável, mesmo após o uso prolongado. Ficha técnica: • Código: 4080011403 • Marca: WMF • Modelo: Nuova • Conteúdo da Embalagem: 1 Colher • Material: Aço inox • Peso: 160g • Dimensões: 4cm x 7,5cm x 31cm (AxLxP) • Garantia: 2 Anos",,329.00,"Spicy BR",30615,,,https://images2.productserve.com/?w=200&h=200&bg=white&trim=5&t=letterbox&url=ssl%3Aspicy.vteximg.com.br%2Farquivos%2Fids%2F168689_2&feedId=72009&k=dfc9ecdc8c4ee39376b7b489b916c6bd6f5a7b59,BRL,,,https://www.spicy.com.br/colher-para-pasta-em-aco-inox-31cm-nuova-wmf/p?idsku=14301,,,BRL329.00,72009,,,,4080011403,2001989,4000530679796
https://www.awin1.com/pclick.php?p=33353551333&a=3093907&m=30615,"Capa para Churrasqueira Summit Weber",33353551333,14335,https://spicy.vteximg.com.br/arquivos/ids/206356_2,"Especialmente para proteger sua churrasqueira SUMMIT esta capa em vinil é resistente e tem design neutro, ideal para manter sua churrasqueira longe das ações do tempo e da sujeira. Fabricada pela Americana Weber é um item indispensável para quem deseja maior durabilidade. Ficha técnica: • Código: 4082070201 • Marca: Weber • Modelo: Summit • Conteúdo da Embalagem: 1 Capa • Material: Vinil • Cor: Preto • Peso: 1,500kg • Dimensões: 7,5cm x 18cm x 25cm (AxLxP) • Garantia: 2 Anos",,1290.00,"Spicy BR",30615,,,https://images2.productserve.com/?w=200&h=200&bg=white&trim=5&t=letterbox&url=ssl%3Aspicy.vteximg.com.br%2Farquivos%2Fids%2F206356_2&feedId=72009&k=e1a4fb5cbd6394290b96e9a482f130938ffa4275,BRL,,,https://www.spicy.com.br/capa-para-churrasqueira-summit-weber/p?idsku=14335,,,BRL1290.00,72009,,,,4082070201,2002023,77924041754
https://www.awin1.com/pclick.php?p=45408353779&a=3093907&m=30615,"Capa para Churrasqueira Compact Original Kettle Weber",45408353779,14336,https://spicy.vteximg.com.br/arquivos/ids/206357_2,"Especialmente para proteger sua churrasqueira COMPACT ORIGINAL KETTLE esta capa em vinil é resistente e tem design neutro, ideal para manter sua churrasqueira longe das ações do tempo e da sujeira. Fabricada pela Americana Weber é um item indispensável para quem deseja maior durabilidade. Ficha técnica: • Código: 4082070204 • Marca: Weber • Modelo: Kettle • Conteúdo da Embalagem: 1 Capa para churrasqueira • Material: Vinil • Peso: 540g • Dimensões: 58,5cm x 72,5cm x 91cm (AxLxP) • Garantia: 2 Anos",,299.00,"Spicy BR",30615,,,https://images2.productserve.com/?w=200&h=200&bg=white&trim=5&t=letterbox&url=ssl%3Aspicy.vteximg.com.br%2Farquivos%2Fids%2F206357_2&feedId=72009&k=3e8718416c21368708890464972369ff782ef29c,BRL,,,https://www.spicy.com.br/capa-para-churrasqueira-compact-original-kettle-weber/p?idsku=14336,,,BRL299.00,72009,,,,4082070204,2002024,0077924048159
https://www.awin1.com/pclick.php?p=44499580058&a=3093907&m=30615,"Lixeira em Aço Inox Touch Bin 40 Litros Brabantia",44499580058,14398,https://spicy.vteximg.com.br/arquivos/ids/168862_2,"A lixeira com sistema de abertura ""Soft Touch"", possui design slim com a parte de trás reta especialmente projetada para ser utilizada encostada contra a parede, na lateral de bancadas e até mesmo gabinetes. Ainda conta com tampa em aço inoxidável e balde interno de plástico removível, facilitando a limpeza do produto. Fabricada pela Holandesa Brabantia, marca com mais de 90 anos de tradição, reconhecida internacionalmente pela inovação e qualidade de seus produtos. Ficha técnica: • Código: 4081301036 • Marca: Brabantia • Modelo: Touch Bin • Conteúdo da Embalagem: 1 Lixeira • Material: Aço Inox e plástico • Capacidade: 40 Litros • Peso: 6,300kg • Dimensões: 76cm x 32,5cm x 46,5cm (AxLxP) • Garantia: 10 Anos",,2399.00,"Spicy BR",30615,,,https://images2.productserve.com/?w=200&h=200&bg=white&trim=5&t=letterbox&url=ssl%3Aspicy.vteximg.com.br%2Farquivos%2Fids%2F168862_2&feedId=72009&k=88a678cd1a953724e8b10bfbbd8ee7ad6fad2d96,BRL,,,https://www.spicy.com.br/lixeira-em-aco-inox-touch-bin-40-litros-brabantia/p?idsku=14398,,,BRL2399.00,72009,,,,4081301036,2002086,8710755112881
https://www.awin1.com/pclick.php?p=44726366040&a=3093907&m=30615,"Lixeira em Aço 5 Litros New Icon Brabantia Branca",44726366040,14400,https://spicy.vteximg.com.br/arquivos/ids/222755_2,"Uma combinação perfeita de praticidade e requinte para sua casa ou escritório, esta lixeira com pedal em aço inox de fácil higienização e extremamente resistente a corrosão. Com design atemporal, sofisticado, com fechamento suave e silencioso e operação de pedal que facilita o manuseio. Possui fechamento anti odores, tampa com sistema soft close e balde interior removível. Sua base antiderrapante protege o piso evitando riscos. Fabricada pela Holandesa Brabantia, marca com mais de 90 anos de tradição, reconhecida internacionalmente pela inovação e qualidade de seus produtos. Ficha técnica: • Código: 4081301038 • Marca: Brabantia • Modelo: New Icon • Conteúdo da Embalagem: 1 Lixeira • Material: Aço • Capacidade: 5 Litros • Cor: Branco • Peso: 1,010kg • Dimensões: 29,1cm x 20,5cm x 27,2cm (AxLxP) • Garantia: 10 Anos",,429.00,"Spicy BR",30615,,,https://images2.productserve.com/?w=200&h=200&bg=white&trim=5&t=letterbox&url=ssl%3Aspicy.vteximg.com.br%2Farquivos%2Fids%2F222755_2&feedId=72009&k=67641a9df0b03598665dcd168b5d80f01e0ee2f3,BRL,,,https://www.spicy.com.br/lixeira-em-aco-inox-5-litros-new-icon-brabantia-branca/p?idsku=14400,,,BRL429.00,72009,,,,4081301038,2002088,8710755112065
https://www.awin1.com/pclick.php?p=33152871905&a=3093907&m=30615,"Lixeira em Aço 5 Litros New Icon Brabantia Preta",33152871905,14402,https://spicy.vteximg.com.br/arquivos/ids/168869_2,"Uma combinação perfeita de praticidade e requinte para sua casa ou escritório, esta lixeira com pedal em aço inox de fácil higienização e extremamente resistente a corrosão. Com design atemporal, sofisticado, com fechamento suave e silencioso e operação de pedal que facilita o manuseio. Possui fechamento anti odores, tampa com sistema soft close e balde interior removível. Sua base antiderrapante protege o piso evitando riscos. Fabricada pela Holandesa Brabantia, marca com mais de 90 anos de tradição, reconhecida internacionalmente pela inovação e qualidade de seus produtos. Ficha técnica: • Código: 4081301040 • Marca: Brabantia • Modelo: New Icon • Conteúdo da Embalagem: 1 Lixeira • Material: Aço • Capacidade: 5 Litros • Cor: Preto • Peso: 1,010kg • Dimensões: 29,1cm x 20,5cm x 27,2cm (AxLxP) • Garantia: 10 Anos",,429.00,"Spicy BR",30615,,,https://images2.productserve.com/?w=200&h=200&bg=white&trim=5&t=letterbox&url=ssl%3Aspicy.vteximg.com.br%2Farquivos%2Fids%2F168869_2&feedId=72009&k=ecf6b4f3a27ce1fa52ba91a79d5c5205bef5be17,BRL,,,https://www.spicy.com.br/lixeira-em-aco-inox-5-litros-new-icon-brabantia-preta/p?idsku=14402,,,BRL429.00,72009,,,,4081301040,2002090,8710755112928
https://www.awin1.com/pclick.php?p=33353551335&a=3093907&m=30615,"Lixeira em Aço 12 Litros New Icon Brabantia Branca",33353551335,14404,https://spicy.vteximg.com.br/arquivos/ids/168871_2,"Uma combinação perfeita de praticidade e requinte para sua casa ou escritório, esta lixeira com pedal em aço inox de fácil higienização e extremamente resistente a corrosão. Com design atemporal, sofisticado, com fechamento suave e silencioso e operação de pedal que facilita o manuseio. Possui fechamento anti odores, tampa com sistema soft close e balde interior removível. Sua base antiderrapante protege o piso evitando riscos. Fabricada pela Holandesa Brabantia, marca com mais de 90 anos de tradição, reconhecida internacionalmente pela inovação e qualidade de seus produtos. Ficha técnica: • Código: 4081301042 • Marca: Brabantia • Modelo: New Icon • Conteúdo da Embalagem: 1 Lixeira • Material: Aço • Capacidade: 12 Litros • Cor: Branco • Peso: 2,085kg • Dimensões: 41,1cm x 25,1cm x 33,8cm (AxLxP) • Garantia: 10 Anos",,659.00,"Spicy BR",30615,,,https://images2.productserve.com/?w=200&h=200&bg=white&trim=5&t=letterbox&url=ssl%3Aspicy.vteximg.com.br%2Farquivos%2Fids%2F168871_2&feedId=72009&k=ddcd4388989affcb0ace58ed15b47158ed093d72,BRL,,,https://www.spicy.com.br/lixeira-em-aco-inox-12-litros-new-icon-brabantia-branca/p?idsku=14404,,,BRL659.00,72009,,,,4081301042,2002092,8710755111969
https://www.awin1.com/pclick.php?p=44780591946&a=3093907&m=30615,"Lixeira em Aço 12 Litros New Icon Brabantia Preto",44780591946,14406,https://spicy.vteximg.com.br/arquivos/ids/168881_2,"Uma combinação perfeita de praticidade e requinte para sua casa, esta lixeira com pedal em aço inox de fácil higienização e extremamente resistente a corrosão. Com design atemporal, sofisticado, com fechamento suave e silencioso e operação de pedal que facilita o manuseio. Possui fechamento anti odores, tampa com sistema soft close e balde interior removível. Sua base antiderrapante protege o piso evitando riscos. Fabricada pela Holandesa Brabantia, marca com mais de 90 anos de tradição, reconhecida internacionalmente pela inovação e qualidade de seus produtos. Ficha técnica: • Código: 4081301044 • Marca: Brabantia • Modelo: New Icon • Conteúdo da Embalagem: 1 Lixeira • Material: Aço • Capacidade: 12 Litros • Cor: Preto • Peso: 2,085kg • Dimensões: 41,1cm x 25,1cm x 33,8cm (AxLxP) • Garantia: 10 Anos",,659.00,"Spicy BR",30615,,,https://images2.productserve.com/?w=200&h=200&bg=white&trim=5&t=letterbox&url=ssl%3Aspicy.vteximg.com.br%2Farquivos%2Fids%2F168881_2&feedId=72009&k=db15866f6bd6dce1483556adb85a6e52ed01e8d3,BRL,,,https://www.spicy.com.br/lixeira-em-aco-inox-12-litros-new-icon-brabantia-preto/p?idsku=14406,,,BRL659.00,72009,,,,4081301044,2002094,8710755113741
https://www.awin1.com/pclick.php?p=41951057727&a=3093907&m=30615,"Saleiro em Madeira 8cm Kenya",41951057727,14506,https://spicy.vteximg.com.br/arquivos/ids/169217_2,"Produzido em madeira de alta qualidade que preserva as essências naturais, este saleiro é perfeito para armazenar o sal de maneira prática, segura mantendo a especiaria sempre fresca, além de deixar sua cozinha muito mais sofisticada com um toque rústico. Com design moderno e compacto, adapta-se à todo tipo de ambiente, ideal para ir à mesa. Desenvolvido pela brasileira Kenya, marca com sinônimo de bom gosto e diversidade, oferecendo produtos alinhados as últimas tendências do mercado. Ficha técnica: • Código: 4081660084 • Marca: Kenya • Conteúdo da Embalagem: 1 Saleiro • Material: Madeira • Peso: 200g • Dimensões: 8cm x 9,5cm x 9,5cm (AxLxP) • Garantia: 3 Meses - Contra defeito de fabricação",,29.90,"Spicy BR",30615,,,https://images2.productserve.com/?w=200&h=200&bg=white&trim=5&t=letterbox&url=ssl%3Aspicy.vteximg.com.br%2Farquivos%2Fids%2F169217_2&feedId=72009&k=606ad7c94dea49ad7949d815cb783b93c23a228c,BRL,,,https://www.spicy.com.br/saleiro-em-madeira-8cm-kenya/p?idsku=14506,,,BRL29.90,72009,,,,4081660084,2002211,7899100671646
https://www.awin1.com/pclick.php?p=37881698359&a=3093907&m=30615,"Fondue Inox e Cerâmica 11 Peças 1,5 Litros 2 em 1",37881698359,14511,https://spicy.vteximg.com.br/arquivos/ids/236469_2,"O Aparelho de Fondue em Inox com Panela Dupla é uma nova maneira de desfrutar do prato suíço clássico. Adicione queijos, carnes, legumes ou pães juntamente com sabores adicionais como alho, vinho branco e ervas para um sabor único e delicioso. O Fondue em Inox serve até 5 pessoas e pode ser apreciado com uma variedade de itens para mergulhar, tornando-o um prato perfeito para uma noite aconchegante entre amigos ou familiares nos dias mais frios, elevando sua experiência de fondue. Especificações do Produto: • Ideal para fondue salgado ou doce, proporcionando uma experiência memorável ao redor da mesa • O fondue é composto por duas panelas de materiais distintos: 1 em inox e 1 em porcelana • Acompanha 5 garfos com cores sortidas nas ponteiras • Design clássico e sofisticado, se harmoniza com diversos tipos de decoração • Compacto, pode ser levado para qualquer lugar • Combustão por queimador com tampa para interromper o fogo, que acompanha o produto • Fácil higienização e armazenamento Ficha Técnica: • Código: 4089180017 • Conteúdo da Embalagem: 1 Panela em Porcelana, 1 Panela em Inox, 1 Base, 1 Separador de garfos, 5 Garfos, 1 Queimador com 1 Tampa • Material: Porcelana e Aço Inox • Peso: 300g • Dimensões: 22cm x 22cm x 10cm (AxLxP) • Garantia: 3 Meses (Contra defeito de fabricação)",,399.00,"Spicy BR",30615,,,https://images2.productserve.com/?w=200&h=200&bg=white&trim=5&t=letterbox&url=ssl%3Aspicy.vteximg.com.br%2Farquivos%2Fids%2F236469_2&feedId=72009&k=8b0313e8700522463cbb977a4e6f678a9ed7b077,BRL,,,https://www.spicy.com.br/fondue-inox-e-ceramica-11-pecas-15-litros-2-em-1/p?idsku=14511,,,BRL399.00,72009,,,,4089180017,2002222,7893220045066
https://www.awin1.com/pclick.php?p=35576616656&a=3093907&m=30615,"Conjunto de 4 Taças para Licor Digestive 135ml Spiegelau",35576616656,14628,https://spicy.vteximg.com.br/arquivos/ids/228082_2,"Desenvolvidas com o exclusivo vidro platinum cristalino, onde proporciona beleza única, transparência semelhante ao cristal e durabilidade, a linha de taças licor da Spiegelau são ótimas opções para o uso diário. Sirva amigos e convidados com muito mais requinte e encante à todos. Com 500 anos de tradição na produção de vidro de alta qualidade, a Spiegelau consegue proporcionar uma ampla gama de taças para vinho que apresentam simultaneamente uma lindíssima estética e uma incontestável durabilidade. Ficha técnica: • Código: 4080120224 • Marca: Spiegelau • Modelo: Digestive • Conteúdo da Embalagem: 4 Taças para licor • Material: Vidro • Capacidade: 135ml • Cor: Transparente • Peso: 520g • Dimensões: 19,5cm x 5,8cm x 5,8cm (AxLxP) • Garantia: 3 Meses - Contra defeito de fabricação",,399.00,"Spicy BR",30615,,,https://images2.productserve.com/?w=200&h=200&bg=white&trim=5&t=letterbox&url=ssl%3Aspicy.vteximg.com.br%2Farquivos%2Fids%2F228082_2&feedId=72009&k=9699c43f5f294c47067795fec4aab436f716604a,BRL,,,https://www.spicy.com.br/conjunto-de-4-tacas-para-licor-digestive-135ml-spiegelau/p?idsku=14628,,,BRL399.00,72009,,,,4080120224,2002235,4003322242611
https://www.awin1.com/pclick.php?p=33152871531&a=3093907&m=30615,"Conjunto de 2 Taças para Champagne 330ml Heart to Heart Riedel",33152871531,14584,https://spicy.vteximg.com.br/arquivos/ids/204438_2,"A taça de champanhe da série Heart to Heart é feito a partir do cristal fino e delicado e impressiona com o seu design revolucionário para uma experiência única e prazerosa ao beber champanhe. Consideradas por especialistas, as melhores taças do mundo, as taças Riedel são fabricadas na Áustria, há mais de 250 anos pela família Riedel. Com borda delicada, o vidro produzido é composto sem chumbo com acabamento inigualável, leveza e excelente resistência. Toda a coleção de Riedel surge de oficinas sensoriais projetadas para envolver todos os sentidos. Ficha técnica: • Código: 4088190173 • Marca: Riedel • Modelo: Heart to Heart • Conteúdo da Embalagem: 2 Taças • Material: Cristal • Capacidade: 330ml cada taça • Peso: 300g • Dimensões: 24,5cm x 7,2cm x 7,2cm (AxLxP) • Garantia: 3 Meses - Contra defeito de fabricação",,499.00,"Spicy BR",30615,,,https://images2.productserve.com/?w=200&h=200&bg=white&trim=5&t=letterbox&url=ssl%3Aspicy.vteximg.com.br%2Farquivos%2Fids%2F204438_2&feedId=72009&k=da5497b5932e8f157ad407abf20424f4308fb10a,BRL,,,https://www.spicy.com.br/conjunto-de-2-tacas-para-champagne-330ml-heart-to-heart-riedel/p?idsku=14584,,,BRL499.00,72009,,,,4088190173,2002276,9006206516384
https://www.awin1.com/pclick.php?p=33152871991&a=3093907&m=30615,"2 Taças para Vinho Pinot Noir 770ml Heart to Heart Riedel",33152871991,14585,https://spicy.vteximg.com.br/arquivos/ids/176580_2,"A taça vinho Pinot Noir da série Heart to Heart é feito a partir do cristal fino e delicado. Impressiona com o seu design revolucionário para uma experiência única e prazerosa ao beber vinho. Consideradas por especialistas, as melhores taças do mundo, as taças Riedel são fabricadas na Áustria, há mais de 250 anos pela família Riedel. Com borda delicada, o vidro produzido é composto sem chumbo, com acabamento inigualável, leveza e excelente resistência. Toda a coleção de Riedel surge de oficinas sensoriais projetadas para envolver todos os sentidos. Ficha técnica: • Código: 4088190174 • Marca: Riedel • Modelo: Pinot Noir • Conteúdo da Embalagem: 2 Taças • Material: Cristal • Capacidade: 770ml cada taça • Peso: 424g • Dimensões: 24,3cm x 11,4cm x 11,4cm (AxLxP) • Garantia: 3 Meses - Contra defeito de fabricação",,499.00,"Spicy BR",30615,,,https://images2.productserve.com/?w=200&h=200&bg=white&trim=5&t=letterbox&url=ssl%3Aspicy.vteximg.com.br%2Farquivos%2Fids%2F176580_2&feedId=72009&k=fe1e5a2e11138f8b071817059dc93a3adc3b0e7f,BRL,,,https://www.spicy.com.br/conjunto-de-2-tacas-para-vinho-pinot-noir-770ml-heart-to-heart-riedel/p?idsku=14585,,,BRL499.00,72009,,,,4088190174,2002277,9006206516353
https://www.awin1.com/pclick.php?p=33152871955&a=3093907&m=30615,"2 Taças para Vinho Riesling Heart to Heart 460ml Riedel",33152871955,14598,https://spicy.vteximg.com.br/arquivos/ids/176579_2,"A taça de vinho Riesling da série Heart to Heart é feito a partir do cristal fino e delicado, impressiona com o seu design revolucionário para uma experiência única e prazerosa ao beber vinho. Consideradas por especialistas, as melhores taças do mundo, as taças Riedel são fabricadas na Áustria, há mais de 250 anos pela família Riedel. Com borda delicada o vidro produzido é composto sem chumbo, com acabamento inigualável, leveza e excelente resistência. Toda a coleção de Riedel surge de oficinas sensoriais projetadas para envolver todos os sentidos. Ficha técnica: • Código: 4088190175 • Marca: Riedel • Modelo: Riesling • Conteúdo da Embalagem: 2 Taças • Material: Cristal • Capacidade: 460ml cada taça • Peso: 358g • Dimensões: 24cm x 8,7cm x 8,7cm (AxLxP) • Garantia: 3 Meses - Contra defeito de fabricação",,499.00,"Spicy BR",30615,,,https://images2.productserve.com/?w=200&h=200&bg=white&trim=5&t=letterbox&url=ssl%3Aspicy.vteximg.com.br%2Farquivos%2Fids%2F176579_2&feedId=72009&k=ca127493039ab25d2aa07d9b118620e500a5b682,BRL,,,https://www.spicy.com.br/conjunto-de-2-tacas-para-vinho-riesling-heart-to-heart-460ml-riedel/p?idsku=14598,,,BRL499.00,72009,,,,4088190175,2002278,9006206516360
https://www.awin1.com/pclick.php?p=33152871951&a=3093907&m=30615,"Conjunto de 2 Acessórios para Ovo Poché em Silicone 10cm OXO Amarelo",33152871951,14612,https://spicy.vteximg.com.br/arquivos/ids/169244_2,"Que tal preparar um delicioso ovo poché em casa de forma rápida? Projetado especialmente para o preparo manual, esse acessório irá facilitar o trabalho na cozinha. Desenvolvido em silicone resistente, é perfeito para o preparo de ovos poché. Posicione na panela com a parte dos furos para baixo, encha de água até o meio, e coloque para ferver. O silicone acumula os ovos enquanto o formato do funil os guia na água para evitar que a gema se rompa. Seus orifícios otimizam o fluxo de água em torno dos ovos para cozinhar. Quando estiverem prontos, use a aba localizada na parte superior para remover com segurança. Depois é só retirar o ovo com uma espátula e está pronto! Tempo de cozedura sugerido para ovos poché: ovos médios -entre 3:00 e 3:30 minutos; ovos grandes -entre 3:15 e 3:45 minutos; ovos XL -entre as 3:30 e as 4:00 minutos; ovos Jumbo -entre 4:00 e 4:30 minutos. Fabricado pela Americana OXO, mundialmente reconhecida por buscar o conceito de design inovador e alta qualidade. Ficha técnica: • Código: 4080570631 • Marca: OXO • Conteúdo da Embalagem: 2 Acessórios para ovo • Material: Silicone • Cor: Amarelo • Peso: 90g • Dimensões: 10cm x 9cm x 10cm (AxLxP) • Garantia: 3 Meses - Contra defeito de fabricação",,129.00,"Spicy BR",30615,,,https://images2.productserve.com/?w=200&h=200&bg=white&trim=5&t=letterbox&url=ssl%3Aspicy.vteximg.com.br%2Farquivos%2Fids%2F169244_2&feedId=72009&k=367152f0e6deca98055667330dba091b2603d179,BRL,,,https://www.spicy.com.br/conjunto-de-2-acessorios-para-ovo-poche-em-silicone-10cm-oxo-amarelo/p?idsku=14612,,,BRL129.00,72009,,,,4080570631,2002303,719812682259
https://www.awin1.com/pclick.php?p=33152871949&a=3093907&m=30615,"Picador para Vegetais em Aço Inox OXO Branco",33152871949,14614,https://spicy.vteximg.com.br/arquivos/ids/169264_2,"Excelente picador de vegetais com design funcional, pode cortar cebolas, pimentas, e muito mais, tudo com um movimento muito fácil. Depois de picado, você pode despejar suas frutas ou vegetais sem remover a tampa, devido ao reservatório que serve para armazenar o alimento sem desperdício. Sua lâmina de aço inoxidável e a área de corte embutida mantêm o alimento no lugar enquanto a tampa é usada para efetuar o corte. Indispensável para facilitar as tarefas da cozinha. Desenvolvido pela Americana OXO, reconhecida mundialmente por buscar conceito de design inovador e qualidade, oferecendo produtos práticos, fáceis de manipular e que atendam as necessidade de seus consumidores. Ficha técnica: • Código: 4080570642 • Marca: OXO • Conteúdo da Embalagem: 1 Picador • Material: Aço inox • Cor: Branco • Peso: 540g • Dimensões: 13cm x 21cm x 10cm (AxLxP) • Garantia: 3 Meses - Contra defeito de fabricação",,289.00,"Spicy BR",30615,,,https://images2.productserve.com/?w=200&h=200&bg=white&trim=5&t=letterbox&url=ssl%3Aspicy.vteximg.com.br%2Farquivos%2Fids%2F169264_2&feedId=72009&k=c91d22ffb715dee27c0829dd8710d4ed32434599,BRL,,,https://www.spicy.com.br/picador-para-vegetais-em-aco-inox-oxo-branco/p?idsku=14614,,,BRL289.00,72009,,,,4080570642,2002305,719812042275
https://www.awin1.com/pclick.php?p=33152871547&a=3093907&m=30615,"Garrafa para Azeite em Vidro 250ml Imeltron",33152871547,14659,https://spicy.vteximg.com.br/arquivos/ids/169518_2,"Fabricada pela italiana Imeltron, esta garrafa produzida em vidro de alta qualidade é ideal para servir à mesa. Com design moderno e sofisticado ainda conta com manuseio perfeito não deixando escorrer o líquido evitando o desperdício do alimento. Desenvolvida em vidro altamente resistente, possui bico em aço inox para maior durabilidade da peça, e encaixe em silicone. Perfeito para o dia a dia,ou ocasiões especiais. Ficha técnica: • Código: 4088090062 • Marca: Imeltron • Conteúdo da Embalagem: 1 Garrafa para azeite • Material: Vidro • Capacidade: 250ml • Cor: Transparente • Peso: 400g • Dimensões: 19,5cm x 7cm x 5cm (AxLxP) • Garantia: 3 Meses - Contra defeito de fabricação",,109.00,"Spicy BR",30615,,,https://images2.productserve.com/?w=200&h=200&bg=white&trim=5&t=letterbox&url=ssl%3Aspicy.vteximg.com.br%2Farquivos%2Fids%2F169518_2&feedId=72009&k=f01b282cdc06ce10a924d4fd15cd17838e6ca758,BRL,,,https://www.spicy.com.br/garrafa-para-azeite-em-vidro-250ml-imeltron/p?idsku=14659,,,BRL109.00,72009,,,,4088090062,2002345,0032622021392
https://www.awin1.com/pclick.php?p=44925674716&a=3093907&m=30615,"Máquina de Café Essenza Mini D30 127V Nespresso Vermelha",44925674716,14667,https://spicy.vteximg.com.br/arquivos/ids/242681_2,"Fabricada pela Suíça Nespresso, a Máquina de Café Essenza Mini possui reservatório de 600ml de águae sistema programável de desligamento. Extrai o melhor do sabor e do aroma do café. Ideal para expresso e lungos. As máquinas Nespresso foram desenvolvidas especialmente para revelar o melhor sabor e aroma do café que são apresentados em práticas e exclusivas cápsulas. Seu sistema de extração controla a pressão (que pode chegar até 19 bar) e a temperatura da água. Cada modelo propõe design moderno e compacto que se adapta a qualquer decoração, alta tecnologia e facilidade no uso. Ainda conta com 1200W de potência sendo ideal para qualquer hora do dia. Especificações do Produto • Botões Espresso e Lungo • Alavanca • Recipiente coletor para 5 a 6 cápsulas • Reservatório de água (600ml) e tampa • Base de gotejamento • Grade de gotejamento • Bandeja de gotejamento Ficha Técnica: • Código: 4088650126 • Marca: Nespresso • Modelo: Essenza Mini D30 • Conteúdo da Embalagem: 1 Máquina de Café • Material: Plástico e Metal • Voltagem: 127V • Potência: 1330W • Capacidade: 600ml • Cor: Vermelho • Peso: 2.300kg • Dimensões: 20,5cm x 11cm x 32,5cm (AxLxP) • Garantia: 1 Ano (Contra defeito de fabricação) • Certificação Inmetro TUV 22.0111 - OCP 0004",,599.00,"Spicy BR",30615,,,https://images2.productserve.com/?w=200&h=200&bg=white&trim=5&t=letterbox&url=ssl%3Aspicy.vteximg.com.br%2Farquivos%2Fids%2F242681_2&feedId=72009&k=d6d7446052d6a76c8bcb95ab6250597485153f02,BRL,,,https://www.spicy.com.br/maquina-de-cafe-essenza-mini-d30-127v-nespresso-vermelha/p?idsku=14667,,,BRL599.00,72009,,,,4088650125,2002353,7630039619534
https://www.awin1.com/pclick.php?p=43644922960&a=3093907&m=30615,"Balança Digital em Vidro WMF Preto",43644922960,14698,https://spicy.vteximg.com.br/arquivos/ids/169730_2,"Produzida pela Alemã WMF, essa balança digital possui medidas de quantidades que são a chave para cozinhar de forma precisa. Elegante e super plana, possui uma superfície de pesagem de vidro e uma tela digital que medem com precisão os ingredientes úmidos e secos com até 5 quilos, sua tela conta com visor prático e fácil de interpretar, suporta as medidas em: gramas e ml. As balanças também possuem um indicador de nível de bateria e desligam-se automaticamente quando não estão em uso. Ainda conta com um diferencial que permite que você pese todos os ingredientes separadamente ou juntos em uma tigela usando a função “tara”, excluindo o peso da tigela por exemplo.Medidas aproximadas do produto: 4,5cm de altura; 18cm de largura; 28cm de comprimento. Ficha técnica: • Código: 4080011409 • Marca: WMF • Conteúdo da Embalagem: 1 Balança digital • Material: Vidro • Cor: Preto • Peso: 0,615kg • Dimensões: 27,7cm x 18,1cm x 4,3cm (AxLxP) • Garantia: 3 Meses - Contra defeito de fabricação",,549.00,"Spicy BR",30615,,,https://images2.productserve.com/?w=200&h=200&bg=white&trim=5&t=letterbox&url=ssl%3Aspicy.vteximg.com.br%2Farquivos%2Fids%2F169730_2&feedId=72009&k=26f6dbee0c4d3485068805ed708c09a0f1f2eaeb,BRL,,,https://www.spicy.com.br/balanca-digital-em-vidro-wmf-preto/p?idsku=14698,,,BRL549.00,72009,,,,4080011409,2002385,4000530685803
https://www.awin1.com/pclick.php?p=43644922961&a=3093907&m=30615,"Conjunto de 2 Panelas de Pressão Perfect Pro em Aço Inox com Tampa de Indução WMF",43644922961,14701,https://spicy.vteximg.com.br/arquivos/ids/169738_2,"Este conjunto de panelas de pressão da WMF é composto por duas panelas, sendo uma de 4,5 litros e a outra de 3 litros, e uma tampa que se encaixa em ambas as panelas. Este conjunto é ideal para preparar feijão, carnes, legumes ou até mesmo fazer sopas, podendo escolher a melhor capacidade de acordo com a sua necessidade. Possui o exclusivo sistema composto por 5 válvulas e trava no cabo que garantem maior segurança. Produzida em aço inox Cromargan, material exclusivo da marca, que oferece maior resistência a riscos, mesmo após o uso prolongado, além de durabilidade e facilidade para higienizar. Ainda conta com sistema de funcionamento silencioso, e tecnologia Transtherm, que proporciona melhor distribuição de calor, reduzindo o tempo de preparo em até 70%. Projetada para utilizar em todos os tipos de fogões, incluindo indução. Ficha técnica: • Código: 4080011412 • Marca: WMF • Conteúdo da Embalagem: 2 Panelas •Especificações do produto: Pode ser usado em todas as fontes de calor, incluindo a indução • Material: Aço inox • Capacidade: 1 Panela de 4,5 litros e 1 panela de 3 litros • Peso: 5,277kg • Dimensões: 26cm x 27cm x 41,5m (AxLxP) • Garantia: 5 Anos",,2999.00,"Spicy BR",30615,,,https://images2.productserve.com/?w=200&h=200&bg=white&trim=5&t=letterbox&url=ssl%3Aspicy.vteximg.com.br%2Farquivos%2Fids%2F169738_2&feedId=72009&k=6c2bf95c2f9b1b9134c8292029b0fbc612826d3b,BRL,,,https://www.spicy.com.br/conjunto-de-2-panelas-de-pressao-em-aco-inox-com-tampa-perfect-pro-wmf/p?idsku=14701,,,BRL2999.00,72009,,,,4080011412,2002388,4000530579454
https://www.awin1.com/pclick.php?p=37061841502&a=3093907&m=30615,"Tesoura para Cozinha em Aço Inox WMF Preta",37061841502,14706,https://spicy.vteximg.com.br/arquivos/ids/169752_2,"Esta tesoura é perfeita para facilitar as tarefas do dia a dia. Se encante com a nova tesoura multifuncional para cozinha da WMF. Com design inteligente e alças confortáveis que proporcionam o corte eficiente sem o menor esforço. Além de uma tesoura que contém micro serras que mantém a lâmina posicionada ao alimento sem escorregar. Outro diferencial desta tesoura, é a possibilidade de abrir garrafas com extrema eficiência e rapidez e tampas de rosca. Ficha técnica: • Código: 4080011418 • Marca: WMF • Conteúdo da Embalagem: 1 Tesoura • Material: Aço inox • Cor: Preto • Peso: 170g • Dimensões: 2cm x 9cm x 20,5cm (AxLxP) • Garantia: 2 Anos",,299.00,"Spicy BR",30615,,,https://images2.productserve.com/?w=200&h=200&bg=white&trim=5&t=letterbox&url=ssl%3Aspicy.vteximg.com.br%2Farquivos%2Fids%2F169752_2&feedId=72009&k=35912bf2dcc65cd350ab746dd08b9c7faa64b01f,BRL,,,https://www.spicy.com.br/tesoura-para-cozinha-em-aco-inox-wmf-preta/p?idsku=14706,,,BRL299.00,72009,,,,4080011418,2002393,4000530578228
https://www.awin1.com/pclick.php?p=33152871943&a=3093907&m=30615,"Manteigueira em Polipropileno 20cm OXO Branco",33152871943,14712,https://spicy.vteximg.com.br/arquivos/ids/169713_2,"Esta manteigueira é perfeita para deixar sua mesa de café da manhã muito mais bonita e organizada. Seu design compacto se adapta perfeitamente aos demais acessórios utilizados, e a tampa veda o interior para conservar o sabor e aroma originais do alimento por muito mais tempo. Desenvolvida em plástico super resistente ainda conta com alça para transportar de forma mais segura. Garanta destaque e sofisticação à mesa com esta incrível manteigueira. Fabricada pela Americana OXO, mundialmente reconhecida por buscar o conceito de design inovador e alta qualidade. Ficha técnica: • Código: 4080570634 • Marca: OXO • Conteúdo da Embalagem: 1 Manteigueira • Material: Polipropileno • Peso: 204g • Dimensões: 6cm x 9cm x 20cm (AxLxP) • Garantia: 3 Meses - Contra defeito de fabricação",,129.00,"Spicy BR",30615,,,https://images2.productserve.com/?w=200&h=200&bg=white&trim=5&t=letterbox&url=ssl%3Aspicy.vteximg.com.br%2Farquivos%2Fids%2F169713_2&feedId=72009&k=d738cd035cb84fb7ed8847f989afd35caf261a44,BRL,,,https://www.spicy.com.br/manteigueira-em-polipropileno-20cm-oxo-branco/p?idsku=14712,,,BRL129.00,72009,,,,4080570634,2002399,719812049854
https://www.awin1.com/pclick.php?p=45324621679&a=3093907&m=30615,"Conjunto de 2 Moedores para Sal e Pimenta em Acrílico Maxwell & Williams",45324621679,14731,https://spicy.vteximg.com.br/arquivos/ids/169598_2,"Praticidade e facilidade de uso, com durabilidade e alta performance do material. Seus mecanismos de cerâmica destacam-se por evitar a corrosão do material, além de não cortar e não amassar: preservando nutrientes, sabores e aromas. Os moedores da Maxwell Williams são ideais para moer aquelas especiarias que darão um toque final na sua receita, garantindo pratos saborosos e com temperos na medida certa. Ideais para serem utilizados diretamente à mesa ou no preparo de seus pratos preferidos. Elegantes, funcionais e perfeitos para qualquer ocasião. Ficha técnica: • Código: 4080331378 • Marca: Maxwell Williams • Conteúdo da Embalagem: 2 Moedores • Especificações do produto: Lave os moedores a mão Não molhar o sistema de moagem, pois os materiais são porosos, podem reter água e estragar Para limpar, retire o sal e o excesso com um pincel Armazenar em um lugar seco Não utilizar produtos abrasivos na lavagem e lavar a mão • Material: Acrílico • Peso: 500g • Dimensões do produto: 14,5cm x 12,5cm x 6cm (AxLxP) • Garantia: 3 meses",,199.00,"Spicy BR",30615,,,https://images2.productserve.com/?w=200&h=200&bg=white&trim=5&t=letterbox&url=ssl%3Aspicy.vteximg.com.br%2Farquivos%2Fids%2F169598_2&feedId=72009&k=71425b3c29f8b68873b4e14b9f1f52688ed3df96,BRL,,,https://www.spicy.com.br/conjunto-de-2-moedores-para-sal-e-pimenta-em-acrilico-maxwell-williams/p?idsku=14731,,,BRL199.00,72009,,,,4080331378,2002418,9315121748450
https://www.awin1.com/pclick.php?p=33152872013&a=3093907&m=30615,"Pote Retangular para Ervas 2,7 Litros Greensaver OXO",33152872013,14774,https://spicy.vteximg.com.br/arquivos/ids/170294_2,"Mantenha suas ervas frescas por muito mais tempo, perfeito para alecrim, tomilho, hortelã e muito mais. As ervas precisam de fluxo de ar adequado, umidade controlada e hidratação, e os recipientes onde elas são guardadas simplesmente não fazem isso. Para evitar murchar e apodrecer, o Greensaver de ervas da Oxo possui 2,7 litros e segura as ervas longe das paredes laterais em sua cesta. A cesta possui alças para fácil remoção, e abre com dobradiça para proteger ervas enquanto você está adicionando e removendo-as. A adição de água na parte inferior do recipiente mantém suas ervas hidratadas. O Greensaver de ervas se encaixa perfeitamente nas prateleiras da geladeira, mas também são estreitos o suficiente para caber na maioria das portas de geladeiras. Fabricado pela Americana OXO, mundialmente reconhecida por buscar o conceito de design inovador e alta qualidade. Ficha técnica: • Código: 4080570651 • Marca: OXO • Modelo: Greensaver • Conteúdo da Embalagem: 1 Pote • Capacidade: 2,7 Litros • Peso: 390g • Dimensões: 23cm x 16cm x 13cm (AxLxP) • Garantia: 3 Meses - Contra defeito de fabricação",,119.00,"Spicy BR",30615,,,https://images2.productserve.com/?w=200&h=200&bg=white&trim=5&t=letterbox&url=ssl%3Aspicy.vteximg.com.br%2Farquivos%2Fids%2F170294_2&feedId=72009&k=e1ba7aa3a556b04617b25dc1414519a06d261bc6,BRL,,,https://www.spicy.com.br/pote-retangular-para-ervas-26-litros-greensaver-oxo/p?idsku=14774,,,BRL119.00,72009,,,,4080570651,2002458,719812682785
https://www.awin1.com/pclick.php?p=36080897665&a=3093907&m=30615,"Liquidificador Velocity Ultra Spb-650br 127V Cuisinart",36080897665,14771,https://spicy.vteximg.com.br/arquivos/ids/170263_2,"O liquidificador velocity Ultra da Cuisinart possui motor potente de 750W robusto e estável, jarra com capacidade de 1,5 litros produzida em Tritan R, super resistente e livre de BPA. Ainda conta com seletor eletrônico com múltiplas funções, incluindo indicador Luminoso LED azul que mostra a velocidade usada. Diversas velocidades, incluindo função pulsar e função pré-programadas para smoothies e triturar, com um só toque você pode programar para triturar o gelo em segundos. Possui base robusta, lâminas em aço inox e tampa com selo hermético que facilita a imersão de ingredientes, sem precisar tirar a tampa. Ficha técnica: • Código: 4081270803 • Marca: Cuisinart • Modelo: Spb-650br • Conteúdo da Embalagem: 1 Liquidificador • Material: Lâminas em aço inox e tampa com selo hermético • Voltagem: 127V • Peso: 3.100kg • Dimensões da embalagem: 39,5cm x 26cm x 18cm (AxLxP) • Garantia: 1 ano • Certificação Inmetro - Produto possui certificação de segurança compulsória, certificado pelo IFBQ, organismo acreditado pela CGCRE do Inmetro",,999.00,"Spicy BR",30615,,,https://images2.productserve.com/?w=200&h=200&bg=white&trim=5&t=letterbox&url=ssl%3Aspicy.vteximg.com.br%2Farquivos%2Fids%2F170263_2&feedId=72009&k=c13152237f3ca88c22eab6da2bdcb29eb8314b3b,BRL,,,https://www.spicy.com.br/liquidificador-velocity-ultra-spb-650br-127v-cuisinart/p?idsku=14771,,,BRL999.00,72009,,,,4081270803,2002461,86279135131
https://www.awin1.com/pclick.php?p=33353551345&a=3093907&m=30615,"Lixeira em Aço Inox New Touch Bin 30 Litros Brabantia",33353551345,14972,https://spicy.vteximg.com.br/arquivos/ids/171135_2,"Excelente lixeira touch bin desenvolvida pela holandesa Brabantia em aço inox possui design compacto e elegante se adapta a diversos ambientes. Sua tampa possui o sistema ""Soft Touch"" que abre e fecha com um simples toque. Prática, a lixeira conta com o balde interno removível produzida em polipropileno que facilita a limpeza do produto e suporte funcional localizada na parte traseira para trasporte. Brabantia marca com mais de 90 anos de tradição, reconhecida internacionalmente pela inovação e qualidade de seus produtos. Ficha técnica: • Código: 4081301092 • Marca: Brabantia • Modelo: New Touch Bin • Conteúdo da Embalagem: 1 Lixeira • Material: Aço Inox • Capacidade: 30 Litros • Peso: 3,699kg • Dimensões: 72cm x 32cm x 29,5cm (AxLxP) • Garantia: 10 Anos",,1999.00,"Spicy BR",30615,,,https://images2.productserve.com/?w=200&h=200&bg=white&trim=5&t=letterbox&url=ssl%3Aspicy.vteximg.com.br%2Farquivos%2Fids%2F171135_2&feedId=72009&k=dd3c277c624cb57abe4ab36e816db747800fb14c,BRL,,,https://www.spicy.com.br/lixeira-em-aco-inox-new-touch-bin-30-litros-brabantia/p?idsku=14972,,,BRL1999.00,72009,,,,4081301092,2002637,8710755115325
https://www.awin1.com/pclick.php?p=33353551347&a=3093907&m=30615,"Lixeira em Aço Inox Touch Bin 30 Litros Brabantia Preta",33353551347,14974,https://spicy.vteximg.com.br/arquivos/ids/171107_2,"Excelente lixeira touch bin desenvolvida pela holandesa Brabantia em aço inox possui design compacto e elegante se adapta a diversos ambientes. Sua tampa possui o sistema ""Soft Touch"" que abre e fecha com um simples toque. Prática, a lixeira conta com o balde interno removível produzida em polipropileno que facilita a limpeza do produto e suporte funcional localizada na parte traseira para trasporte. Brabantia marca com mais de 90 anos de tradição, reconhecida internacionalmente pela inovação e qualidade de seus produtos. Ficha técnica: • Código: 4081301094 • Marca: Brabantia • Modelo: Touch Bin • Conteúdo da Embalagem: 1 Lixeira • Material: Aço Inox • Capacidade: 30 Litros • Cor: Preto • Peso: 3,699kg • Dimensões: 72cm x 32cm x 29,5cm (AxLxP) • Garantia: 10 Anos",,1999.00,"Spicy BR",30615,,,https://images2.productserve.com/?w=200&h=200&bg=white&trim=5&t=letterbox&url=ssl%3Aspicy.vteximg.com.br%2Farquivos%2Fids%2F171107_2&feedId=72009&k=0fe0d7171ae0650f9b0f38da967aa71464193fae,BRL,,,https://www.spicy.com.br/lixeira-em-aco-inox-touch-bin-30-litros-brabantia-preta/p?idsku=14974,,,BRL1999.00,72009,,,,4081301094,2002639,8710755115301
https://www.awin1.com/pclick.php?p=35322249529&a=3093907&m=30615,"Pote Quadrado com Tampa Hermética 1 Litro Pop 2.0 OXO",35322249529,15002,https://spicy.vteximg.com.br/arquivos/ids/171220_2,"A marca americana OXO apresenta a nova linha 2.0 os potes foram desenvolvidos por 3 anos visando mais ainda o desempenho do produto. Design moderno e inovador, o pote com capacidade de 1 litro, possui tampa que proporciona melhor vedação, qualidade e porta acessórios. Prático para empilhar e economizar espaço, fácil para abrir devido seu botão de pressão e níveis de desmontagem possibilita a limpeza parcial ou completa do pote. Os potes estão no mercado há 10 anos com mais de 50 milhões vendidos no mundo. Ficha técnica: • Código: 4080570656 • Marca: OXO • Modelo: Pop 2.0 • Conteúdo da Embalagem: 1 Pote • Especificações do produto: Vedação hermética com o pressionar de um botão Formas e tamanhos modulares para personalizar sua cozinha, com encaixe de acessórios na parte inferior da tampa Pode ir a lava-louças Tem níveis de desmontagem para limpeza parcial ou completa • Material: Plástico • Capacidade: 1 Litro • Peso: 390g • Dimensões: 17,6cm x 10,6cm x 15,7cm (AxLxP) • Garantia: 3 Meses",,149.00,"Spicy BR",30615,,,https://images2.productserve.com/?w=200&h=200&bg=white&trim=5&t=letterbox&url=ssl%3Aspicy.vteximg.com.br%2Farquivos%2Fids%2F171220_2&feedId=72009&k=79486548a8d3c925f758588585aeae319aae8888,BRL,,,https://www.spicy.com.br/pote-quadrado-em-acrilico-com-tampa-hermetica-1-litro-pop-2-0-oxo/p?idsku=15002,,,BRL149.00,72009,,,,4080570656,2002667,719812684963
https://www.awin1.com/pclick.php?p=33152872059&a=3093907&m=30615,"Pote Quadrado com Tampa Hermética 2,6 Litros Pop 2.0 OXO",33152872059,15003,https://spicy.vteximg.com.br/arquivos/ids/171215_2,"A marca americana OXO apresenta a nova linha 2.0 os potes foram desenvolvidos por 3 anos visando mais ainda o desempenho do produto. Design moderno e inovador, o pote com capacidade de 2,6 litros, possui tampa que proporciona melhor vedação, qualidade e porta acessórios. Prático para empilhar e economizar espaço, fácil para abrir devido seu botão de pressão e seus níveis de desmontagem possibilitam a limpeza parcial ou completa do pote. Os potes estão no mercado há 10 anos com mais de 50 milhões vendidos no mundo. Ficha técnica: • Código: 4080570655 • Marca: OXO • Modelo: Pop 2.0 • Conteúdo da Embalagem: 1 Pote • Especificações do produto: Vedação hermética com o pressionar de um botão Formas e tamanhos modulares para personalizar sua cozinha, com encaixe de acessórios na parte inferior da tampa Pode ir a lava-louças Tem níveis de desmontagem para limpeza parcial ou completa • Material: Plástico • Capacidade: 2,6 Litros • Peso: 521,63g • Dimensões: 17,65cm x 15,62cm x 15,62cm (AxLxP) • Garantia: 3 Meses",,199.00,"Spicy BR",30615,,,https://images2.productserve.com/?w=200&h=200&bg=white&trim=5&t=letterbox&url=ssl%3Aspicy.vteximg.com.br%2Farquivos%2Fids%2F171215_2&feedId=72009&k=cd6da49f1ff29aee56189120e3e069cdd179c048,BRL,,,https://www.spicy.com.br/pote-quadrado-em-acrilico-com-tampa-hermetica-26-litros-pop-2-0-oxo/p?idsku=15003,,,BRL199.00,72009,,,,4080570655,2002668,719812684925
https://www.awin1.com/pclick.php?p=33152872035&a=3093907&m=30615,"Pote Retangular com Tampa Hermética 2,6 Litros Pop 2.0 OXO",33152872035,15004,https://spicy.vteximg.com.br/arquivos/ids/171229_2,"A marca americana OXO apresenta a nova linha 2.0 os potes foram desenvolvidos por 3 anos visando mais ainda o desempenho do produto. Design moderno e inovador, o pote com capacidade de 2,6 litros, possui tampa que proporciona melhor vedação, qualidade e porta acessórios. Prático para empilhar e economizar espaço, fácil para abrir devido seu botão de pressão e níveis de desmontagem possibilita a limpeza parcial ou completa do pote. Os potes estão no mercado há 10 anos com mais de 50 milhões vendidos no mundo. Ficha técnica: • Código: 4080570657 • Marca: OXO • Modelo: Pop 2.0 • Conteúdo da Embalagem: 1 Pote • Especificações do produto: Vedação hermética com o pressionar de um botão Formas e tamanhos modulares para personalizar sua cozinha, com encaixe de acessórios na parte inferior da tampa Pode ir a lava-louças Tem níveis de desmontagem para limpeza parcial ou completa • Material: Plástico • Capacidade: 2,6 Litros • Peso: 0,45kg • Dimensões: 24,89cm x 10,41cm x 16cm (AxLxP) • Garantia: 3 Meses",,199.00,"Spicy BR",30615,,,https://images2.productserve.com/?w=200&h=200&bg=white&trim=5&t=letterbox&url=ssl%3Aspicy.vteximg.com.br%2Farquivos%2Fids%2F171229_2&feedId=72009&k=ab2e289c24de2cc9a4c0a1535e798acf9b259561,BRL,,,https://www.spicy.com.br/pote-retangular-em-acrilico-com-tampa-hermetica-26-litros-pop-2-0-oxo/p?idsku=15004,,,BRL199.00,72009,,,,4080570657,2002669,719812685014
https://www.awin1.com/pclick.php?p=34476410843&a=3093907&m=30615,"Pote Retangular com Tampa Hermética 1,6 Litros Pop 2.0 OXO",34476410843,15005,https://spicy.vteximg.com.br/arquivos/ids/171234_2,"A marca americana OXO apresenta a nova linha 2.0 os potes foram desenvolvidos por 3 anos visando mais ainda o desempenho do produto. Design moderno e inovador, o pote com capacidade de 1,6 litros, possui tampa que proporciona melhor vedação, qualidade e porta acessórios. Prático para empilhar e economizar espaço, fácil para abrir devido seu botão de pressão e seus níveis de desmontagem possibilitam a limpeza parcial ou completa do pote. Os potes estão no mercado há 10 anos com mais de 50 milhões vendidos no mundo. Ficha técnica: • Código: 4080570658 • Marca: OXO • Modelo: Pop 2.0 • Conteúdo da Embalagem: 1 Pote • Especificações do produto: Vedação hermética com o pressionar de um botão Formas e tamanhos modulares para personalizar sua cozinha, com encaixe de acessórios na parte inferior da tampa Pode ir a lava-louças Tem níveis de desmontagem para limpeza parcial ou completa • Material: Plástico • Capacidade: 1,6 Litros • Peso: 390,08g • Dimensões: 15,74cm x 10,66cm x 17,65cm (AxLxP) • Garantia: 3 Meses",,159.00,"Spicy BR",30615,,,https://images2.productserve.com/?w=200&h=200&bg=white&trim=5&t=letterbox&url=ssl%3Aspicy.vteximg.com.br%2Farquivos%2Fids%2F171234_2&feedId=72009&k=ab829786763a35248827c6ab4c3fc07c96bcc230,BRL,,,https://www.spicy.com.br/pote-retangular-em-acrilico-com-tampa-hermetica-16-litros-pop-2-0-oxo/p?idsku=15005,,,BRL159.00,72009,,,,4080570658,2002670,719812685021
https://www.awin1.com/pclick.php?p=33152872029&a=3093907&m=30615,"Selador à Vácuo Kenya",33152872029,15031,https://spicy.vteximg.com.br/arquivos/ids/172278_2,"A brasileira Kenya apresenta Selador à vácuo de fácil manuseio com embalagens plásticas reutilizáveis que não prejudicam o meio ambiente. Aproveite os benefícios da vedação à vácuo para uma vida muito mais prática e saudável. O selador possui design ergonômico e sistema de vedação hermética, permite que os alimentos permaneçam frescos por mais tempo, protege da queimadura do refrigerador e evita odores. Armazene alimentos em geladeira, freezer e despensa por mais tempo em comparação com métodos comuns de armazenamento. Modo de Usar: Coloque o alimento, feche o zíper e remova o ar com o selador. Ficha técnica: • Código: 4089520001 • Marca: Kenya • Conteúdo da embalagem: 1 Selador • Especificações do produto: Funcionamento a Pilha (pilhas: AA - 6 unidades) Sacolas compatíveis: Embalagem Reutilizável a Vácuo Tamanho P (4089520002), embalagem reutilizável a vácuo tamanho M (4089520003) As sacolas acompanham o selador - 3 sacolas pequenas e 2 sacolas grandes • Peso: 400g • Dimensões: 9,5cm x 9,5cm x 27,5cm (AxLxP) • Garantia: 3 meses",,119.00,"Spicy BR",30615,,,https://images2.productserve.com/?w=200&h=200&bg=white&trim=5&t=letterbox&url=ssl%3Aspicy.vteximg.com.br%2Farquivos%2Fids%2F172278_2&feedId=72009&k=3485c58a9016fdd2745d8bc922ea8b63164e5731,BRL,,,https://www.spicy.com.br/selador-a-vacuo-kenya/p?idsku=15031,,,BRL119.00,72009,,,,4089520001,2002696,7899100673169
https://www.awin1.com/pclick.php?p=33152872099&a=3093907&m=30615,"Pote POP 2.0 Quadrado 2,1 Litros OXO",33152872099,15170,https://spicy.vteximg.com.br/arquivos/ids/172243_2,"A marca americana OXO apresenta a nova linha 2.0 os potes foram desenvolvidos por 3 anos visando mais ainda o desempenho do produto. Design moderno e inovador, o pote com capacidade de 2 litros, possui tampa que proporciona melhor vedação, qualidade e porta acessórios. Prático para empilhar e economizar espaço, fácil para abrir devido seu botão de pressão, além disso, o pote possui níveis de desmontagem que possibilitam a limpeza parcial ou completa do pote. Os potes estão no mercado há 10 anos com mais de 50 milhões vendidos no mundo. Ficha técnica: • Código: 4080570668 • Marca: OXO • Modelo: POP 2.0 • Conteúdo da Embalagem: 1 Pote • Especificações do produto: Vedação hermética com o pressionar de um botão Formas e tamanhos modulares para personalizar sua cozinha, com encaixe de acessórios na parte inferior da tampa Pode ir a lava-louças Tem níveis de desmontagem para limpeza parcial ou completa • Material: Policarbonato • Capacidade: 2,1 Litros • Peso: 544g • Dimensões: 32cm x 10,7cm x 10,7cm (AxLxP) • Garantia: 3 meses",,179.00,"Spicy BR",30615,,,https://images2.productserve.com/?w=200&h=200&bg=white&trim=5&t=letterbox&url=ssl%3Aspicy.vteximg.com.br%2Farquivos%2Fids%2F172243_2&feedId=72009&k=35568b861c7310c9cd4b59a906146c7822ba768e,BRL,,,https://www.spicy.com.br/pote-pop-2-0-quadrado-2-litros-oxo/p?idsku=15170,,,BRL179.00,72009,,,,4080570668,2002832,0719812684949
https://www.awin1.com/pclick.php?p=38614592049&a=3093907&m=30615,"Pote Quadrado em Plástico 200ml Pop 2.0 OXO",38614592049,15172,https://spicy.vteximg.com.br/arquivos/ids/172557_2,"A marca americana OXO apresenta a nova linha 2.0, os potes foram desenvolvidos por 3 anos visando mais ainda o desempenho do produto. Design moderno e inovador, o pote com capacidade de 200ml, possui tampa que proporciona melhor vedação, qualidade e porta acessórios. Prático para empilhar e economizar espaço, fácil para abrir devido seu botão de pressão e seus níveis de desmontagem possibilitam a limpeza parcial ou completa do pote. Os potes estão no mercado há 10 anos com mais de 50 milhões vendidos no mundo. Especificações do Produto: • Vedação hermética com o pressionar de um botão • Formas e tamanhos modulares para personalizar sua cozinha, com encaixe de acessórios na parte inferior da tampa • Pode ir a lava-louças • Tem níveis de desmontagem para limpeza parcial ou completa Ficha Técnica: • Código: 4080570673 • Marca: OXO • Modelo: Pop 2.0 • Conteúdo da Embalagem: 1 Pote • Material: Plástico • Capacidade: 200ml • Peso: 220g • Dimensões: 7,9cm x 8,2cm x 8,2cm (AxLxP) • Garantia: 3 Meses",,109.00,"Spicy BR",30615,,,https://images2.productserve.com/?w=200&h=200&bg=white&trim=5&t=letterbox&url=ssl%3Aspicy.vteximg.com.br%2Farquivos%2Fids%2F172557_2&feedId=72009&k=5b4f0579a916ac5e8970a54401a40bcc3e753a4b,BRL,,,https://www.spicy.com.br/pote-quadrado-em-acrilico-200ml-pop-2-0-oxo/p?idsku=15172,,,BRL109.00,72009,,,,4080570673,2002834,0719812684994
https://www.awin1.com/pclick.php?p=33152872057&a=3093907&m=30615,"Pote Quadrado 1 Litro Pop 2.0 OXO",33152872057,15174,https://spicy.vteximg.com.br/arquivos/ids/174570_2,"A marca americana OXO apresenta a nova linha 2.0 os potes foram desenvolvidos por 3 anos visando mais ainda o desempenho do produto. Design moderno e inovador, o pote com capacidade de 750ml, possui tampa que proporciona melhor vedação, qualidade e porta acessórios. Prático para empilhar e economizar espaço, fácil para abrir devido seu botão de pressão e seus níveis de desmontagem possibilitam a limpeza parcial ou completa do pote. Os potes estão no mercado há 10 anos com mais de 50 milhões vendidos no mundo. Ficha técnica: • Código: 4080570667 • Marca: OXO • Modelo: Pop 2.0 • Conteúdo da Embalagem: 1 Pote Quadrado • Especificações do produto: Vedação hermética com o pressionar de um botão Formas e tamanhos modulares para personalizar sua cozinha, com encaixe de acessórios na parte inferior da tampa Pode ir a lava-louças Tem níveis de desmontagem para limpeza parcial ou completa • Material: Plástico • Capacidade: 1 Litro • Garantia: 3 Meses - Contra defeito de fabricação",,209.00,"Spicy BR",30615,,,https://images2.productserve.com/?w=200&h=200&bg=white&trim=5&t=letterbox&url=ssl%3Aspicy.vteximg.com.br%2Farquivos%2Fids%2F174570_2&feedId=72009&k=ea488b718e9b00b845337ba766b0159303074087,BRL,,,https://www.spicy.com.br/pote-quadrado-em-acrilico-750ml-pop-2-0-oxo/p?idsku=15174,,,BRL209.00,72009,,,,4080570667,2002836,0719812684932
https://www.awin1.com/pclick.php?p=35979066245&a=3093907&m=30615,"Pote POP 2.0 Quadrado 4,2 Litros OXO",35979066245,15175,https://spicy.vteximg.com.br/arquivos/ids/172241_2,"A marca americana OXO apresenta a nova linha 2.0 os potes foram desenvolvidos por 3 anos visando mais ainda o desempenho do produto. Design moderno e inovador, o pote com capacidade de 3,8 litros, possui tampa que proporciona melhor vedação, qualidade e porta acessórios. Prático para empilhar e economizar espaço, fácil para abrir devido seu botão de pressão, além disso, o pote possui níveis de desmontagem possibilita a limpeza parcial ou completa do pote. Os potes estão no mercado há 10 anos com mais de 50 milhões vendidos no mundo. Ficha técnica: • Código: 4080570666 • Marca: OXO • Modelo: POP 2.0 • Conteúdo da Embalagem: 1 Pote • Especificações do produto: Vedação hermética com o pressionar de um botão Formas e tamanhos modulares para personalizar sua cozinha, com encaixe de acessórios na parte inferior da tampa Pode ir a lava-louças Tem níveis de desmontagem para limpeza parcial ou completa • Material: Policarbonato • Capacidade: 4,2 Litros • Peso: 816g • Dimensões: 24,1cm x 16,5cm x 16,5cm (AxLxP) • Garantia: 3 meses",,229.00,"Spicy BR",30615,,,https://images2.productserve.com/?w=200&h=200&bg=white&trim=5&t=letterbox&url=ssl%3Aspicy.vteximg.com.br%2Farquivos%2Fids%2F172241_2&feedId=72009&k=5c626fe52981b2c5735c60b8eefe36effbfb7d38,BRL,,,https://www.spicy.com.br/pote-pop-2-0-quadrado-38-litros-oxo/p?idsku=15175,,,BRL229.00,72009,,,,4080570666,2002837,0719812684918
https://www.awin1.com/pclick.php?p=35322249533&a=3093907&m=30615,"Pote Retangular 600ml Pop 2.0 OXO",35322249533,15176,https://spicy.vteximg.com.br/arquivos/ids/172553_2,"A marca americana OXO apresenta a nova linha 2.0 os potes foram desenvolvidos por 3 anos visando mais ainda o desempenho do produto. Design moderno e inovador, o pote com capacidade de 600ml, possui tampa que proporciona melhor vedação, qualidade e porta acessórios. Prático para empilhar e economizar espaço, fácil para abrir devido seu botão de pressão e seus níveis de desmontagem possibilitam a limpeza parcial ou completa do pote. Os potes estão no mercado há 10 anos com mais de 50 milhões vendidos no mundo. Ficha técnica: • Código: 4080570672 • Marca: OXO • Modelo: Pop 2.0 • Conteúdo da Embalagem: 1 Pote • Especificações do produto: Vedação hermética com o pressionar de um botão Formas e tamanhos modulares para personalizar sua cozinha, com encaixe de acessórios na parte inferior da tampa Pode ir a lava-louças Tem níveis de desmontagem para limpeza parcial ou completa • Material: Plástico • Capacidade: 600ml • Peso: 317g • Dimensões: 7,9cm x 10,7cm x 10,7cm (AxLxP) • Garantia: 3 Meses",,129.00,"Spicy BR",30615,,,https://images2.productserve.com/?w=200&h=200&bg=white&trim=5&t=letterbox&url=ssl%3Aspicy.vteximg.com.br%2Farquivos%2Fids%2F172553_2&feedId=72009&k=063dba90f461aaf523211bf062f4ee961f264eef,BRL,,,https://www.spicy.com.br/pote-quadrado-em-acrilico-600ml-pop-2-0-oxo/p?idsku=15176,,,BRL129.00,72009,,,,4080570672,2002838,0719812685038
https://www.awin1.com/pclick.php?p=33152872025&a=3093907&m=30615,"Pote POP 2.0 Quadrado 5,7 Litros OXO",33152872025,15178,https://spicy.vteximg.com.br/arquivos/ids/172236_2,"A marca americana OXO apresenta a nova linha 2.0 os potes foram desenvolvidos por 3 anos visando mais ainda o desempenho do produto. Design moderno e inovador, o pote com capacidade de 5,2 litros, possui tampa que proporciona melhor vedação, qualidade e porta acessórios. Prático para empilhar e economizar espaço, fácil para abrir devido seu botão de pressão, além disso, o pote possui níveis de desmontagem que possibilitam a limpeza parcial ou completa do pote. Os potes estão no mercado há 10 anos com mais de 50 milhões vendidos no mundo. Ficha técnica: • Código: 4080570665 • Marca: OXO • Modelo: Pop 2.0 • Conteúdo da Embalagem: 1 Pote • Especificações do produto: Vedação hermética com o pressionar de um botão Formas e tamanhos modulares para personalizar sua cozinha, com encaixe de acessórios na parte inferior da tampa Pode ir a lava-louças Tem níveis de desmontagem para limpeza parcial ou completa • Material: Policarbonato • Capacidade: 5,7 litros • Peso: 907g • Dimensões: 32cm x 16,5cm x 16,5cm (AxLxP) • Garantia: 3 meses",,249.00,"Spicy BR",30615,,,https://images2.productserve.com/?w=200&h=200&bg=white&trim=5&t=letterbox&url=ssl%3Aspicy.vteximg.com.br%2Farquivos%2Fids%2F172236_2&feedId=72009&k=5f3e2b4d14359562c0bcc1595e17fc15aba0092f,BRL,,,https://www.spicy.com.br/pote-pop-2-0-quadrado-52-litros-oxo/p?idsku=15178,,,BRL249.00,72009,,,,4080570665,2002840,0719812684901
https://www.awin1.com/pclick.php?p=44563485373&a=3093907&m=30615,"Luva Térmica em Algodão Weber Preto",44563485373,15182,https://spicy.vteximg.com.br/arquivos/ids/206386_2,"Proteja suas mãos com muito estilo com a luva térmica profissional Weber! Confeccionada com 100% de algodão, a luva possui forro resistente ao calor, bordado Weber e se ajusta no seu punho. A luva térmica Weber manterá a sua mão e antebraço a salvo do calor enquanto você cozinha seu churrasco. Ficha técnica: • Código: 4082070254 • Marca: Weber • Especificações: Limpar com pano úmido • Material: Algodão com forro resistente ao calor • Cor: Preto • Peso: 130g • Dimensões: 2cm x 40cm x 16cm (AxLxP) • Garantia: 2 Anos",,199.00,"Spicy BR",30615,,,https://images2.productserve.com/?w=200&h=200&bg=white&trim=5&t=letterbox&url=ssl%3Aspicy.vteximg.com.br%2Farquivos%2Fids%2F206386_2&feedId=72009&k=bc387df27d0bd767c98aff37d45857ffd6fee590,BRL,,,https://www.spicy.com.br/luva-termica-em-algodao-weber-preto/p?idsku=15182,,,BRL199.00,72009,,,,4082070254,2002844,0077924045165
https://www.awin1.com/pclick.php?p=33223954407&a=3093907&m=30615,"Luva em Silicone 33cm OXO Preto",33223954407,15232,https://spicy.vteximg.com.br/arquivos/ids/171588_2,"Desenvolvida pela americana OXO, a luva em silicone foi projetada para suportar temperaturas de até 230°C. Proporcionando segurança conta com o sistema antiderrapante mais resistente e proteção ao antebraço, a luva também possui pontos de contato para uma proteção extra contra o calor. Seu forro de tecido macio desenvolvido para maior isolamento e conforto. Ficha técnica: • Código: 4080570659 • Marca: OXO • Conteúdo da Embalagem: 1 Luva • Especificações do produto: Vai a máquina de lavar • Material: Silicone • Temperatura: Até 230°C • Cor: Preto • Peso: 170g • Dimensões: 1,2cm x 17cm x 33cm (AxLxP) • Garantia: 3 Meses",,139.00,"Spicy BR",30615,,,https://images2.productserve.com/?w=200&h=200&bg=white&trim=5&t=letterbox&url=ssl%3Aspicy.vteximg.com.br%2Farquivos%2Fids%2F171588_2&feedId=72009&k=d4011a55e5dfd96ce8dad12ba1b18ef8a500b9fc,BRL,,,https://www.spicy.com.br/luva-em-silicone-33cm-oxo-preto/p?idsku=15232,,,BRL139.00,72009,,,,4080570659,2002894,719812683539
https://www.awin1.com/pclick.php?p=35979066314&a=3093907&m=30615,"Assadeira Perfurada Grande Weber",35979066314,15245,https://spicy.vteximg.com.br/arquivos/ids/206361_2,"Que tal preparar carnes, peixes, legumes e até pizza crocante na churrasqueira de um jeito super prático? As assadeiras com pequenos furos permitem que pequenos alimentos sejam grelhados sem que caia pelas grades da churrasqueira facilitando o preparo e deixando os acompanhamentos deliciosos. Abobrinha e pimentões caramelizados para complementar seu churrasco! Com as assadeiras Weber você poderá adicionar alimentos frescos e saudáveis em qualquer refeição. Ficha técnica: • Código: 4082070241 • Marca: Weber • Modelo: Grande • Material: Aço Inox • Cor: Aço Inox • Peso: 1kg • Dimensões: 7cm x 35cm x 30cm (AxLxP) • Garantia: 2 Anos",,599.00,"Spicy BR",30615,,,https://images2.productserve.com/?w=200&h=200&bg=white&trim=5&t=letterbox&url=ssl%3Aspicy.vteximg.com.br%2Farquivos%2Fids%2F206361_2&feedId=72009&k=20ca58d922d4f5ce908646581046277b66a89511,BRL,,,https://www.spicy.com.br/assadeira-perfurada-grande-weber/p?idsku=15245,,,BRL599.00,72009,,,,4082070241,2002907,0077924074882
https://www.awin1.com/pclick.php?p=33152872073&a=3093907&m=30615,"Termômetro Bluetooth Mini Igrill Weber",33152872073,15338,https://spicy.vteximg.com.br/arquivos/ids/206372_2,"Já se sentiu inseguro ao retirar uma peça de carne da churrasqueira e não ter certeza se ela está no ponto desejado? O iGrill não é apenas um termômetro, é um monitor que acompanha o processo de cozimento do início ao fim e te avisa quando seu churrasco esta pronto através do app Weber iGrill! Fácil de usar: selecione uma ampla variedade de carnes e peixes, asse a carne até atingir o ponto pré-selecionado ou defina temperatura de acordo com seu gosto pessoal; salve suas preferências para reutilizá-las quando você precisar; acompanhe o ponto da carne pelo aplicativo em tempo real através de gráficos e indicadores e receba um alerta no aplicativo o quando a comida estiver pronta. Chame seus amigos e os impressione com carnes cozidas ao ponto desejado 100% das vezes. Ficha técnica: • Código: 4082070248 • Marca: Weber • Modelo: Igrill • Conteúdo da Embalagem: 1 Termômetro • Garantia: 2 Anos",,899.00,"Spicy BR",30615,,,https://images2.productserve.com/?w=200&h=200&bg=white&trim=5&t=letterbox&url=ssl%3Aspicy.vteximg.com.br%2Farquivos%2Fids%2F206372_2&feedId=72009&k=69fb3d2147f01e6c52e9ebbe0304979c180765ac,BRL,,,https://www.spicy.com.br/termometro-bluetooth-mini-igrill-weber/p?idsku=15338,,,BRL899.00,72009,,,,4082070248,2003000,77924052156
https://www.awin1.com/pclick.php?p=33152872089&a=3093907&m=30615,"Ralador 7 Peças com Espiralizador OXO",33152872089,15370,https://spicy.vteximg.com.br/arquivos/ids/174481_2,"O ralador com espiralizador possui praticidade ao usar, guardar e armazenar. Todas as peças do produto cabem na base e são fáceis de colocar. Diversidade para ralar diversos legumes/verduras de acordo com o ralador que você escolher. Facilidade para ter uma comida mais saudável, sem muito esforço ou dificuldade para fazer a salada, contando ainda com a segurança para ralar com o segurador que mantém sua mão afastada da lâmina. Faça sua salada do jeito que preferir em poucos minutos! Ainda impressiona as visitas com a facilidade de ralar qualquer legume, verduras e até chocolate e queijo. Há mais de 25 anos atrás, depois de Sam Farber criar acessórios para facilitar a vida de sua esposa que sofria de artrite, foram criados os primeiros utensílios da OXO e desde então, a marca é referência de praticidade e inovação. Ficha técnica: • Código: 4080570674 • Marca: OXO • Modelo: CJ 7PC • Conteúdo da Embalagem: 4 Raladores 1 Segurador de comida 1 Base • Especificações do produto: Pode ir a lava louças • Material: Policarbonato e aço inox • Cor: Espiralizador: Verde Textura grossa: Laranja Rala em fatias: Vermelho Textura média: Amarelo • Peso: 907g • Dimensões: 11,68cm x 10,4cm x 26,9cm (AxLxP) • Garantia: 3 Meses - Contra defeito de fabricação",,399.00,"Spicy BR",30615,,,https://images2.productserve.com/?w=200&h=200&bg=white&trim=5&t=letterbox&url=ssl%3Aspicy.vteximg.com.br%2Farquivos%2Fids%2F174481_2&feedId=72009&k=105819c64bf2e1d76ca90fda452036ff52784a62,BRL,,,https://www.spicy.com.br/ralador-7-pecas-com-espiralizador-oxo/p?idsku=15370,,,BRL399.00,72009,,,,4080570674,2003032,719812685953
https://www.awin1.com/pclick.php?p=36304530063&a=3093907&m=30615,"Galheteiro Duplo de Vidro Cole & Mason",36304530063,15435,https://spicy.vteximg.com.br/arquivos/ids/172372_2,"Tenha na sua cozinha o galheteiro 2 em 1 e deixe sua mesa elegante e moderna com o sistema inovador da Cole & Mason. Com capacidade de 44ml de vinagre e 400ml de óleo em cada compartimento, é possível armazenar os dois temperos em um só produto. O galheteiro possui pescoço de aço inox do galheteiro remove facilmente o vinagre na hora de colocar mais óleo e sistema de separação do produto não deixa que os líquidos se misturem ou se contaminem. Ficha técnica: • Código: 4088590604 • Marca: Cole & Mason • Modelo: Amesbury • Conteúdo da embalagem: 1 Galheteiro • Especificações do produto: Vai à lava Louças: Sim • Material: Aço inox e Vidro Borossilicato • Capacidade: 400ml de óleo e 44ml para vinagre • Peso: 260g • Dimensões do produto: 21cm x 7,5cm x 7,5cm (AxLxP) • Garantia: 3 meses",,199.00,"Spicy BR",30615,,,https://images2.productserve.com/?w=200&h=200&bg=white&trim=5&t=letterbox&url=ssl%3Aspicy.vteximg.com.br%2Farquivos%2Fids%2F172372_2&feedId=72009&k=43ab4eb62087eac26f0a60ccc2c8305688ea083e,BRL,,,https://www.spicy.com.br/galheteiro-duplo-de-vidro-cole---mason/p?idsku=15435,,,BRL199.00,72009,,,,4088590604,2003097,5011268860690
https://www.awin1.com/pclick.php?p=35979066313&a=3093907&m=30615,"Avental em Algodão Weber Vermelho",35979066313,15523,https://spicy.vteximg.com.br/arquivos/ids/206360_2,"A comida fala por si mesma, então que tal você cozinhar com muito estilo e sinta-se um verdadeiro profissional com o avental Weber! Com design moderno, bolso frontal para armazenar suas ferramentas de grelhar, gola ajustável para melhor conforto e tamanho perfeito para proteger suas roupas durante o churrasco. Prepare deliciosos churrascos com muito mais conforto com este avental desenvolvido pela americana Weber em algodão de alta qualidade. Ficha técnica: • Código: 4082070234 • Marca: Weber • Especificações: Lave o avental na máquina de lavar • Material: Algodão • Cor: Vermelho • Peso: 200g • Dimensões: 1cm x 118cm x 152cm (AxLxP) • Garantia: 2 Anos",,199.00,"Spicy BR",30615,,,https://images2.productserve.com/?w=200&h=200&bg=white&trim=5&t=letterbox&url=ssl%3Aspicy.vteximg.com.br%2Farquivos%2Fids%2F206360_2&feedId=72009&k=11f8045637fb7ae69d2df56cd4cb0a39e24d479a,BRL,,,https://www.spicy.com.br/avental-em-algodao-weber-vermelho/p?idsku=15523,,,BRL199.00,72009,,,,4082070234,2003177,0077924045189
https://www.awin1.com/pclick.php?p=44729655260&a=3093907&m=30615,"Champanheira com Base Coletora 6 Litros",44729655260,16872,https://spicy.vteximg.com.br/arquivos/ids/174499_2,"A Champanheira da Forma é perfeita para qualquer evento, seja para uma noite romântica ou uma festa entre amigos e familiares! Celebre os bons momentos da vida! Você poderá separar as garrafas entre o gelo, sendo muito simples retirar e guardar. As garrafas ficam estáveis dentro da champanheira, evitando que a bebida caia. Sirva o champanhe sempre gelado, com facilidade e sua mesa não ficará mais molhada com gotas de água, pois a base da champanheira impede que elas entrem em contato com a superfície. Ficha técnica: • Código: 4088050012 • Marca: Forma • Conteúdo da Embalagem: 1 Champanheira • Especificações do produto: Alças facilitam o transporte Grelha separa até 3 garrafas dentro da champanheira Base protege a superfície na qual a champanheira será colocada Lavar com detergente neutro e esponja macia, depois secar com pano macio *Um lote deste produto saiu com erro apenas na embalagem, constando capacidade de 5 Litros, mas a Champanheira é de 6 Litros • Material: Aço inox • Capacidade: 6 Litros • Peso: 0,93g • Dimensões: 24cm x 24cm x 24cm (AxLxP) • Garantia: 3 Meses - Contra defeito de fabricação",,419.00,"Spicy BR",30615,,,https://images2.productserve.com/?w=200&h=200&bg=white&trim=5&t=letterbox&url=ssl%3Aspicy.vteximg.com.br%2Farquivos%2Fids%2F174499_2&feedId=72009&k=3cf4b5863c020ffba7a03cd5a56397e8127cc309,BRL,,,https://www.spicy.com.br/champanheira-com-base-coletora-6-litros-forma-/p?idsku=16872,,,BRL419.00,72009,,,,4088050012,2004529,7896580609701
https://www.awin1.com/pclick.php?p=33152872111&a=3093907&m=30615,"Porta Utensílio de Pia em Plástico Brabantia Cinza",33152872111,16969,https://spicy.vteximg.com.br/arquivos/ids/234080_2,"O porta utensílios de pia mantém a sua bancada de cozinha limpa e organizada! Possui bandeja coletora antiderrapante feita de silicone resistente e o seu design é compacto, com amplo espaço para guardar o detergente, esponjas e rodinhos de pia! Ficha técnica: • Código: 4081301117 • Marca: Brabantia • Conteúdo da Embalagem: 1 Porta utensílios • Especificações do produto: Vai na lava-louças • Material: Plástico e base em silicone • Cor: Cinza • Peso: 264g • Dimensões: 19cm x 8,5cm x 11,5cm (AxLxP) • Garantia: 3 Meses - Contra defeito de fabricação",,129.00,"Spicy BR",30615,,,https://images2.productserve.com/?w=200&h=200&bg=white&trim=5&t=letterbox&url=ssl%3Aspicy.vteximg.com.br%2Farquivos%2Fids%2F234080_2&feedId=72009&k=536f12599d93c761b827aaa5ce15b429d117c811,BRL,,,https://www.spicy.com.br/porta-utensilio-de-pia-em-plastico-brabantia-cinza/p?idsku=16969,,,BRL129.00,72009,,,,4081301117,2004559,8710755117503
https://www.awin1.com/pclick.php?p=38190947097&a=3093907&m=30615,"Dominó Elétrico 2 Zonas 38cm 220V Cuisinart Arkton Preto",38190947097,16973,https://spicy.vteximg.com.br/arquivos/ids/206030_2,"Especificações do produto: • Use apenas panelas com fundo plano e reforçadas e, de preferência, que sejam feitas de ferro ou de aço • 2 zonas com controle individual e preciso de temperatura • Seleção de nível de potência, com total controle de temperatura, proporcionando maior eficiência no tempo de preparo • Aquecimento por resistência elétrica • Desligamento automático • Resfriamento muito mais rápido • Advertência de calor residual (H): luzes são acionadas assim que o cooktop é desligado e se apagam automaticamente quando a temperatura estiver abaixo de 60°C • Calor concentrado apenas na zona de cocção, não aquecendo o restante da superfície do produto, evitando risco de queimaduras e/ ou acidentes • Resfriamento muito mais rápido • Consumo de energia 2,9Wh • Bitola do fio 2,5 mm • Use apenas panelas com fundo plano e reforçado e, de preferência, que sejam feitas de ferro ou de aço • Design moderno com acabamento vitrocerâmico resistente e sofisticado • Baixo consumo de energia (A+), com eficiência e atenção ao meio ambiente • Touch control • Temporizador individual • Trava de segurança • É indispensável a instalação com fio terra • Projetados para serem embutidos • As paredes e superfícies próximas devem ser de material resistente a temperatura de 90ºC (tais como madeira, fórmica, inox, granito, mármore) • A distância de segurança entre a placa de aquecimento e o armário por cima da placa de aquecimento deve ser de pelo menos 760 mm • O cooktop deve ser limpo imediatamente após o uso, evitando que o vidro fique manchado Remova o resíduo com uma espátula adequada para placas vitrocerâmicas • Não utilize polidores pesados, esponjas de nylon e produtos de limpeza agressivos ou abrasivos podem arranhar o vidro. Ficha técnica: • Código: 4093860001 • Marca: Cuisinart Arkton • Conteúdo da Embalagem: 1 Dominó Elétrico • Material: Vitrocerâmico • Voltagem: 220V • Potência: 3000W • Frequência: 60Hz • Peso: 5,100kg • Dimensões: 37,5cm x 11,5cm x 58cm (AxLxP) • Garantia: 1 Ano • Certificação BRA19/00684 - Produto possui certificação de segurança compulsória, certificado pelo SGS, organismo acreditado pela CGCRE do Inmetro",,1290.00,"Spicy BR",30615,,,https://images2.productserve.com/?w=200&h=200&bg=white&trim=5&t=letterbox&url=ssl%3Aspicy.vteximg.com.br%2Farquivos%2Fids%2F206030_2&feedId=72009&k=e1adff6c3f77d67047390479104d3058bf793f93,BRL,,,https://www.spicy.com.br/domino-eletrico-2-zonas-38cm-220v-cuisinart-arkton-preto/p?idsku=16973,,,BRL1290.00,72009,,,,4093860001,2004563,7899100674364
https://www.awin1.com/pclick.php?p=40566135693&a=3093907&m=30615,"Cooktop Elétrico 4 Zonas 60cm 220v Cuisinart Arkton",40566135693,16974,https://spicy.vteximg.com.br/arquivos/ids/206031_2,"A linha Arkton foi desenvolvida com design, elegância, qualidade e eficiência. Seu nome foi carinhosamente inspirado em nossos grandes parceiros e formadores de opinião: os arquitetos (Arkhitektôn - nome de origem grega que significa construtor, principal “origem de arquiteto”). A nova linha Arkton se sobressai por se adequar a qualquer estilo de cozinha, sendo muito mais completa. Foram agregadas atualizações e upgrades que acompanham as últimas tendências de design, tecnologia e funcionalidade para os modelos de cooktops. Especificações do produto: • Use apenas panelas com fundo plano e reforçadas e, de preferência, que sejam feitas de ferro ou de aço • 4 zonas com controle individual e preciso de temperatura • Controle preciso das zonas duplas de aquecimento • Seleção de nível de potência, proporcionando maior eficiência no tempo de preparo • Aquecimento por resistência elétrica • Desligamento automático • Resfriamento muito mais rápido • Advertência de calor residual (H): luzes são acionadas assim que o cooktop é desligado e se apagam automaticamente quando a temperatura estiver abaixo de 60°C • Calor concentrado apenas na zona de cocção, não aquecendo o restante da superfície do produto, evitando risco de queimaduras e/ ou acidentes • Resfriamento muito mais rápido • Consumo de energia 6,2Wh • Bitola do fio 2,5 mm • Use apenas panelas com fundo plano e reforçado e, de preferência, que sejam feitas de ferro ou de aço • Design moderno com acabamento vitrocerâmico resistente e sofisticado • Baixo consumo de energia (A+), com eficiência e atenção ao meio ambiente • Touch control • Temporizador individual • Trava de segurança • É indispensável a instalação com fio terra • Projetados para serem embutidos • As paredes e superfícies próximas devem ser de material resistente a temperatura de 90ºC (tais como madeira, fórmica, inox, granito, mármore) • A distância de segurança entre a placa de aquecimento e o armário por cima da placa de aquecimento deve ser de pelo menos 760 mm • O cooktop deve ser limpo imediatamente após o uso, evitando que o vidro fique manchado • Remova o resíduo com uma espátula adequada para placas vitrocerâmicas • Não utilize polidores pesados, esponjas de nylon e produtos de limpeza agressivos ou abrasivos podem arranhar o vidro. Ficha técnica: • Código: 4093860002 • Marca: Cuisinart Arkton • Conteúdo da Embalagem: 1 Cooktop Elétrico • Material: Vitrocerâmico • Voltagem: 220V • Potência: 6700W • Frequência: 60Hz • Peso: 9,100kg • Dimensões com Embalagem: 11,5cm x 65cm x 58cm (AxLxP) • Dimensões sem Embalagem: 7cm x 59cm x 52cm (AxLxP) • Garantia: 1 Ano • Certificação BRA19/00684 - Produto possui certificação de segurança compulsória, certificado pelo SGS, organismo acreditado pela CGCRE do Inmetro",,3990.00,"Spicy BR",30615,,,https://images2.productserve.com/?w=200&h=200&bg=white&trim=5&t=letterbox&url=ssl%3Aspicy.vteximg.com.br%2Farquivos%2Fids%2F206031_2&feedId=72009&k=c0b66558cbbf44478e62e3454335c9255187ad59,BRL,,,https://www.spicy.com.br/cooktop-eletrico-4-zonas-60cm-220v-cuisinart-arkton/p?idsku=16974,,,BRL3990.00,72009,,,,4093860002,2004564,7899100674371
https://www.awin1.com/pclick.php?p=37562542558&a=3093907&m=30615,"Forma Retangular Rasa em Aço Carbono DR 39cm Spicy",37562542558,16985,https://spicy.vteximg.com.br/arquivos/ids/185116_2,"Diversas opções de formas que além do uso convencional trazem muito mais elegância para a cozinha, graças a sua cor diferenciada que combina modernidade e conforto. Aliada com alta qualidade do material, sua textura foi feita em aço carbono, tornando-as mais resistentes à pressão. Ficha técnica: • Código: 4089750003 • Marca: Spicy • Modelo: DR • Conteúdo da Embalagem: 1 Forma • Especificações do produto: Revestimento sintético e livre de componentes químicos e tóxicos (PFOA free) Não recomendado para o uso na máquina de lavar louça Não utilizar produtos abrasivos na lavagem • Material: Aço carbono • Temperatura: até 230ºC • Peso: 0,895kg • Dimensões: 2,8cm x 28cm x 38,8cm (AxLxP) • Garantia: 3 Meses - Contra defeito de fabricação • Produto com certificação compulsória certificada pelo SGS do Brasil, registro 000030/2020, classificação de antiaderência C",,99.90,"Spicy BR",30615,,,https://images2.productserve.com/?w=200&h=200&bg=white&trim=5&t=letterbox&url=ssl%3Aspicy.vteximg.com.br%2Farquivos%2Fids%2F185116_2&feedId=72009&k=a4f220099efdf6b8c3f9ec18602c9143e96a2e75,BRL,,,https://www.spicy.com.br/forma-retangular-rasa-em-aco-carbono-dr-39cm-spicy/p?idsku=16985,,,BRL99.90,72009,,,,4089750003,2004575,7899100674272
https://www.awin1.com/pclick.php?p=33215430509&a=3093907&m=30615,"Garrafa Térmica Plaza Quick Press 1 Litro Emsa Carbono",33215430509,16994,https://spicy.vteximg.com.br/arquivos/ids/175548_2,"Desfrute de uma sensação única de relaxamento e bem-estar! Apenas o cheiro é suficiente para colocar um sorriso no rosto de qualquer amante de café! E com o AROMA DIAMOND, o prazer de apreciar o café é transformado em uma experiência mágica para todos os sentidos. Abre confortavelmente apenas utilizando uma mão, ao apertar o botão! 100% à prova de vazamentos. Aroma Diamond: Preserva a característica mais importante do café: o aroma, através do formato único de diamante no interior da garrafa Plaza. Ficha técnica: • Código: 4080050492 • Marca: Emsa • Modelo: Plaza Quick Press • Conteúdo da Embalagem: 1 Garrafa Térmica • Especificações do produto: Ampola de Vidro Design atemporal Funcionalidade excepcional Qualidade ""made in Germany"" (fabricado na Alemanha) Livre de BPA • Material: Aço inox, polipropileno e vidro • Capacidade: 1 Litro • Temperatura: Mantém a bebida fria por 24 horas e quente por 12 horas • Cor: Carbono • Peso: 1,048kg • Dimensões: 27cm x 13,8cm x 15,9cm (AxLxP) • Garantia: 10 Anos",,799.00,"Spicy BR",30615,,,https://images2.productserve.com/?w=200&h=200&bg=white&trim=5&t=letterbox&url=ssl%3Aspicy.vteximg.com.br%2Farquivos%2Fids%2F175548_2&feedId=72009&k=2a8e6c3d187f979abd5b4fdac74a091d1f92d446,BRL,,,https://www.spicy.com.br/garrafa-termica-plaza-quick-press-1-litro-emsa-carbono/p?idsku=16994,,,BRL799.00,72009,,,,4080050492,2004584,4009049370231
https://www.awin1.com/pclick.php?p=33152872183&a=3093907&m=30615,"Descascador Y de 10cm OXO Cinza",33152872183,17011,https://spicy.vteximg.com.br/arquivos/ids/175617_2,"Tenha o melhor descascador com a melhor qualidade para preparar sua comida sem dificuldade ou estresse, é essencial para descascar frutas e vegetais, com lâmina japonesa que não enferruja e dura muito mais tempo que as demais. Manuseie sem sentir desconforto ou cansaço nas mãos ou punhos, pelo seu cabo ergonômico e compacto, sem necessidade de muito esforço. O descascador conta com uma ""aba lateral"" que serve para tirar manchas das frutas ou vegetais. A marca OXO foi criada para facilitar a vida da sua esposa que sofria de artrite, foram criados os primeiros utensílios e desde então, ela é referência em praticidade e inovação. Ficha Técnica: • Código: 4080570676 • Marca: OXO • Modelo: Y • Conteúdo da Embalagem: 1 Descascador • Especificações do produto: Pode ir a lava louças • Material: Plástico e lâmina em aço inox • Cor: Cinza • Peso: 0,05kg • Dimensões: 10cm x 3,5cm x 1cm (AxLxP) • Garantia: 3 Meses - Contra defeito de fabricação",,89.90,"Spicy BR",30615,,,https://images2.productserve.com/?w=200&h=200&bg=white&trim=5&t=letterbox&url=ssl%3Aspicy.vteximg.com.br%2Farquivos%2Fids%2F175617_2&feedId=72009&k=08e0ce74077e09592e03313b5caf44c0fc60bbaa,BRL,,,https://www.spicy.com.br/descascador-y-de-10cm-em-plastico-oxo-cinza/p?idsku=17011,,,BRL89.90,72009,,,,4080570676,2004599,719812687476
https://www.awin1.com/pclick.php?p=45005596313&a=3093907&m=30615,"Climatizador Termoelétrico 28 Garrafas 220V Easycooler Preto",45005596313,17199,https://spicy.vteximg.com.br/arquivos/ids/206434_2,"O Climatizador Termoelétrico de 28 Garrafas absorve rapidamente o calor interno através de uma placa e o manda para fora, mantendo a temperatura interna cerca de 12°C a menos que a externa, por isso são ideais para ambientes com até 24ºC. Armazenamento ideal: Espumante: 5°C a 8°C Licoroso: 10°C a 14°C Vinho tinto leve: 12°C a 15°C Vinho tinto encorpado: 15°C a 18°C Vinho branco: 10°C a 14°C Vinho rosé: 6°C a 10°C Especificações do produto: • Resfriamento termoelétrico: absorve rapidamente o calor interno através de uma placa e o manda para fora, mantendo a temperatura interna cerca de 12°C a menos que a externa, por isso são ideais para ambientes com até 24ºC • Soft Control Glass: controle digital e preciso de temperatura • Baixo nível de ruído e sem vibrações, não alterando o aroma ou sabor do vinho •7 áreas de armazenamento • Design exclusivo • Freestanding • Display digtal em LED azul • Iluminação interna de LED azul, consome pouca energia • Estrutura projetada para maior aproveitamento do espaço interno Ficha técnica: • Código: 4092910006 • Marca: EasyCooler • Conteúdo da Embalagem: 1 Climatizador • Material: Alumínio • Voltagem: 220V • Frequência: 60Hz • Potência: 65W • Consumo: 1,56kWh/dia • Temperatura: 12°C a 18°C • Capacidade: 28 garrafas (750ml) • Peso: 23kg • Dimensões: 74cm x 43cm x 52cm (AxLxP) • Garantia: 1 Ano • Certificação BRA19/00109 - Produto possui certificação de segurança compulsória, certificado pelo SGS, organismo acreditado pela CGCRE do Inmetro",,2190.00,"Spicy BR",30615,,,https://images2.productserve.com/?w=200&h=200&bg=white&trim=5&t=letterbox&url=ssl%3Aspicy.vteximg.com.br%2Farquivos%2Fids%2F206434_2&feedId=72009&k=3e356d27fe2c82d6c342b013905b416465a95048,BRL,,,https://www.spicy.com.br/climatizador-termoeletrico-28-garrafas-220v-easycooler-preto/p?idsku=17199,,,BRL2190.00,72009,,,,4092910006,2004786,7899100674029
https://www.awin1.com/pclick.php?p=39893638146&a=3093907&m=30615,"Coifa de Parede 90cm Cuisinart Casual 220V Aço Inox",39893638146,17261,https://spicy.vteximg.com.br/arquivos/ids/206034_2,"Sinônimo de versatilidade e bom gosto, a linha Casual Cooking é composta por produtos que vão de coifas à cooktops e fornos, todos com layouts diferenciados que traduzem uma perfeita sintonia entre design e praticidade, podendo ser empregados tanto em cozinhas mais sóbrias quanto nas mais descoladas, sem perder a qualidade que uma linha semi-profissional pode ter. Exaustor: o ar é retirado do ambiente, passa pelo filtro de metal e é expelido ao ambiente externo através dos dutos. Depurador: o ar é aspirado para dentro da coifa, passa primeiramente pelo filtro de metal, depois pelo filtro de carvão ativado, que reterá as partículas de gordura e consequentemente, os odores. Após o processo, esse ar retorna ao ambiente interno purificado. Exaustor e depurador, com filtros de carvão inclusos. Capacidade de extração de sucção de 1000 m³/hr, com máxima eficiência, que retira a gordura do ar, deixando o ar purificado. Ionizer: um processo de ionização negativa que elimina odores, além de ácaros e microorganismos do ambiente. A função timer programado possibilita programar o desligamento automático da coifa entre 1 e 99 minutos. Visor digital possibilita acompanhar o nível de velocidade da sua coifa e o tempo para desligamento programado do timer. Pode ser embutida em cozinhas planejadas com armários suspensos sobre o fogão.  Especificações do produto: • Design moderno • Operação silenciosa • Baixo consumo de energia (A+), com eficiência e atenção ao meio ambiente • Painel frontal touch digital • Ajuste de velocidade • Timer programado • Drop Packing: embalagem com teste Ista, mais resistente, especial para e-commerce • Atenção: É indispensável a instalação com fio terra • Projetados para serem embutidos • As paredes e superfícies próximas devem ser de material resistente a temperatura de 90ºC (tais como madeira, fórmica, inox, granito, mármore) • O exaustor deve ser colocado a uma distância de 65 a 75 cm acima do plano de cozimento para melhor efeito • Faça a limpeza do filtro regularmente • Limpeza: Regular: não utilize produtos abrasivos nem corrosivos, nem esponjas de aço. Use somente pano macio umedecido com água morna e um pouco de detergente líquido • Limpe o filtro com detergente doméstico • No caso de uso frequente, substitua o filtro de carvão uma vez por ano Ficha Técnica: • Material: Aço inox 304 e visor de vidro • Voltagem: 220V • Corrente elétrica: 1,2A • Capacidade de sucção: 1000 m³/hr • Frequência: 60Hz • Potência nominal: 258W • Potência do motor: 250W • Potência da lâmpada: 8W (led) • Tubo de alumínio: 1,5m • Peso: 15kg • Dimensões: 100cm x 90cm x 38cm (AxLxP) • Garantia: 1 Ano • Certificação BRA19/01922 - Produto possui certificação de segurança compulsória, certificado pelo SGS, organismo acreditado pela CGCRE do Inmetro",,8490.00,"Spicy BR",30615,,,https://images2.productserve.com/?w=200&h=200&bg=white&trim=5&t=letterbox&url=ssl%3Aspicy.vteximg.com.br%2Farquivos%2Fids%2F206034_2&feedId=72009&k=7c4a391639dc25bd22f2d8f4418f3f25b1a0bc6e,BRL,,,https://www.spicy.com.br/coifa-de-parede-90cm-cuisinart-casual-220v-aco-inox/p?idsku=17261,,,BRL8490.00,72009,,,,4092540001,2004848,7899100674944
https://www.awin1.com/pclick.php?p=37934798273&a=3093907&m=30615,"Coifa de Parede 90cm 220V Cuisinart Arkton Aço Inox",37934798273,17263,https://spicy.vteximg.com.br/arquivos/ids/205979_2,"A Coifa de Parede Cuisinart Arkton possui exaustor e depurador com filtros de carvão inclusos. Sistema perimetral de sucção de 1000 m³/hr, com máxima eficiência, que retira a gordura do ar, deixando o ar purificado. Heat Sensor: a coifa liga automaticamente após detectar que a temperatura ambiente está aumentando por meio da fumaça, ou seja, assim que começa o cozimento dos alimentos. O mesmo acontece ao detectar que a temperatura ambiente está diminuindo, desligando automaticamente. Ionizer: um processo de ionização negativa que elimina odores, além de ácaros e microorganismos do ambiente. Pode ser embutida em cozinhas planejadas com armários suspensos sobre o fogão. Exaustor: o ar é retirado do ambiente, passa pelo filtro de metal e é expelido ao ambiente externo através dos dutos. Depurador: o ar é aspirado para dentro da coifa, passa primeiramente pelo filtro de metal, depois pelo filtro de carvão ativado, que reterá as partículas de gordura e consequentemente, os odores. Após o processo, esse ar retorna ao ambiente interno purificado. Especificações do produto: • Design moderno • Operação silenciosa • Baixo consumo de energia (A+), com eficiência e atenção ao meio ambiente • Painel frontal touch digital • Ajuste de velocidade • Timer • Drop Packing: embalagem com teste Ista, mais resistente, especial para e-commerce • Atenção: É indispensável a instalação com fio terra • Projetados para serem embutidos • As paredes e superfícies próximas devem ser de material resistente a temperatura de 90ºC (tais como madeira, fórmica, inox, granito, mármore) • O exaustor deve ser colocado a uma distância de 65 a 75 cm acima do plano de cozimento para melhor efeito • Faça a limpeza do filtro regularmente • Limpeza: Regular: não utilize produtos abrasivos nem corrosivos, nem esponjas de aço. Use somente pano macio umedecido com água morna e um pouco de detergente líquido Limpe o filtro com detergente doméstico No caso de uso frequente, substitua o filtro de carvão uma vez por ano Ficha técnica: • Código: 4092540003 • Marca: Cuisinart Arkton • Conteúdo da Embalagem: 1 Coifa de parede • Material: Aço inox 304 e visor de vidro • Voltagem: 220V • Corrente elétrica: 1,2A • Capacidade de sucção: 1000 m³/hr • Frequência: 60Hz • Potência nominal: 258W • Potência do motor: 250W • Potência da lâmpada: 8W (led) • Tubo de alumínio: 1,5m • Peso: 28,780kg • Dimensões sem embalagem: 67cm x 100cm x 47cm (AxLxP) • Garantia: 1 Ano • Certificação BRA19/01922 - Produto possui certificação de segurança compulsória, certificado pelo SGS, organismo acreditado pela CGCRE do Inmetro",,8590.00,"Spicy BR",30615,,,https://images2.productserve.com/?w=200&h=200&bg=white&trim=5&t=letterbox&url=ssl%3Aspicy.vteximg.com.br%2Farquivos%2Fids%2F205979_2&feedId=72009&k=b7040039d753c7d6a417deac57245051396e1766,BRL,,,https://www.spicy.com.br/coifa-de-parede-90cm-220v-cuisinart-arkton-aco-inox/p?idsku=17263,,,BRL8590.00,72009,,,,4092540003,2004850,7899100674968
https://www.awin1.com/pclick.php?p=36518684422&a=3093907&m=30615,"Coifa de Parede 90cm 220V Spicy Aço Inox",36518684422,17265,https://spicy.vteximg.com.br/arquivos/ids/206127_2,"Para alguns a cozinha é o ambiente mais especial da casa. Sabendo disso a Spicy atua há mais de 18 anos, oferecendo itens de excelência e funcionalidade para as cozinhas mais modernas e exigentes. Pensando neste conceito, a linha de eletrodomésticos desenvolvida para a marca é premium, combinando multifuncionalidades e design diferenciado, que trazem ao ambiente sofisticação e praticidade para o cotidiano. Exaustor e depurador, com filtros de carvão inclusos. Sistema perimetral de sucção de 1000 m³/hr, com máxima eficiência, que retira a gordura do ar, deixando-o purificado. Heat Sensor: a coifa liga automaticamente após detectar que a temperatura ambiente está aumentando por meio da fumaça, ou seja, assim que começa o cozimento dos alimentos. O mesmo acontece ao detectar que a temperatura ambiente está diminuindo, desligando automaticamente. Ionizer: um processo de ionização negativa que elimina odores, além de ácaros e microorganismos do ambiente. Função timer programado: possibilita programar o desligamento automático da coifa entre 1 e 99 minutos. Visor digital possibilita acompanhar o nível de velocidade da sua coifa e o tempo para desligamento programado do timer. Pode ser embutida em cozinhas planejadas com armários suspensos sobre o fogão. Exaustor: o ar é retirado do ambiente, passa pelo filtro de metal e é expelido ao ambiente externo através dos dutos. Depurador: o ar é aspirado para dentro da coifa, passa primeiramente pelo filtro de metal, depois pelo filtro de carvão ativado, que reterá as partículas de gordura e consequentemente, os odores. Após o processo, esse ar retorna ao ambiente interno purificado. Especificações do produto: • Design moderno • Operação ultra silenciosa • Baixo consumo de energia (A+), com eficiência e atenção ao meio ambiente • Painel frontal touch digital • Ajuste de velocidade • Timer programado • Drop Packing: embalagem com teste Ista, mais resistente, especial para e-commerce • Atenção: É indispensável a instalação com fio terra • Projetados para serem embutidos: As paredes e superfícies próximas devem ser de material resistente a temperatura de 90ºC (tais como madeira, fórmica, inox, granito, mármore) • O exaustor deve ser colocado a uma distância de 65 a 75 cm acima do plano de cozimento para melhor efeito • Faça a limpeza do filtro regularmente • Limpeza: Limpeza regular: não utilize produtos abrasivos nem corrosivos, nem esponjas de aço • Use somente pano macio umedecido com água morna e um pouco de detergente líquido • Limpe o filtro com detergente doméstico • No caso de uso frequente, substitua o filtro de carvão uma vez por ano Ficha técnica: • Código: 4092540005 • Marca: Spicy • Conteúdo da Embalagem: 1 Coifa de parede • Material: Aço inox 304 e visor de vidro • Voltagem: 220V • Corrente elétrica: 1,2A • Capacidade de sucção: 1000 m³/hr • Frequência: 60Hz • Potência nominal: 258W • Potência do motor: 250W • Potência da lâmpada: 8W (led) • Tubo de alumínio: 1,5m • Peso: 17,8kg • Dimensões: 56cm x 94,5cm x 38cm (AxLxP) • Garantia: 1 Ano • Certificação BRA19/01922 - Produto possui certificação de segurança compulsória, certificado pelo SGS, organismo acreditado pela CGCRE do Inmetro",,7390.00,"Spicy BR",30615,,,https://images2.productserve.com/?w=200&h=200&bg=white&trim=5&t=letterbox&url=ssl%3Aspicy.vteximg.com.br%2Farquivos%2Fids%2F206127_2&feedId=72009&k=0184356c92ad9bac9a1d29154f62eef9269b7b1d,BRL,,,https://www.spicy.com.br/coifa-de-parede-90cm-220v-spicy-aco-inox/p?idsku=17265,,,BRL7390.00,72009,,,,4092540005,2004852,7899100674982
https://www.awin1.com/pclick.php?p=33152872201&a=3093907&m=30615,"Lixeira New Icon em Inox 12 Litros Brabantia",33152872201,17279,https://spicy.vteximg.com.br/arquivos/ids/176724_2,"Uma combinação perfeita de praticidade e requinte para sua casa ou escritório, esta lixeira com pedal em aço inox de fácil higienização e extremamente resistente a corrosão. Com design atemporal, sofisticado, com fechamento suave e silencioso e operação de pedal que facilita o manuseio. Fabricada pela Holandesa Brabantia, marca com mais de 90 anos de tradição, reconhecida internacionalmente pela inovação e qualidade de seus produtos. Ficha técnica: • Código: 4081301121 • Marca: Brabantia • Modelo: New Icon • Conteúdo da Embalagem: 1 Lixeira • Especificações do produto: Fecho suave e operação de pedal super leve Fechamento à prova de odores Fácil de limpar balde interno removível Base antiderrapante protege o piso e mantém o cesto estável O balde interno possui aberturas de ventilação especiais fácil de trocar • Material: Aço Inox • Capacidade: 12 Litros • Peso: 1,099kg • Dimensões: 41cm x 25cm x 34cm (AxLxP) • Garantia: 10 Anos",,699.00,"Spicy BR",30615,,,https://images2.productserve.com/?w=200&h=200&bg=white&trim=5&t=letterbox&url=ssl%3Aspicy.vteximg.com.br%2Farquivos%2Fids%2F176724_2&feedId=72009&k=c883526f0fe9ec70cf1e5a7157a860a3728e2bfd,BRL,,,https://www.spicy.com.br/lixeira-new-icon-em-inox-12-litros-brabantia/p?idsku=17279,,,BRL699.00,72009,,,,4081301121,2004866,8710755113581
https://www.awin1.com/pclick.php?p=38475924337&a=3093907&m=30615,"Forno Elétrico Air Fryer 60cm 220V Cuisinart Arkton Preto",38475924337,17289,https://spicy.vteximg.com.br/arquivos/ids/205994_2,"A linha Arkton tem seu nome carinhosamente inspirado em nossos grandes parceiros e formadores de opinião: os arquitetos (Arkhitektôn - nome de origem grega que significa construtor, principal “origem de arquiteto”). Foram agregadas atualizações e upgrades que acompanham as últimas tendências de design, tecnologia e funcionalidade. Especificações do produto: • 13 métodos de aquecimento: Assar, Grelhar, Descongelar, Pizza, Delicado, Prato Quente, Fermentação, Aquecimento Superior, Cozimento Múltiplo, Aquecimento por Convecção, Ventilador da Grelha, Cozimento Rápido e Economia de Energia • Sistema pirolítico: com a ativação do sistema de autolimpeza, o compartimento do forno atinge uma temperatura de 500°C, que faz com que a gordura e sujeira virem cinzas • Até 260°C de temperatura • Blue Sky Enamel: esmalte azul nas extremidades internas do forno que melhora a condução do calor e facilita a limpeza, além de melhorar a visualização interna dos produtos Sistema de convecção: espalha o calor proporcionando cozimento uniforme • Speedy cook: sistema de cozimento rápido • Porta ampla de vidro quádruplo proporciona melhor visualização do cozimento e facilita a higienização do forno • Design moderno built in • Painel touch screen • Menu de memória • Trava de segurança • Timer digital com temporizador automático • Guias telescópicas de fácil o manuseio • Acessórios: 1 bandeja esmaltada, 1 assadeira e 2 grelhas • Orientações: É indispensável a instalação com fio terra Projetados para serem embutidos As paredes e superfícies próximas devem ser de material resistente a temperatura de 90ºC (tais como madeira, fórmica, inox, granito, mármore) Ficha técnica: • Código: 4092740120 • Marca: Cuisinart Arkton • Conteúdo da Embalagem: 1 Forno • Material: Aço inox 304 e vidro preto • Voltagem: 220V • Frequência: 60Hz • Potência total: 4190 W • Consumo de energia: 125,7 kWh/mês • Temperatura: de 50°C a 260°C • Capacidade: 83 litros • Capacidade líquida: 73 litros • Peso do produto: 37,3kg • Peso da embalagem: 44,3kg • Dimensões do produto: 58cm x 59cm x 55cm (AxLxP) • Dimensões da embalagem: 66cm x 65,8cm x 64,7cm (AxLxP) • Garantia: 1 Ano • Certificação BRA19/00436 - Produto possui certificação de segurança compulsória, certificado pelo SGS, organismo acreditado pela CGCRE do Inmetro",,12590.00,"Spicy BR",30615,,,https://images2.productserve.com/?w=200&h=200&bg=white&trim=5&t=letterbox&url=ssl%3Aspicy.vteximg.com.br%2Farquivos%2Fids%2F205994_2&feedId=72009&k=ad2851e7f3ba15ea609bfa6fef79841fe8b78dc1,BRL,,,https://www.spicy.com.br/forno-grill-eletrico-60cm-220v-cuisinart-arkton/p?idsku=17289,,,BRL12590.00,72009,,,,4092740120,2004876,7899100675026
https://www.awin1.com/pclick.php?p=41031942081&a=3093907&m=30615,"Afiador de Faca com 2 Lâminas Kenya Preto",41031942081,17299,https://spicy.vteximg.com.br/arquivos/ids/180320_2,"Grande variedade de afiadores que proporcionam maior vida útil as facas e uma performance ainda mais surpreendente, pois sua anatomia possibilita o uso contínuo, sem dificuldades e com maior conforto. Ficha técnica: • Código: 4081660094 • Marca: Kenya • Conteúdo da Embalagem: 1 Afiador • Especificações do produto: Manter em condições secas • Material: Plástico • Cor: Preto • Peso: 129kg • Dimensões: 6cm x 5,2cm x 19,5cm (AxLxP) • Garantia: 3 Meses - Contra defeito de fabricação",,99.90,"Spicy BR",30615,,,https://images2.productserve.com/?w=200&h=200&bg=white&trim=5&t=letterbox&url=ssl%3Aspicy.vteximg.com.br%2Farquivos%2Fids%2F180320_2&feedId=72009&k=0caf0c3b1113cd5783c117f96b96087af8f64f31,BRL,,,https://www.spicy.com.br/afiador-de-faca-com-2-laminas-kenya-preto/p?idsku=17299,,,BRL99.90,72009,,,,4081660094,2004886,7899100674739
https://www.awin1.com/pclick.php?p=35979066288&a=3093907&m=30615,"Faca Utilitária em Aço Inox de 13cm Kenya",35979066288,17300,https://spicy.vteximg.com.br/arquivos/ids/180322_2,"A maior variedade de facas para executar os melhores cortes e preparos. Cortes precisos e cabo confortável trazendo facilidade na preparação das suas refeições, junto com a linha de afiadores que proporcionam uma maior vida útil das facas e uma performance ainda mais surpreendente. Ficha técnica: • Código: 4081660095 • Marca: Kenya • Conteúdo da Embalagem: 1 Faca • Especificações do produto: Cabo confortável e ergonômico Cortar e fatiar sem grandes esforços Versatilidade para utilizar em diversas ocasiões • Material: Aço Inox • Peso: 100kg • Dimensões: 1,5cm x 2,1cm x 13cm (AxLxP) • Garantia: 3 Meses - Contra defeito de fabricação",,69.90,"Spicy BR",30615,,,https://images2.productserve.com/?w=200&h=200&bg=white&trim=5&t=letterbox&url=ssl%3Aspicy.vteximg.com.br%2Farquivos%2Fids%2F180322_2&feedId=72009&k=ab1252c962b80bbedb77aa5615eab0f8729dee2b,BRL,,,https://www.spicy.com.br/faca-utilitaria-em-aco-inox-de-13cm-kenya/p?idsku=17300,,,BRL69.90,72009,,,,4081660095,2004887,7899100674715
https://www.awin1.com/pclick.php?p=37080907116&a=3093907&m=30615,"Faca do Chef em Aço Inox de 20cm Kenya",37080907116,17301,https://spicy.vteximg.com.br/arquivos/ids/180324_2,"A maior variedade de facas para executar os melhores cortes e preparos. Cortes precisos e cabo confortável trazendo facilidade na preparação das suas refeições, junto com a linha de afiadores que proporcionam uma maior vida útil das facas e uma performance ainda mais surpreendente. Ficha técnica: • Código: 4081660096 • Marca: Kenya • Conteúdo da Embalagem: 1 Faca • Especificações do produto: Cabo confortável e ergonômico Lâminas mais largas e fio liso Uma faca essencial em toda cozinha Ideal para o preparo de alimentos • Material: Aço Inox • Peso: 220kg • Dimensões: 1,7cm x 4,4cm x 20,2cm (AxLxP) • Garantia: 3 Meses - Contra defeito de fabricação",,129.00,"Spicy BR",30615,,,https://images2.productserve.com/?w=200&h=200&bg=white&trim=5&t=letterbox&url=ssl%3Aspicy.vteximg.com.br%2Farquivos%2Fids%2F180324_2&feedId=72009&k=6a1b8a5e9c72ab96f44ecdf25d00a28e2b6d708e,BRL,,,https://www.spicy.com.br/faca-do-chef-em-aco-inox-de-20cm-kenya/p?idsku=17301,,,BRL129.00,72009,,,,4081660096,2004888,7899100674746
https://www.awin1.com/pclick.php?p=33152872257&a=3093907&m=30615,"Faca Santoku em Aço Inox 17cm Kenya",33152872257,17302,https://spicy.vteximg.com.br/arquivos/ids/180326_2,"A maior variedade de facas para executar os melhores cortes e preparos. Cortes precisos e cabo confortável trazendo facilidade na preparação das suas refeições, junto com a linha de afiadores que proporcionam uma maior vida útil das facas e uma performance ainda mais surpreendente. Ficha técnica: • Código: 4081660097 • Marca: Kenya • Conteúdo da Embalagem: 1 Faca • Especificações do produto: Vai a lava louças • Material: Aço Inox • Peso: 220kg • Dimensões: 1,7cm x 4,7cm x 17,7cm (AxLxP) • Garantia: 3 Meses - Contra defeito de fabricação",,119.00,"Spicy BR",30615,,,https://images2.productserve.com/?w=200&h=200&bg=white&trim=5&t=letterbox&url=ssl%3Aspicy.vteximg.com.br%2Farquivos%2Fids%2F180326_2&feedId=72009&k=45cb28eed0224ba94c6de16c09dd154aa577ae9d,BRL,,,https://www.spicy.com.br/faca-santoku-em-aco-inox-17cm-kenya/p?idsku=17302,,,BRL119.00,72009,,,,4081660097,2004889,7899100674753
https://www.awin1.com/pclick.php?p=33152872229&a=3093907&m=30615,"Faca para Carne em Aço Inox de 20cm Kenya",33152872229,17303,https://spicy.vteximg.com.br/arquivos/ids/180328_2,"A maior variedade de facas para executar os melhores cortes e preparos. Cortes precisos e cabo confortável trazendo facilidade na preparação das suas refeições, junto com a linha de afiadores que proporcionam uma maior vida útil das facas e uma performance ainda mais surpreendente. Ficha técnica: • Código: 4081660098 • Marca: Kenya • Conteúdo da Embalagem: 1 Faca • Especificações do produto: Vai a lava louças • Material: Aço Inox • Peso: 190kg • Dimensões: 1,7cm x 2,9cm x 20cm (AxLxP) • Garantia: 3 Meses - Contra defeito de fabricação",,99.90,"Spicy BR",30615,,,https://images2.productserve.com/?w=200&h=200&bg=white&trim=5&t=letterbox&url=ssl%3Aspicy.vteximg.com.br%2Farquivos%2Fids%2F180328_2&feedId=72009&k=6f5725c6760aedbce6b67bdf16844e4c5cdfd34c,BRL,,,https://www.spicy.com.br/faca-para-carne-em-aco-inox-de-20cm-kenya/p?idsku=17303,,,BRL99.90,72009,,,,4081660098,2004890,7899100674760
https://www.awin1.com/pclick.php?p=34749361271&a=3093907&m=30615,"Mandoline 2.0 Lâmina em Aço Inox 48cm OXO",34749361271,17316,https://spicy.vteximg.com.br/arquivos/ids/177023_2,"Tenha em mãos o acessório prático e simples para preparar diversos tipos de fatiamentos! É possível fazer 21 tipos de cortes: Julienne , corte para batata frita, chips, waffle e cortes que variam de fino, médio a grosso. Com um acessório é possível inovar na comida que for preparar e surpreender seus convidados! Melhor do que preparar deliciosas refeições, é compartilhar esses momentos sem dificuldades no seu preparo e no momento de saboreá-las. O mandoline 2.0 traz o design funcional junto com um melhor desempenho para os amantes da cozinha. Aproveite todos momentos com esse produto que foi feito para o melhor preparo! Há mais de 25 anos atrás, depois de Sam Farber criar acessórios para facilitar a vida de sua esposa que sofria de artrite, foram criados os primeiros utensílios da OXO. Desde então, a arca é referência de praticidade e inovação. Especificações do Produto: • 4 diferentes tipos de lâminas japonesas que promovem a multifuncionalidade e eficiência, você corta de diversas maneiras sem esforço • É possível alinhar a lâmina para a comida sair com grossura entre 1 a 9mm • Fácil de guardar, só encaixar o suporte e as “pernas” do mandoline na parte traseira • Lavar a mão Ficha Técnica: • Código: 4080570681 • Marca: OXO • Modelo: Mandoline • Conteúdo da Embalagem: 1 Lâmina • Material: Lâmina em aço inox, base e segurador de plástico ABS • Peso: 1,54kg • Dimensões: 18,03cm x 44,7cm x 9,65cm (AxLxP) • Garantia: 3 Meses - Contra defeito de fabricação",,999.00,"Spicy BR",30615,,,https://images2.productserve.com/?w=200&h=200&bg=white&trim=5&t=letterbox&url=ssl%3Aspicy.vteximg.com.br%2Farquivos%2Fids%2F177023_2&feedId=72009&k=33a0c2b302daf958c5cd2a587402f17ad89b91c0,BRL,,,https://www.spicy.com.br/lamina-em-aco-inox-mandoline-2-0-48cm-oxo/p?idsku=17316,,,BRL999.00,72009,,,,4080570681,2004903,719812687995
https://www.awin1.com/pclick.php?p=34749361273&a=3093907&m=30615,"Pote Retangular 2.0 Pop 1,1 Litros OXO",34749361273,17382,https://spicy.vteximg.com.br/arquivos/ids/182415_2,"A marca americana OXO apresenta a nova linha 2.0 os potes foram desenvolvidos por 3 anos visando mais ainda o desempenho do produto. Design moderno e inovador, o pote com capacidade de 1,1 litros, possui tampa que proporciona melhor vedação, qualidade e porta acessórios. Prático para empilhar e economizar espaço, fácil para abrir devido seu botão de pressão e seus níveis de desmontagem possibilitam a limpeza parcial ou completa do pote. Os potes estão no mercado há 10 anos com mais de 50 milhões vendidos no mundo. Ficha técnica: • Código: 4080570683 • Marca: OXO • Modelo: Pop 2.0 • Conteúdo da Embalagem: 1 Pote • Especificações do produto: Vedação hermética com o pressionar de um botão Formas e tamanhos modulares para personalizar sua cozinha, com encaixe de acessórios na parte inferior da tampa Pode ir a lava-louças Não utilizar produtos abrasivos na lavagem Tem níveis de desmontagem para limpeza parcial ou completa • Material: Policarbonato • Capacidade: 1,1 Litros • Peso: 0,310kg • Dimensões: 17cm x 7cm x 16cm (AxLxP) • Garantia: 3 Meses",,179.00,"Spicy BR",30615,,,https://images2.productserve.com/?w=200&h=200&bg=white&trim=5&t=letterbox&url=ssl%3Aspicy.vteximg.com.br%2Farquivos%2Fids%2F182415_2&feedId=72009&k=795c21d01c61a69a4409d96d58f5ea3663fca03f,BRL,,,https://www.spicy.com.br/pote-quadrado-2-0-pop-11-litros-oxo/p?idsku=17382,,,BRL179.00,72009,,,,4080570683,2004969,719812685052
https://www.awin1.com/pclick.php?p=36505669031&a=3093907&m=30615,"Conjunto de 3 Potes Quadrados Pop 2.0 OXO",36505669031,17384,https://spicy.vteximg.com.br/arquivos/ids/182422_2,"Abra, guarde, tampe e organize. Os potes POP 2.0 trazem comodidade para o dia a dia, evitando dores de cabeça por causa de espaço e alimentos mal armazenados. Suas tampas contam com melhor vedação, aumentando a vida útil dos alimentos. Suas maiores vantagens são o seu visual moderno, sua tampa com vedação, a qualidade do material; e auxiliar sua vida na praticidade e organização. Ficha técnica: • Código: 4080570685 • Marca: OXO • Modelo: Pop 2.0 • Conteúdo da Embalagem: 1 Conjunto com 3 potes • Especificações do produto: Vedação hermética com o pressionar de um botão Formas e tamanhos modulares para personalizar sua cozinha, com encaixe de acessórios na parte inferior da tampa Pode ir a lava-louças Não utilizar produtos abrasivos na lavagem Tem níveis de desmontagem para limpeza parcial ou completa • Material: Policarbonato • Capacidade: 1 Litro • Peso: 1,130kg • Dimensões: 19cm x 33cm x 12cm (AxLxP) • Garantia: 3 Meses",,399.00,"Spicy BR",30615,,,https://images2.productserve.com/?w=200&h=200&bg=white&trim=5&t=letterbox&url=ssl%3Aspicy.vteximg.com.br%2Farquivos%2Fids%2F182422_2&feedId=72009&k=8ba7239122e34cbd4086a02d295b8ab9e11df8a5,BRL,,,https://www.spicy.com.br/conjunto-de-3-potes-quadrados-pop-2-0-oxo/p?idsku=17384,,,BRL399.00,72009,,,,4080570685,2004971,0719812685182
https://www.awin1.com/pclick.php?p=42015290035&a=3093907&m=30615,"Saladeira Salenco em Vidro Temperado 165cm Luminarc Branco",42015290035,17550,https://spicy.vteximg.com.br/arquivos/ids/181573_2,"Um vidro altamente resistente em sua composição garantindo aparência delicada e sofisticada. Sirva seus convidados com elegância com peças que combinam com todos os ambientes. Vidro de alta qualidade, design sofisticado e perfeito para todas as ocasiões. Especificações do produto: • Não utilizar produtos abrasivos na lavagem • Vai a lava louças e micro ondas Ficha técnica: • Código: 4080830893 • Marca: Luminarc • Modelo: Salenco • Conteúdo da Embalagem: 1 Saladeira • Material: Vidro • Cor: Branco • Peso: 0,30kg • Dimensões: 16,6cm x 15,8cm x 7,1cm (AxLxP) • Garantia: 3 Meses - Contra defeito de fabricação",,24.90,"Spicy BR",30615,,,https://images2.productserve.com/?w=200&h=200&bg=white&trim=5&t=letterbox&url=ssl%3Aspicy.vteximg.com.br%2Farquivos%2Fids%2F181573_2&feedId=72009&k=991a11c22a92b74409f9f6ea10f34b5a35c61cdd,BRL,,,https://www.spicy.com.br/saladeira-salenco-em-vidro-temperado-165cm-luminarc-branco/p?idsku=17550,,,BRL24.90,72009,,,,4080830893,2005137,0883314568370
https://www.awin1.com/pclick.php?p=33152871373&a=3093907&m=30615,"2 Taças Performance para Vinho Cabernet/Merlot 834ml Riedel",33152871373,17555,https://spicy.vteximg.com.br/arquivos/ids/177297_2,"Para uma perfeita degustação e apresentação de seus vinhos da melhor maneira possível! Perfeitos para jantares românticos, formais, elegantes e aniversários. A linha Performance é feita em vidro de cristal cintilante e apresenta hastes longas e finas com bases estáveis. O impacto óptico e exclusivo da linha não exalta apenas o aspecto visual do vinho, mas também aumenta a área interna, permitindo que o vinho exalte todas as características e seus aromas. A nova linha da Riedel combina o melhor do impacto óptico, proporcionando o melhor sabor do vinho, tornando a Performance a nova coleção de taças essencial para todos os amantes do vinho. Ficha técnica: • Código: 4088190187 • Marca: Riedel • Modelo: Taças Performance • Conteúdo da Embalagem: 2 Taças • Especificações do produto: Taças com maior durabilidade Design exclusivo Melhor experiência com sabor e aroma Corte a laser com borda polida feita para direcionar o fluxo de vinho direto a língua Pode ir ao lava louças Não levar ao micro ondas • Material: Cristal • Capacidade: 834ml • Peso da embalagem: 0,326kg • Dimensões da embalagem: 10,5cm x 10,5cm x 24cm (AxLxP) • Garantia: 3 Meses - Contra defeito de fabricação",,799.00,"Spicy BR",30615,,,https://images2.productserve.com/?w=200&h=200&bg=white&trim=5&t=letterbox&url=ssl%3Aspicy.vteximg.com.br%2Farquivos%2Fids%2F177297_2&feedId=72009&k=1b57b6a2a2e17e74c94a2fe27b56c0ca90f354bd,BRL,,,https://www.spicy.com.br/conjunto-de-2-tacas-performance-para-vinho-cabernet-merlot-834ml-riedel/p?idsku=17555,,,BRL799.00,72009,,,,4088190187,2005142,9006206527403
https://www.awin1.com/pclick.php?p=35576616659&a=3093907&m=30615,"Conjunto de 2 Taças Pinot Noir Performance 830ml Riedel",35576616659,17556,https://spicy.vteximg.com.br/arquivos/ids/177401_2,"Para uma perfeita degustação e apresentação de seus vinhos da melhor maneira possível! Perfeitos para jantares românticos, formais, elegantes e aniversários. A linha Performance é feita em vidro de cristal cintilante e apresenta hastes longas e finas com bases estáveis. O impacto óptico e exclusivo da linha não exalta apenas o aspecto visual do vinho, mas também aumenta a área interna, permitindo que o vinho exalte todas as características e seus aromas. A nova linha da Riedel combina o melhor do impacto óptico, proporcionando o melhor sabor do vinho, tornando a Performance a nova coleção de taças essencial para todos os amantes do vinho. Ficha técnica: • Código: 4088190188 • Marca: Riedel • Modelo: Performance • Conteúdo da Embalagem: 2 Taças Taças com maior durabilidade Design exclusivo Melhor experiência com sabor e aroma Corte a laser com borda polida feita para direcionar o fluxo de vinho direto a língua Pode ir ao lava louças Não levar ao micro ondas • Material: Cristal • Capacidade: 830ml • Peso da embalagem: 0,310kg • Dimensões da embalagem: 10,5cm x 10,5cm x 24cm (AxLxP) • Garantia: 3 Meses - Contra defeito de fabricação",,799.00,"Spicy BR",30615,,,https://images2.productserve.com/?w=200&h=200&bg=white&trim=5&t=letterbox&url=ssl%3Aspicy.vteximg.com.br%2Farquivos%2Fids%2F177401_2&feedId=72009&k=fceaf8f0fb3da8faaa9350b886000dfd7d2d2ca4,BRL,,,https://www.spicy.com.br/conjunto-de-2-tacas-pinot-noir-performance-830ml-riedel/p?idsku=17556,,,BRL799.00,72009,,,,4088190188,2005143,9006206527410
https://www.awin1.com/pclick.php?p=33152872303&a=3093907&m=30615,"Conjunto com 2 Taças para Champagne Performance 375ml Riedel",33152872303,17557,https://spicy.vteximg.com.br/arquivos/ids/177404_2,"Para uma perfeita degustação e apresentação de seus vinhos da melhor maneira possível! Perfeitos para jantares românticos, formais, elegantes e aniversários. A linha Performance é feita em vidro de cristal cintilante e apresenta hastes longas e finas com bases estáveis. O impacto óptico e exclusivo da linha não exalta apenas o aspecto visual do vinho, mas também aumenta a área interna, permitindo que o vinho exalte todas as características e seus aromas. A nova linha da Riedel combina o melhor do impacto óptico, proporcionando o melhor sabor do vinho, tornando a Performance a nova coleção de taças essencial para todos os amantes do vinho. Ficha técnica: • Código: 4088190189 • Marca: Riedel • Modelo: Taças Performance • Conteúdo da Embalagem: 2 Taças Taças com maior durabilidade Design exclusivo Melhor experiência com sabor e aroma Corte a laser com borda polida feita para direcionar o fluxo de vinho direto a língua Pode ir ao lava louças Não levar ao micro ondas • Material: Cristal • Capacidade: 375ml • Peso da embalagem: 0,263kg • Dimensões da embalagem: 9cm x 9cm x 24cm (AxLxP) • Garantia: 3 Meses - Contra defeito de fabricação",,599.00,"Spicy BR",30615,,,https://images2.productserve.com/?w=200&h=200&bg=white&trim=5&t=letterbox&url=ssl%3Aspicy.vteximg.com.br%2Farquivos%2Fids%2F177404_2&feedId=72009&k=d8deaf9474dd5f07b8a67c6523b548f1684c7988,BRL,,,https://www.spicy.com.br/conjunto-com-2-tacas-para-champagne-performance-375ml-riedel/p?idsku=17557,,,BRL599.00,72009,,,,4088190189,2005144,9006206527380
https://www.awin1.com/pclick.php?p=33152872301&a=3093907&m=30615,"Coqueteleira Cocktail Bar em Vidro 585ml Luminarc",33152872301,17811,https://spicy.vteximg.com.br/arquivos/ids/181911_2,"Experimente, crie e surpreenda com essa coqueteleira que traz praticidade e rapidez na preparação de suas bebidas. Diversificação de drinks, batidas e sucos. Vidro de alta transparência e qualidade, além de ser um dosador de bebidas. Ficha técnica: • Código: 4080830851 • Marca: Luminarc • Modelo: Cocktail Bar • Conteúdo da Embalagem: 1 Coqueteleira • Especificações do produto: Não utilizar produtos abrasivos Vai a lava louças e micro ondas • Material: Vidro e tampa de plástico • Peso: 0,29kg • Dimensões: 21cm x 8cm x 6cm (AxLxP) • Garantia: 3 Meses - Contra defeito de fabricação",,69.90,"Spicy BR",30615,,,https://images2.productserve.com/?w=200&h=200&bg=white&trim=5&t=letterbox&url=ssl%3Aspicy.vteximg.com.br%2Farquivos%2Fids%2F181911_2&feedId=72009&k=43c68b6d8f255d8c839656c7e8aa2fae702dc4b3,BRL,,,https://www.spicy.com.br/coqueteleira-cocktail-bar-em-vidro-585ml-luminarc/p?idsku=17811,,,BRL69.90,72009,,,,4080830851,2005397,0883314521559
https://www.awin1.com/pclick.php?p=45780312568&a=3093907&m=30615,"Garrafa Térmica Eleganza 0,6 Litros Emsa",45780312568,17815,https://spicy.vteximg.com.br/arquivos/ids/181942_2,"As garrafas térmicas Eleganza trazem momentos mágicos cheios de sabor. Seu interior com parede dupla de inox e sistema Aroma Steel, tem maior retenção de calor, prolongando a temperatura de sua bebida e fazendo com que tenha um gostinho fresco com o melhor aroma! Mantem a bebida quente por 12 horas e fria por 24 horas. Material de alta qualidade, resistente a riscos e corrosão, seu design é elegante, polido e robusto. Ficha técnica: • Código: 4080050497 • Marca: Emsa • Modelo: Eleganza • Conteúdo da Embalagem: 1 Garrafa Térmica • Especificações do produto: Limpe antes do primeiro uso Pode ir a lava louças Não utilizar produtos abrasivos na lavagem • Material: Aço inox 18/10 • Capacidade: 0,6 Litros • Peso: 0,92kg • Dimensões: 20,5cm x 10,5cm x 13,5cm (AxLxP) • Garantia: 10 anos",,999.00,"Spicy BR",30615,,,https://images2.productserve.com/?w=200&h=200&bg=white&trim=5&t=letterbox&url=ssl%3Aspicy.vteximg.com.br%2Farquivos%2Fids%2F181942_2&feedId=72009&k=ab5a3f0d49131060fc1b81fd577500c3dc18c0bd,BRL,,,https://www.spicy.com.br/garrafa-termica-eleganza-06-litros-emsa/p?idsku=17815,,,BRL999.00,72009,,,,4080050497,2005401,4009049202273
https://www.awin1.com/pclick.php?p=45780312569&a=3093907&m=30615,"Garrafa Térmica Eleganza 1,3 Litros Emsa",45780312569,17823,https://spicy.vteximg.com.br/arquivos/ids/181953_2,"As garrafas térmicas Eleganza trazem momentos mágicos cheios de sabor. Seu interior com parede dupla de inox e sistema Aroma Steel, tem maior retenção de calor, prolongando a temperatura de sua bebida e fazendo com que tenha um gostinho fresco com o melhor aroma! Mantem a bebida quente por 12 horas e fria por 24 horas. Material de alta qualidade, resistente a riscos e corrosão, seu design é elegante, polido e robusto. Ficha técnica: • Código: 4080050499 • Marca: Emsa • Modelo: Eleganza • Conteúdo da Embalagem: 1 Garrafa Térmica • Especificações do produto: Limpe antes do primeiro uso Pode ir a lava louças Não utilizar produtos abrasivos na lavagem • Material: Aço inox 18/10 • Capacidade: 1,3 Litros • Peso: 1,157kg • Dimensões: 28,5cm x 12,5cm x 12,5cm (AxLxP) • Garantia: 10 anos",,1199.00,"Spicy BR",30615,,,https://images2.productserve.com/?w=200&h=200&bg=white&trim=5&t=letterbox&url=ssl%3Aspicy.vteximg.com.br%2Farquivos%2Fids%2F181953_2&feedId=72009&k=de8262d31142ee42663280041674651b874dfa50,BRL,,,https://www.spicy.com.br/garrafa-termica-eleganza-13-litros-emsa/p?idsku=17823,,,BRL1199.00,72009,,,,4080050499,2005409,4009049203829
https://www.awin1.com/pclick.php?p=35979066186&a=3093907&m=30615,"Colher Nuova para Serviço Vazada em Inox 16cm WMF",35979066186,17836,https://spicy.vteximg.com.br/arquivos/ids/196376_2,"Tenha para sua mesa a mais completa coleção da linha Nuova com a colher de vegetais, deixando sua mesa com elegância e produto de alta qualidade, podendo usar quantas vezes precisar e com a certeza que a colher irá durar. A colher para vegetais da linha Nuova feita especialmente para elegância da sua mesa, com aço inox Cromargan que resiste à ferrugem, acidez, riscos e prolonga a vida do produto. Ficha técnica: • Código: 4080011438 • Marca: WMF • Modelo: Nuova • Conteúdo da Embalagem: 1 Colher • Especificações do produto: Pode ir a lava louças • Material: Aço inox Cromargan • Peso: 0,046kg • Dimensões: 2cm x 4cm x 18,5cm (AxLxP) • Garantia: 2 Anos",,149.00,"Spicy BR",30615,,,https://images2.productserve.com/?w=200&h=200&bg=white&trim=5&t=letterbox&url=ssl%3Aspicy.vteximg.com.br%2Farquivos%2Fids%2F196376_2&feedId=72009&k=75443c8f178030274b231503cb0836705ac07776,BRL,,,https://www.spicy.com.br/colher-nuova-para-servico-vazada-em-inox-16cm-wmf/p?idsku=17836,,,BRL149.00,72009,,,,4080011438,2005422,4000530689900
https://www.awin1.com/pclick.php?p=34476410845&a=3093907&m=30615,"Tigela Ocean Melamina Kenya Azul",34476410845,17984,https://spicy.vteximg.com.br/arquivos/ids/233079_2,"Aproveite para ter louças mais resistentes, sua matéria-prima sustente uma rentabilidade bem mais durável, já que resiste a arranhões e rachaduras. O custo beneficio perfeito para um churrasco em família. Utilize de um materiais de louça mais conhecidos. Com a coleção de melamina é possível enfeitar perfeitamente sua mesa da maneira que desejar. Ficha técnica • Código: 4089870004 • Marca: Kenya • Modelo: Sky Melamina • Conteúdo da Embalagem: 1 Tigela • Especificações do produto: Vai à lava louças Não vai ao micro-ondas • Capacidade: 700ml • Peso: 0,155Kg • Dimensões: 19cm x 19cm x 7,5cm (AxLxP) • Garantia: 3 meses",,24.90,"Spicy BR",30615,,,https://images2.productserve.com/?w=200&h=200&bg=white&trim=5&t=letterbox&url=ssl%3Aspicy.vteximg.com.br%2Farquivos%2Fids%2F233079_2&feedId=72009&k=9df91627cff9678fa4b32b5933899e16e274e3cc,BRL,,,https://www.spicy.com.br/tigela-ocean-melamina-kenya/p?idsku=17984,,,BRL24.90,72009,,,,4089870004,2005562,7899100675194
https://www.awin1.com/pclick.php?p=37538840127&a=3093907&m=30615,"Prato de Sobremesa Ocean Melamina Kenya Azul",37538840127,17985,https://spicy.vteximg.com.br/arquivos/ids/233084_2,"Aproveite para ter louças mais resistentes, sua matéria-prima sustente uma rentabilidade bem mais durável, já que resiste a arranhões e rachaduras. O custo beneficio perfeito para um churrasco em família. Utilize de um materiais de louça mais conhecidos. Com a coleção de melamina é possível enfeitar perfeitamente sua mesa da maneira que desejar. Ficha técnica • Código: 4089870005 • Marca: Kenya • Modelo: Ocean Melamina • Conteúdo da Embalagem: 1 Prato para Sobremesa • Especificações do produto: Vai à lava louças Não vai ao micro-ondas • Peso: 0,15Kg • Dimensões: 20cm x 20cm x 1,5cm (AxLxP) • Garantia: 3 meses",,24.90,"Spicy BR",30615,,,https://images2.productserve.com/?w=200&h=200&bg=white&trim=5&t=letterbox&url=ssl%3Aspicy.vteximg.com.br%2Farquivos%2Fids%2F233084_2&feedId=72009&k=aff43f06434ce44ed1a1f38b657f5caa24fb61b2,BRL,,,https://www.spicy.com.br/prato-de-sobremesa-ocean-melamina-kenya/p?idsku=17985,,,BRL24.90,72009,,,,4089870005,2005563,7899100675200
https://www.awin1.com/pclick.php?p=37748244528&a=3093907&m=30615,"Prato de Jantar Ocean Melamina Kenya Azul",37748244528,17986,https://spicy.vteximg.com.br/arquivos/ids/233088_2,"Aproveite para ter louças mais resistentes, sua matéria-prima sustente uma rentabilidade bem mais durável, já que resiste a arranhões e rachaduras. O custo beneficio perfeito para um churrasco em família. Utilize de um materiais de louça mais conhecidos. Com a coleção de melamina é possível enfeitar perfeitamente sua mesa da maneira que desejar. Ficha técnica • Código: 4089870006 • Marca: Kenya • Modelo: Ocean Melamina • Conteúdo da Embalagem: 1 Prato de Jantar • Especificações do produto: Vai à lava louças Não vai ao micro-ondas • Peso: 0,28Kg • Dimensões: 28cm x 28cm x 1,5cm (AxLxP) • Garantia: 3 meses",,39.90,"Spicy BR",30615,,,https://images2.productserve.com/?w=200&h=200&bg=white&trim=5&t=letterbox&url=ssl%3Aspicy.vteximg.com.br%2Farquivos%2Fids%2F233088_2&feedId=72009&k=b6a4a6e3eec2747f2524499c424c8a7f9a532e31,BRL,,,https://www.spicy.com.br/prato-de-jantar-ocean-melamina-kenya/p?idsku=17986,,,BRL39.90,72009,,,,4089870006,2005564,7899100675217
https://www.awin1.com/pclick.php?p=33152872299&a=3093907&m=30615,"2 Taças para Vinho Performance Riesling 623ml Riedel",33152872299,17995,https://spicy.vteximg.com.br/arquivos/ids/177409_2,"Para uma perfeita degustação e apresentação de seus vinhos da melhor maneira possível! Perfeitos para jantares românticos, formais, elegantes e aniversários. A linha Performance é feita em vidro de cristal cintilante e apresenta hastes longas e finas com bases estáveis. O impacto óptico e exclusivo da linha não exalta apenas o aspecto visual do vinho, mas também aumenta a área interna, permitindo que o vinho exalte todas as características e seus aromas. A nova linha da Riedel combina o melhor do impacto óptico, proporcionando o melhor sabor do vinho, tornando a Performance a nova coleção de taças essencial para todos os amantes do vinho. Ficha técnica: • Código: 4088190199 • Marca: Riedel • Modelo: Performance • Conteúdo da Embalagem: 2 Taças Taças com maior durabilidade Design exclusivo Melhor experiência com sabor e aroma Corte a laser com borda polida feita para direcionar o fluxo de vinho direto a língua Pode ir ao lava louças Não levar ao micro ondas • Material: Cristal • Capacidade: 623ml • Peso da embalagem: 0,623kg • Dimensões da embalagem: 9cm x 9cm x 24cm (AxLxP) • Garantia: 3 Meses - Contra defeito de fabricação",,799.00,"Spicy BR",30615,,,https://images2.productserve.com/?w=200&h=200&bg=white&trim=5&t=letterbox&url=ssl%3Aspicy.vteximg.com.br%2Farquivos%2Fids%2F177409_2&feedId=72009&k=b7c58275bc1e4c757d984512a116778e6aeca36b,BRL,,,https://www.spicy.com.br/conjunto-de-2-tacas-para-vinho-performance-riesling-623ml-riedel/p?idsku=17995,,,BRL799.00,72009,,,,4088190199,2005573,9006206527366
https://www.awin1.com/pclick.php?p=35576616660&a=3093907&m=30615,"Lixeira New Icon em Inox 5 Litros Brabantia",35576616660,18003,https://spicy.vteximg.com.br/arquivos/ids/176824_2,"Uma combinação perfeita de praticidade e requinte para sua casa ou escritório, esta lixeira com pedal em aço inox de fácil higienização e extremamente resistente a corrosão. Com design atemporal, sofisticado, com fechamento suave e silencioso e operação de pedal que facilita o manuseio. Fabricada pela Holandesa Brabantia, marca com mais de 90 anos de tradição, reconhecida internacionalmente pela inovação e qualidade de seus produtos. Ficha técnica: • Código: 4081301089 • Marca: Brabantia • Modelo: New Icon • Conteúdo da Embalagem: 1 Lixeira • Especificações do produto: Fecho suave e operação de pedal super leve Fechamento à prova de odores Fácil de limpar balde interno removível Base antiderrapante protege o piso e mantém o cesto estável O balde interno possui aberturas de ventilação especiais fácil de trocar • Material: Aço Inox • Capacidade: 5 Litros • Peso: 1,07kg • Dimensões: 29,1cm x 20,5cm x 27,2cm(AxLxP) • Garantia: 10 Anos",,429.00,"Spicy BR",30615,,,https://images2.productserve.com/?w=200&h=200&bg=white&trim=5&t=letterbox&url=ssl%3Aspicy.vteximg.com.br%2Farquivos%2Fids%2F176824_2&feedId=72009&k=a54ee5185c6fde6762ea21b18c6c99a2ab938f2d,BRL,,,https://www.spicy.com.br/lixeira-new-icon-em-inox-5-litros-brabantia/p?idsku=18003,,,BRL429.00,72009,,,,4081301089,2005581,8710755112621
https://www.awin1.com/pclick.php?p=45940836875&a=3093907&m=30615,"Cafeteira Francesa Blend Mondo 350ml Maxwell & Williams",45940836875,18009,https://spicy.vteximg.com.br/arquivos/ids/182708_2,"O sabor essencial do café, já que a prática utilizada é a imersão, a água se mistura ao café, fazendo com que a valorização das caraterísticas naturais sejam mais destacadas. Você controla a velocidade que a bebida passa no filtro, além de exaltar o sabor, o controle é todo seu. O café fica tão mais encorpado do que em métodos comuns, há uma concentração bem mais acentuada, mostrando o sabor do verdadeiro café. Não é apenas o nome que deixa este método tão sofisticado, suas vantagens e benefícios não só enaltam sua prática como fazem com que a utilização seja especial. Uma das melhores maneiras de fazer café é atemporal, já que mesmo sua técnica existindo desde 1852, não fica antiquado tampouco ultrapassado, a melhor performance para exaltar o aroma e o sabor. Ficha técnica: • Código: 4080331407 • Marca: Maxwell & Williams • Modelo: Blend Mondo • Conteúdo da Embalagem: 1 Cafeteira •Especificações do produto: Vai a lava louças Livre de BPA Pode ir ao micro ondas sem a tampa • Material: Detalhes e tampa de aço inox, corpo de vidro borosilicato e plástico • Capacidade: 350ml • Peso: 0,24kg • Dimensões: 16cm x 7,8cm x 12cm (AxLxP) • Garantia: 3 Meses - Contra defeito de fabricação",,169.00,"Spicy BR",30615,,,https://images2.productserve.com/?w=200&h=200&bg=white&trim=5&t=letterbox&url=ssl%3Aspicy.vteximg.com.br%2Farquivos%2Fids%2F182708_2&feedId=72009&k=e722eca76e471cbe72891120fc1e5be02115074b,BRL,,,https://www.spicy.com.br/cafeteira-francesa-blend-mondo-350ml-maxwell-williams/p?idsku=18009,,,BRL169.00,72009,,,,4080331407,2005587,9315121786865
https://www.awin1.com/pclick.php?p=45940836876&a=3093907&m=30615,"Cafeteira Francesa Blend Mondo 1 Litro Maxwell & Williams",45940836876,18010,https://spicy.vteximg.com.br/arquivos/ids/182711_2,"O sabor essencial do café, já que a prática utilizada é a imersão, a água se mistura ao café, fazendo com que a valorização das caraterísticas naturais sejam mais destacadas. Você controla a velocidade que a bebida passa no filtro, além de exaltar o sabor. O controle é todo seu! O café fica tão mais encorpado do que em métodos comuns, há uma concentração bem mais acentuada, mostrando o verdadeiro café. Não é apenas o nome que deixa este método tão sofisticado, suas vantagens e benefícios não só enaltam sua prática como faz com que a utilização seja especial. Uma das melhores maneiras de fazer café é atemporal, já que mesmo sua técnica existindo desde 1852, não fica antiquado tampouco ultrapassado, a melhor performance para exaltar o aroma e sabor. Ficha técnica: • Código: 4080331408 • Marca: Maxwell & Williams • Modelo: Blend Mondo • Conteúdo da Embalagem: • Especificações do produto: Vai a lava louças Livre de BPA Pode ir ao micro ondas sem a tampa • Material: Detalhes e tampa de aço inox, corpo de vidro borosilicato e plástico • Capacidade: 1 Litro • Peso: 0,20kg • Dimensões: 12cm x 12cm x 4cm (AxLxP) • Garantia: 3 Meses - Contra defeito de fabricação",,239.00,"Spicy BR",30615,,,https://images2.productserve.com/?w=200&h=200&bg=white&trim=5&t=letterbox&url=ssl%3Aspicy.vteximg.com.br%2Farquivos%2Fids%2F182711_2&feedId=72009&k=205d848b277b56740faf6d550f5b028825f7b8fd,BRL,,,https://www.spicy.com.br/cafeteira-francesa-blend-mondo-1-litro-maxwell-williams/p?idsku=18010,,,BRL239.00,72009,,,,4080331408,2005588,9315121786872
https://www.awin1.com/pclick.php?p=44915041638&a=3093907&m=30615,"Churrasqueira a Gás Genesis II E-315 Weber",44915041638,18260,https://spicy.vteximg.com.br/arquivos/ids/206194_2,"Os maiores benefícios de uma churrasqueira à gás frente a uma churrasqueira à carvão são: o controle de temperatura, a conveniência de manuseio similar com o que fazemos com o fogão e a limpeza (sem carvão, nem cinzas, com o sistema de coleta de gordura). A Weber é revolucionária, suas churrasqueiras contam com desempenho, usabilidade e durabilidade excepcionais. A Churrasqueira Genesis II E 315 contém funcionalidades que transformam ela por si só em uma obra prima. Especificações do produto: • Barras Flavorizantes Aperfeiçoadas: • Pequenos recortes laterais feitos pra facilitar a visualização da chama • Sistema de Coleta de Gordura Aperfeiçoado • Reposicionado ao centro da churrasqueira melhorando a eficiência na canalização da gordura e dos resíduos do churrasco para a bandeja coletora de gordura • Queimadores Aperfeiçoados • Pressão constante do gás por toda sua extensão. Distribuição de calor homogênea por toda a superfície da grelha. Resistência a corrosão (aço inox 304). Menos riscos de entupimento • Sistema de Ignição Aperfeiçoado • Atua em cada um dos queimadores de forma individualizada • Garante que as churrasqueiras acendam sempre, eletrodos e demais componentes eletrônicos protegidos de umidade • 2 Andares de Grelha: Permite o preparo de legumes e pães de alho na brasa • Gabinete: Para armazenar seus utensílios de churrasco • Cuidados: Após o uso, limpe as grelhas, barras flavorizantes, tubos queimadores, caixa de cozimento e todo o interior da churrasqueira com uma escova adequada. Lave periodicamente sua churrasqueira interna e externamente com água, sabão neutro e uma esponja macia, seque em seguida e mantenha seca • As churrasqueiras são projetadas para trabalhar exclusivamente com gás de botijão, e a Weber não recomenda a conversão das churrasqueiras ao gás natural • A Mcassab não realiza a adequação do item ao gás natural e não assume qualquer responsabilidade pela modificação Ficha técnica: • Código: 4082070270 • Marca: Weber • Modelo: Genesis II E-315 • Conteúdo da Embalagem: 1 Manual de instruções, 1 Churrasqueira • Material: Aço e esmaltado em porcelana • Cor: Preto • Peso: 58Kg • Dimensões : 119,38cm x 149,86cm x 73,66cm (AXLXP) • Garantia: Até 10 anos de garantia ofertadas pelo fabricante observando todos os procedimentos de limpeza e cuidado",,18999.00,"Spicy BR",30615,,,https://images2.productserve.com/?w=200&h=200&bg=white&trim=5&t=letterbox&url=ssl%3Aspicy.vteximg.com.br%2Farquivos%2Fids%2F206194_2&feedId=72009&k=94647b754f96a5dcb296a2f7a2d353a9e4f547bb,BRL,,,https://www.spicy.com.br/churrasqueira-a-gas-genesis-ii-e-315-weber/p?idsku=18260,,,BRL18999.00,72009,,,,4082070270,2005839,0077924083914
https://www.awin1.com/pclick.php?p=35979066416&a=3093907&m=30615,"Mini Processador Empire 127V KitchenAid Vermelho",35979066416,20662,https://spicy.vteximg.com.br/arquivos/ids/186862_2,"O Mini Processador de Alimentos possui controles simples e intuitivos e é perfeito para o uso diário na cozinha. Compacto e leve, conta com lâmina multiuso ideal para picar rapidamente os ingredientes, além de preparar molhos, cremes e muito mais! Para obter melhores resultados, os alimentos maiores devem ser cortados em cubos de aproximadamente 2,5cm antes do processamento. Esta etapa também permite o processamento de mais alimentos de uma única vez. Com precisão no corte e sua lâmina multiuso, prepara molhos e cremes com muita eficiência, além de ser ideal para picar rapidamente ingredientes. Use o Pilão para adicionar convenientemente ingredientes líquidos enquanto processa molhos para saladas, maioneses, emulsões, molhos e muito mais. Use o bico de verter para servir mais facilmente. Verta lentamente líquidos, como óleo, no Pilão. O líquido será misturado de forma eficiente e completa nos ingredientes à medida que estes giram dentro da jarra de trabalho. Ficha técnica: • Código: 4088760078 • Marca: KitchenAid • Modelo: Empire • Conteúdo da Embalagem: 1 Mini Processador • Especificações do produto: Não processe grãos de café ou especiarias duras, como noz-moscada, pois podem danificar o Processador de Alimentos Use o Processador de Alimentos para picar frutas, legumes ou nozes crus e picar salsa, cebolinha o alho, etc Funções: Picar, triturar, cortar, sovar, purê + batedor de massa Botão PULSE/ONE Lâmina de aço inox multiuso Pilão e bico de verter Limpar colocando água e sabão e ativando a função pulsar A Jarra de trabalho, tampa e a lâmina podem ser lavadas na prateleira superior da máquina de lavar louça ou lave todas as peças em água quente e ensaboada, enxágue e seque • Material: Inox • Voltagem: 127V • Potência: 240W • Capacidade: 0,8 Litros • Cor: Vermelho • Peso: 1,5kg • Dimensões: 30,5cm x 45,5cm x 19,1cm (AxLxP) • Garantia: 3 Meses - Contra defeito de fabricação • Certificado Número UL-BR 19.0376 - Produto possui certificação de segurança compulsória, certificado pelo UL do Brasil, organismo acreditado pela CGCRE do Inmetro",,599.00,"Spicy BR",30615,,,https://images2.productserve.com/?w=200&h=200&bg=white&trim=5&t=letterbox&url=ssl%3Aspicy.vteximg.com.br%2Farquivos%2Fids%2F186862_2&feedId=72009&k=c82c02c51479a01b77cbc9cc187f0c5399be60a5,BRL,,,https://www.spicy.com.br/mini-processador-empire-127v-kitchenaid-vermelho/p?idsku=20662,,,BRL599.00,72009,,,,4088760078,2008153,7891129237643
https://www.awin1.com/pclick.php?p=33152872429&a=3093907&m=30615,"Processador Empire 127V Kitchenaid Vermelho",33152872429,20663,https://spicy.vteximg.com.br/arquivos/ids/183210_2,"Com design funcional, o processador de alimentos 2,1 litros é compacto e versátil, permitindo picar, cortar, triturar, sovar e fazer purê de forma rápida e eficiente. Garanta resultados superiores, corte preciso em qualquer tipo de alimento, fácil limpeza, praticidade e adequação para todas as necessidades. Fácil de montar e usar, operando em duas velocidades e função pulsar. Com design funcional, o processador de alimentos é compacto e versátil. Ideal para o preparo rápido e eficiente dos ingredientes, ele garante resultados precisos e diversas possibilidades de criação. As lâminas e discos podem ser empilhados dentro da tigela e o fio enrolado sob a base. Possui tigela com vedação de borracha resistente a vazamento, que se encaixa na base com apenas um clique, além de tampa com trava e botões com iluminação em LED. Possui duas velocidades (alta e baixa) e função pulsar, que podem ser ativadas com apenas um clique. A tigela possui tudo de alimentação 2 em 1, permitindo a adição de ingredientes líquidos ou sólidos de diferentes tamanhos durante o preparo. O Processador garante ainda uma maior praticidade, com tigela que pode ser limpa colocando água e sabão e ativando a função pulsar, e capaz de armazenar seus acessórios dentro, ocupando um menor espaço na cozinha. Ficha técnica: • Código: 4088760079 • Marca: Kitchenaid • Modelo: Empire • Conteúdo da embalagem: 1 Processador • Especificações do produto: Funções: Picar, triturar, cortar, sovar, purê + batedor de massa Lâminas? Sim. Uma multiuso + uma de massa Discos? Sim. 3 (reversível para cortar ou triturar em tamanho fino (2mm), em tamanho médio (4mm) e de corte em tamanho grosso (6mm) As imagens do produto são meramente ilustrativas • Material: Inox • Voltagem: 127V • Potência: 250W • Capacidade: 2,1 litros • Cor: Vermelho • Peso: 4,20kg • Dimensões da embalagem: 43,4cm x 31,5m x 24,6cm (AxLxP) • Garantia: 1 ano • Certificado Número UL-BR 19.0692 - Produto possui certificação de segurança compulsória, certificado pelo UL do Brasil, organismo acreditado pela CGCRE do Inmetro",,1419.00,"Spicy BR",30615,,,https://images2.productserve.com/?w=200&h=200&bg=white&trim=5&t=letterbox&url=ssl%3Aspicy.vteximg.com.br%2Farquivos%2Fids%2F183210_2&feedId=72009&k=0c0f8744db90e11ba78883ae17bd15192dd17078,BRL,,,https://www.spicy.com.br/processador-empire-red-110v-kitchenaid/p?idsku=20663,,,BRL1419.00,72009,,,,4088760079,2008154,7891129237568
https://www.awin1.com/pclick.php?p=33152872425&a=3093907&m=30615,"Balde de Gelo Plástico com Pinça 3,1 Litros OXO",33152872425,20822,https://spicy.vteximg.com.br/arquivos/ids/185981_2,"Tenha em mãos a praticidade para suas bedidase drinks. Receba os convidados da melhor maneira com um balde de gelo que não só deixa o gelo congelado por mais tempo por conta de sua parede dupla, mas com pinça e porta guarnições, faça sua bebida e/ou drink de maneira completa. O balde de gelo armazena até 3,1 litros, vem um acompanhamento para colocar guarnições e uma pinça, que pode ser pendurada em ambos dos lados do balde e você ainda pode retirar o compartimento de guarnições do balde para ter mais espaço para os cubos de gelo. Ficha técnica: • Código: 4080570687 • Marca: OXO • Conteúdo da Embalagem: 1 Balde de Gelo • Especificações do produto: Livre de BPA Lavar a mão • Material: Balde e compartimento em plástico e pinça em náilon • Capacidade: 3,1 Litros • Peso: 1,13kg • Dimensões: 20cm x 22cm x 20cm (AxLxP) • Garantia: 3 Meses",,509.00,"Spicy BR",30615,,,https://images2.productserve.com/?w=200&h=200&bg=white&trim=5&t=letterbox&url=ssl%3Aspicy.vteximg.com.br%2Farquivos%2Fids%2F185981_2&feedId=72009&k=2d2f17470916f8f896fe2be031cd735f88f34286,BRL,,,https://www.spicy.com.br/balde-de-gelo-plastico-com-pinca-38-litros-oxo/p?idsku=20822,,,BRL509.00,72009,,,,4080570687,2008310,719812046938
https://www.awin1.com/pclick.php?p=33152872431&a=3093907&m=30615,"Espremedor de Laranja 2 em 1 OXO",33152872431,20823,https://spicy.vteximg.com.br/arquivos/ids/185989_2,"Além de poder tomar um suco na hora que quiser, o espremedor 2 em 1 da OXO traz o máximo conforto para qualquer final de tarde com os amigos ou em um café da manhã sozinho. Não goteja, não faz sujeira e ainda é fácil de organizar com peças encaixáveis. O espremedor 2 em 1, conta com uma tampa maior para espremer laranja e outra menor para limão. Praticidade para fazer o suco sem muito esforço, o design foi feito para maior facilidade na hora de segurar. Ficha técnica: • Código: 4080570688 • Marca: OXO • Conteúdo da Embalagem: 1 Espremedor • Especificações do produto: Bico do compartimento desenvolvido para não gotejar o liquído Livre de BPA Pode ir à lava louças • Material: Plástico • Capacidade: 350ml • Peso: 0,195kg • Dimensões: 21cm x 14cm x 13cm (AxLxP) • Garantia: 3 Meses - Contra defeito de fabricação",,129.00,"Spicy BR",30615,,,https://images2.productserve.com/?w=200&h=200&bg=white&trim=5&t=letterbox&url=ssl%3Aspicy.vteximg.com.br%2Farquivos%2Fids%2F185989_2&feedId=72009&k=a5e452f41c2022dc81333e44502f3ffb4a2d9e42,BRL,,,https://www.spicy.com.br/espremedor-de-laranja-2-em-1-oxo/p?idsku=20823,,,BRL129.00,72009,,,,4080570688,2008311,719812687926
https://www.awin1.com/pclick.php?p=38784633840&a=3093907&m=30615,"Garrafa Térmica Plaza Quick Press 1 Litro Emsa Vermelha",38784633840,21028,https://spicy.vteximg.com.br/arquivos/ids/184809_2,"Tenha na sua mesa essa garrafa prática, versátil e duradoura para compartilhar os melhores momentos do café de manhã e do café da tarde, a linha Plaza combina toda praticidade com um design único. É 100% a prova de vazamentos, em aço inox 18/10 resistente à riscos e corrosão. Seu sistema Aroma Diomond mantém o aroma do café e intensifica seus sabores devido ao seu compartimento de vidro. A bebida fica fria por 24 horas e a quente por 12 horas. Através de seu sistema quick press, basta utilizar uma mão para abrir a garrafa! Ficha técnica: • Código: 4080050512 • Marca: Emsa • Modelo: Plaza Quick Press • Conteúdo da Embalagem: 1 Garrafa Térmica • Especificações do produto: Não vai a lava louças Lavar a mão • Material: Superfície de plástico, aço inox e compartimento interior de vidro • Capacidade: 1 Litro • Cor: Vermelho • Peso: 1,04kg • Dimensões: 27cm x 13,8cm x 15,9cm (AxLxP) • Garantia: 10 anos",,799.00,"Spicy BR",30615,,,https://images2.productserve.com/?w=200&h=200&bg=white&trim=5&t=letterbox&url=ssl%3Aspicy.vteximg.com.br%2Farquivos%2Fids%2F184809_2&feedId=72009&k=01ba1144ced99088e9855131297a4384b324278c,BRL,,,https://www.spicy.com.br/garrafa-termica-plaza-quick-press-1-litro-emsa-vermelha/p?idsku=21028,,,BRL799.00,72009,,,,4080050512,2008518,4009049522531
https://www.awin1.com/pclick.php?p=44677758396&a=3093907&m=30615,"Garrafa Térmica Plaza Quick Press 1 Litro Emsa Branco",44677758396,21029,https://spicy.vteximg.com.br/arquivos/ids/184815_2,"Tenha na sua mesa essa garrafa prática, versátil e duradoura para compartilhar os melhores momentos do café de manhã e do café da tarde, a linha Plaza combina toda praticidade com um design único. É 100% a prova de vazamentos, em aço inox 18/10 resistente à riscos e corrosão. Seu sistema Aroma Diomond mantém o aroma do café e intensifica seus sabores devido ao seu compartimento de vidro. A bebida fica fria por 24 horas e a quente por 12 horas. Através de seu sistema quick press, basta utilizar uma mão para abrir a garrafa! Ficha técnica: • Código: 4080050513 • Marca: Emsa • Modelo: Plaza Quick Press • Conteúdo da Embalagem: 1 Garrafa Térmica • Especificações do produto: Não vai a lava louças Lavar a mão • Material: Superfície de plástico, aço inox e compartimento interior de vidro • Capacidade: 1 Litro • Cor: Branco • Peso: 1,04kg • Dimensões: 27cm x 13,8cm x 15,9cm (AxLxP) • Garantia: 10 anos",,799.00,"Spicy BR",30615,,,https://images2.productserve.com/?w=200&h=200&bg=white&trim=5&t=letterbox&url=ssl%3Aspicy.vteximg.com.br%2Farquivos%2Fids%2F184815_2&feedId=72009&k=f9d48c16d8cedf9d620fdf8518b60be5d9b042fc,BRL,,,https://www.spicy.com.br/garrafa-termica-plaza-quick-press-1-litro-emsa-branco/p?idsku=21029,,,BRL799.00,72009,,,,4080050513,2008519,4009049370170
https://www.awin1.com/pclick.php?p=33152872453&a=3093907&m=30615,"Prato Raso Geo Carbon Matte 26cm Porto Brasil Preto",33152872453,21113,https://spicy.vteximg.com.br/arquivos/ids/234070_2,"A vida na terra é feita de carbono, a matéria-prima essencial para as crianças mais ousadas e inovadoras da natureza. Essa força criativa inspirou a linha Carbon, corajosa, genuína e essencial. A Porto Brasil lança a mais inovadora coleção de sua história. Assinada pelo chef Carlos Bertolazzi, a coleção Geo foi inspirada na essência da Terra para surpreender em elementos contemporâneos, sofisticados e singulares. Especificações do Produto: • A limpeza das peças é fácil e prática e pode ser feita com detergente, esponja macia ou máquina de lavar louças • Nâo é aconselhável usar no forno convencional, apenas micro ondas • Evite o choque térmico, nunca coloque as peças quentes em lugares frios ou em contato diretamente com a água • Cuidados: Esmaltes cerâmicos possuem dureza superior a maioria dos metais utilizados na fabricação de talheres. Por isto, toda vez que um talher produzido com metal de baixa dureza for utilizado em produtos cerâmicos ou de porcelana, sofrerá um desgaste sobre a peça. O que ocorre não é um risco e sim um desgaste do metal sobre a peça. Se isto ocorrer, basta deixar este prato de molho no vinagre ou produtos que possuem saponáceo. Depois enxágue em água abundante e lave com esponja e detergente Ficha Técnica: • Código: 4089140091 • Marca: Porto Brasil • Modelo: Geo Carbon Matte • Conteúdo da Embalagem: 1 Prato raso • Material: Cerâmica Stoneware • Cor: Preto • Peso: 0,780g • Dimensões: 26,5cm x 2,9cm (AxP) • Garantia: 3 meses (Contra defeito de fabricação)",,59.90,"Spicy BR",30615,,,https://images2.productserve.com/?w=200&h=200&bg=white&trim=5&t=letterbox&url=ssl%3Aspicy.vteximg.com.br%2Farquivos%2Fids%2F234070_2&feedId=72009&k=594c0c0ac148c51dc2e99e66b53b66de1d9149ef,BRL,,,https://www.spicy.com.br/prato-raso-geo-carbon-matte-26cm-porto-brasil-preto/p?idsku=21113,,,BRL59.90,72009,,,,4089140091,2008550,7899001060631
https://www.awin1.com/pclick.php?p=33152872507&a=3093907&m=30615,"Prato Fundo Geo Carbon Matte 21cm Porto Brasil Preto",33152872507,21114,https://spicy.vteximg.com.br/arquivos/ids/234075_2,"A vida na terra é feita de carbono, a matéria-prima essencial para as crianças mais ousadas e inovadoras da natureza. Essa força criativa inspirou a linha Carbon, corajosa, genuína e essencial. A Porto Brasil lança a mais inovadora coleção de sua história. Assinada pelo chef Carlos Bertolazzi, a coleção Geo foi inspirada na essência da Terra para surpreender em elementos contemporâneos, sofisticados e singulares. Especificações do Produto: • A limpeza das peças é facil e prática e pode ser feita com detergente, esponja macia ou máquina de lavar louças • Não é aconselhável usar no forno convencional, apenas micro ondas • Evite o choque térmico, nunca coloque as peças quentes em lugares frios ou em contato diretamente com a agua • Cuidados: Esmaltes cerâmicos possuem dureza superior a maioria dos metais utilizados na fabricação de talheres. Por isto, toda vez que um talher produzido com metal de baixa dureza for utilizado em produtos cerâmicos ou de porcelana, sofrerá um desgaste sobre a peça. O que ocorre não é um risco e sim um desgaste do metal sobre a peça. Se isto ocorrer, basta deixar este prato de molho no vinagre ou produtos que possuem saponáceo. Depois enxágue em água abundante e lave com esponja e detergente Ficha Técnica: • Código: 4089140092 • Marca: Porto Brasil • Modelo: Geo Carbon Matte • Material: Cerâmica Stoneware • Conteúdo da Embalagem: 1 Prato fundo • Cor: Preto • Peso: 0,511kg • Dimensões: 21,2cm x 4,5cm (AxP) • Garantia: 3 meses",,54.90,"Spicy BR",30615,,,https://images2.productserve.com/?w=200&h=200&bg=white&trim=5&t=letterbox&url=ssl%3Aspicy.vteximg.com.br%2Farquivos%2Fids%2F234075_2&feedId=72009&k=c612e1dd1c1ab193fdcc49ed1a6f2e01969e0642,BRL,,,https://www.spicy.com.br/prato-fundo-geo-carbon-matte-21cm-porto-brasil-preto/p?idsku=21114,,,BRL54.90,72009,,,,4089140092,2008551,7899001060648
https://www.awin1.com/pclick.php?p=33152872491&a=3093907&m=30615,"Prato para Sobremesa Geo Carbon Matte 19cm Porto Brasil Preto",33152872491,21115,https://spicy.vteximg.com.br/arquivos/ids/234065_2,"A vida na terra é feita de carbono, a matéria-prima essencial para as crianças mais ousadas e inovadoras da natureza. Essa força criativa inspirou a linha Carbon, corajosa, genuína e essencial. A Porto Brasil lança a mais inovadora coleção de sua história. Assinada pelo chef Carlos Bertolazzi, a coleção Geo foi inspirada na essência da Terra para surpreender em elementos contemporâneos, sofisticados e singulares. Especificações do Produto: • A limpeza das peças é facil e prática e pode ser feita com detergente, esponja macia ou máquina de lavar louças • Nâo é aconselhável usar no forno convencional, apenas micro ondas • Evite o choque térmico, nunca coloque as peças quentes em lugares frios ou em contato diretamente com a água • Cuidados: Esmaltes cerâmicos possuem dureza superior a maioria dos metais utilizados na fabricação de talheres. • Toda vez que um talher produzido com metal de baixa dureza for utilizado em produtos cerâmicos ou de porcelana, sofrerá um desgaste sobre a peça. O que ocorre não é um risco e sim um desgaste do metal sobre a peça. Se isto ocorrer, basta deixar este prato de molho no vinagre ou produtos que possuem saponáceo. Depois enxágue em água abundante e lave com esponja e detergente Ficha Técnica: • Código: 4089140093 • Marca: Porto Brasil • Modelo: Geo Carbon Matte • Conteúdo da Embalagem: 1 Prato de sobremesa • Material: Cerâmica Stoneware • Cor: Preto • Peso: 0,449g • Dimensões: 19,5cm x 2,7cm (AxP) • Garantia: 3 meses (Contra defeito de fabricação)",,49.90,"Spicy BR",30615,,,https://images2.productserve.com/?w=200&h=200&bg=white&trim=5&t=letterbox&url=ssl%3Aspicy.vteximg.com.br%2Farquivos%2Fids%2F234065_2&feedId=72009&k=a3d1ca05607a479a9b830ba37f788d26eef33cf0,BRL,,,https://www.spicy.com.br/prato-para-sobremesa-geo-carbon-matte-19cm-porto-brasil-preto/p?idsku=21115,,,BRL49.90,72009,,,,4089140093,2008552,7899001060655
https://www.awin1.com/pclick.php?p=33152872445&a=3093907&m=30615,"Xícara para Café Geo Carbon Matte 120ml Porto Brasil Preto",33152872445,21116,https://spicy.vteximg.com.br/arquivos/ids/234060_2,"A vida na terra é feita de carbono, a matéria-prima essencial para as crianças mais ousadas e inovadoras da natureza. Essa força criativa inspirou a linha Carbon, corajosa, genuína e essencial. A Porto Brasil lança a mais inovadora coleção de sua história. Assinada pelo chef Carlos Bertolazzi, a coleção Geo foi inspirada na essência da Terra para surpreender em elementos contemporâneos, sofisticados e singulares. Especificações do Produto: • A limpeza das peças é fácil e prática e pode ser feita com detergente, esponja macia ou máquina de lavar louças • Nâo é aconselhavel usar no forno convencional, apenas microondas • Evite o choque térmico, nunca coloque as peças quentes em lugares frios ou em contato diretamente com a água • Cuidados: Esmaltes cerâmicos possuem dureza superior a maioria dos metais utilizados na fabricação de talheres. Por isto, toda vez que um talher produzido com metal de baixa dureza for utilizado em produtos cerâmicos ou de porcelana, sofrerá um desgaste sobre a peça. O que ocorre não é um risco e sim um desgaste do metal sobre a peça. Se isto ocorrer, basta deixar este prato de molho no vinagre ou produtos que possuem saponáceo. Depois enxágue em água bundante e lave com esponja e detergente Ficha Técnica: • Código: 4089140094 • Marca: Porto Brasil • Modelo: Geo Matte • Conteúdo da Embalagem: 1 Xícara e 1 Píres • Material: Cerâmica Stoneware • Capacidade: 120ml • Cor: Preto • Peso: 0,780g • Dimensões: - Xícara 6,9cm x 6,5cm (AxP) - Píres 13,3cm x 1,5cm (AxP) • Garantia: 3 meses",,49.90,"Spicy BR",30615,,,https://images2.productserve.com/?w=200&h=200&bg=white&trim=5&t=letterbox&url=ssl%3Aspicy.vteximg.com.br%2Farquivos%2Fids%2F234060_2&feedId=72009&k=db8dac4c0df0b692300682960686ba3e2bfe0e68,BRL,,,https://www.spicy.com.br/xicara-para-cafe-geo-matte-120ml-porto-brasil-preto/p?idsku=21116,,,BRL49.90,72009,,,,4089140094,2008553,7899001060679
https://www.awin1.com/pclick.php?p=33152872447&a=3093907&m=30615,"Conjunto com 4 Potes Quadrados Pop 2.0 OXO",33152872447,21145,https://spicy.vteximg.com.br/arquivos/ids/187144_2,"Abra, guarde, tampe e organize. Os potes POP 2.0 trazem comodidade para o dia-dia, evitando dores de cabeça por causa de espaço e alimentos mal armazenados. Suas tampas contam com melhor vedação, aumentando a vida útil dos alimentos. Há mais de 25 anos atrás, depois de Sam Farber criar acessórios para facilitar a vida de sua esposa que sofria de artrite, foram criados os primeiros utensílios da OXO. Desde então, a marca é referência de praticidade e inovação. E agora trouxemos mais novidades... Ficha técnica: • Código: 4080570692 • Marca: OXO • Modelo: Pop 2.0 • Conteúdo da Embalagem: 4 Potes • Especificações do produto: Visual moderno Tampa com vedação Qualidade do material Praticidade Organização Vai à lava-louças Não utilizar produtos abrasivos na lavagem Livre de BPA • Material: Policarbonato • Capacidade: 189ml • Peso: 0,68kg • Dimensão unitária: 8,2cm x 3,5cm x 7,1cm (AxLxP) • Dimensões com embalagem: 20cm x 17cm x 9cm (AxLxP) • Garantia: 3 Meses",,299.00,"Spicy BR",30615,,,https://images2.productserve.com/?w=200&h=200&bg=white&trim=5&t=letterbox&url=ssl%3Aspicy.vteximg.com.br%2Farquivos%2Fids%2F187144_2&feedId=72009&k=a023b6969710a1c2a293842d07ccc43f51ab5830,BRL,,,https://www.spicy.com.br/conjunto-com-4-potes-quadrados-pop-2-0-oxo/p?idsku=21145,,,BRL299.00,72009,,,,4080570692,2008582,719812685175
https://www.awin1.com/pclick.php?p=37748244529&a=3093907&m=30615,"Conjunto de 4 Facas para Queijo Kenya Preto",37748244529,21201,https://spicy.vteximg.com.br/arquivos/ids/187481_2,"Degustar queijo é ótimo, contudo, mais do que escolher o seu favorito, é necessário servi-lo adequadamente, cortando cada pedaço como deve ser cortado. O jogo de facas com suporte da Kenya não pode faltar entre os utensílios de cozinha dos apreciadores de queijos. São perfeitos para fatiar variados tipos, oferecendo praticidade e corte ágil. Conjunto para variados tipos de queijo, em material de alta qualidade promovendo melhor performance nos cortes e durabilidade. Ficha técnica: • Código: 4081660101 • Marca: Kenya • Conteúdo da Embalagem: 1 Faca queijo macio 1 Faca queijo quebradiço 1 Faca queijo duro 1 Garfo para servir • Especificações do produto: Não vai a lava-louças Não utilizar produtos abrasivos na lavagem Objeto cortante, manuseie com cuidado, sempre pelas extremidades • Material: Aço inox, com cabo plástico e suporte de acrílico • Peso: 0,420kg • Dimensões: 9cm x 6,7cm x 17cm (AxLxP) • Garantia: 3 meses",,159.00,"Spicy BR",30615,,,https://images2.productserve.com/?w=200&h=200&bg=white&trim=5&t=letterbox&url=ssl%3Aspicy.vteximg.com.br%2Farquivos%2Fids%2F187481_2&feedId=72009&k=998863be432c05a951190116bd5272a9393e6cd7,BRL,,,https://www.spicy.com.br/conjunto-de-5-facas-para-queijo-kenya-preto/p?idsku=21201,,,BRL159.00,72009,,,,4081660101,2008660,7899100676023
https://www.awin1.com/pclick.php?p=36108057719&a=3093907&m=30615,"Panela Molheira Signature 16cm para Indução Le Creuset Vermelha",36108057719,22889,https://spicy.vteximg.com.br/arquivos/ids/185631_2,"O interior curvado e a base arredondada desta panela tornam o preparo de molhos uma tarefa fácil. Com a ajuda de um fouet, faça molhos bechamel oníricos! O cabo alongado e uma alça de apoio providenciam um controle fundamental em cima no fogão nesse tipo de preparo. O ferro fundido esmaltado é um material excelente que funciona bem para as mais diversas necessidades da cozinha moderna. Para qualquer tipo de cozimento, seja fritar, refogar, cozinhar lentamente, selar uma carne ou assar um bolo, esta categoria possui um formato apropriado. O ferro fundido funciona bem desde para o cozimento lento em baixas temperaturas até grelhados em altas temperaturas. O ferro fundido pode ser usado de forma confiável em qualquer fonte de calor, incluindo, forno ou grelha. Possui uma incrível capacidade de reter o calor de forma eficiente, o que permite o seu uso em configurações de calor mais baixas no fogão e no forno a gás. Na mesa, um utensílio coberto pode manter a comida quente por muito mais tempo. O ferro fundido também pode ser usado para manter os alimentos frios. Por conta da capacidade de reter temperaturas altas e baixas, um utensílio gelado pode ser usado para servir pratos frios, ideal em um dia quente de verão. Utensílios de ferro também podem ser colocados no congelador para armazenamento de alimentos ou para o preparo de pratos avançados. Ficha técnica: • Código: 4082380072 • Marca: Le Creuset • Modelo: Signature • Conteúdo da Embalagem: 1 Panela • Especificações do produto: Exterior colorido e duradouro, com esmalte resistente a lascas e a rachaduras, esmalte interior resistente e duradouro O esmalte interior de cor de areia facilita o monitoramento dos alimentos à medida que ele cozinha O puxador pode ser pego com segurança a qualquer temperatura do forno Os estabilizadores de tampa embutidos fornecem um ajuste seguro e sem deslizamento Peso mais leve por litro do que qualquer panela de ferro fundido premium disponível no mercado Pode ser usado em todas as fontes de calor, incluindo a indução • Material: Ferro Fundido • Capacidade: 2,2 Litros • Cor: Vermelha • Peso: 2,942kg • Dimensões: 15,6cm x 18cm x 38,3cm (AxLxP) • Garantia do ferro fundido: Vitalícia",,1989.00,"Spicy BR",30615,,,https://images2.productserve.com/?w=200&h=200&bg=white&trim=5&t=letterbox&url=ssl%3Aspicy.vteximg.com.br%2Farquivos%2Fids%2F185631_2&feedId=72009&k=c5ff0a085a7ed3d2bc8f13f2696f2057bcf4c4a2,BRL,,,https://www.spicy.com.br/panela-molheira-signature-16cm-le-creuset-vermelha/p?idsku=22889,,,BRL1989.00,72009,,,,4082380072,2010291,0024147261254
https://www.awin1.com/pclick.php?p=37463558430&a=3093907&m=30615,"Caneca em Cerâmica 350ml Le Creuset Preto",37463558430,22905,https://spicy.vteximg.com.br/arquivos/ids/185736_2,"De chocolate quente ao café e porções individuais de sopa ou sobremesa, essa caneca de cerâmica oferece um design versátil e resistente para o uso diário. Todos os itens da linha de cerâmica da Le Creuset são designs originais e foram feitos à mão, tornando cada peça única. Devido a esta singularidade, pode haver pequenas variações de peça para peça.A sua superfície esmaltada é fácil de limpar e resistente a riscos. O esmalte é completamente higiênico e não obsorve odores ou sabores. A linha de cerâmica da Le Creuset é extremamente resistente e durável, e resistente a manchas, riscos e rachaduras. As alças e puxadores forma projetados para um apoio seguro e fácil de segurar. Ficha técnica: • Código: 4082380013 • Marca: Le Creuset • Conteúdo da Embalagem: 1 Caneca • Especificações do produto: Pode ser levada ao microondas, congelador, geladeira, máquina de lavar louça, forno ou grelha • Material: Cerâmica • Capacidade: 350ml • Temperatura: até 260°C • Cor: Preto • Peso: 0,340kg • Dimensões: 9,5cm x 9,2cm x 12,3cm (AxLxP) • Garantia da cerâmica: 5 anos",,149.00,"Spicy BR",30615,,,https://images2.productserve.com/?w=200&h=200&bg=white&trim=5&t=letterbox&url=ssl%3Aspicy.vteximg.com.br%2Farquivos%2Fids%2F185736_2&feedId=72009&k=737d7d471f27bc1de58ca80f3e00413089f4851a,BRL,,,https://www.spicy.com.br/caneca-em-ceramica-350ml-le-creuset-preto/p?idsku=22905,,,BRL149.00,72009,,,,4082380013,2010307,0843251105472
https://www.awin1.com/pclick.php?p=35040088867&a=3093907&m=30615,"Caneca Capuccino em Cerãmica 200ml Le Creuset Preto",35040088867,22908,https://spicy.vteximg.com.br/arquivos/ids/185746_2,"Incrivelmente elegante, a caneca capuccino é ideal para desfrutar de sua bebida favorita a qualquer hora do dia, projetada para oferecer uma experiência única ao tomar café. Todos os itens da linha de cerâmica da Le Creuset são designs originais e foram feitos à mão, tornando cada peça única. Devido a esta singularidade, pode haver pequenas variações de peça para peça.A sua superfície esmaltada é fácil de limpar e resistente a riscos. O esmalte é completamente higiênico e não obsorve odores ou sabores. A linha de cerâmica da Le Creuset é extremamente resistente e durável, e resistente a manchas, riscos e rachaduras. As alças e puxadores forma projetados para um apoio seguro e fácil de segurar. Ficha técnica: • Código: 4082380016 • Marca: Le Creuset • Conteúdo da Embalagem: 1 Caneca • Especificações do produto: Pode ser levada ao microondas, congelador, geladeira, máquina de lavar louça, forno ou grelha • Material: Cerâmica • Capacidade: 200ml • Temperatura: até 260°C • Cor: Preto • Peso: 0,250kg • Dimensões: 7,9cm x 8cm x 10,5cm (AxLxP) • Garantia da cerâmica: 5 anos",,129.00,"Spicy BR",30615,,,https://images2.productserve.com/?w=200&h=200&bg=white&trim=5&t=letterbox&url=ssl%3Aspicy.vteximg.com.br%2Farquivos%2Fids%2F185746_2&feedId=72009&k=1afc0fd49ef54591f07c6568ae988f2d1a85e6a6,BRL,,,https://www.spicy.com.br/caneca-capuccino-em-ceramica-200ml-le-creuset-preto/p?idsku=22908,,,BRL129.00,72009,,,,4082380016,2010310,0843251105298
https://www.awin1.com/pclick.php?p=36715178034&a=3093907&m=30615,"Caçarola Marmita Signature 26cm para Indução Le Creuset Vermelha",36715178034,22944,https://spicy.vteximg.com.br/arquivos/ids/185621_2,"Esta panela é o recipiente ideal para cozinhar em fogo brando. Suas laterais tornam o cozimento mais eficiente, pois são calibradas exatamente na mesma espessura da base e da tampa, promovendo um movimento contínuo de circulação e distribuição de calor. O ferro fundido esmaltado é um material excelente que funciona bem para as mais diversas necessidades da cozinha moderna. Para qualquer tipo de cozimento, seja fritar, refogar, cozinhar lentamente, selar uma carne ou assar um bolo, esta categoria possui um formato apropriado. O ferro fundido funciona bem desde para o cozimento lento em baixas temperaturas até grelhados em altas temperaturas. O ferro fundido pode ser usado de forma confiável em qualquer fonte de calor, incluindo, forno ou grelha. Possui uma incrível capacidade de reter o calor de forma eficiente, o que permite o seu uso em configurações de calor mais baixas no fogão e no forno a gás. Na mesa, um utensílio coberto pode manter a comida quente por muito mais tempo. O ferro fundido também pode ser usado para manter os alimentos frios. Por conta da capacidade de reter temperaturas altas e baixas, um utensílio gelado pode ser usado para servir pratos frios, ideal em um dia quente de verão. Utensílios de ferro também podem ser colocados no congelador para armazenamento de alimentos ou para o preparo de pratos avançados. Ficha técnica: • Código: 4082380052 • Marca: Le Creuset • Modelo: Signature • Conteúdo da Embalagem: 1 Caçarola • Especificações do produto: Exterior colorido e duradouro, com esmalte resistente a lascas e a rachaduras, esmalte interior resistente e duradouro O esmalte interior de cor de areia facilita o monitoramento dos alimentos à medida que ele cozinha O puxador pode ser pego com segurança a qualquer temperatura do forno Os estabilizadores de tampa embutidos fornecem um ajuste seguro e sem deslizamento Peso mais leve por litro do que qualquer panela de ferro fundido premium disponível no mercado Pode ser usado em todas as fontes de calor, incluindo a indução • Material: Ferro Fundido • Capacidade: 4,1 Litros • Cor: Vermelho • Peso: 4,255kg • Dimensões: 16,1cm x 26cm x 34,8cm (AxLxP) • Garantia do ferro fundido: Vitalícia",,2419.00,"Spicy BR",30615,,,https://images2.productserve.com/?w=200&h=200&bg=white&trim=5&t=letterbox&url=ssl%3Aspicy.vteximg.com.br%2Farquivos%2Fids%2F185621_2&feedId=72009&k=f9c42c4a79b239eb711479188b6aef443d226e98,BRL,,,https://www.spicy.com.br/cacarola-marmita-signature-26cm-le-creuset-vermelha/p?idsku=22944,,,BRL2419.00,72009,,,,4082380052,2010346,0024147294771
https://www.awin1.com/pclick.php?p=35576616664&a=3093907&m=30615,"Grelha Retangular Tradicional 32cm Le Creuset Vermelha",35576616664,23145,https://spicy.vteximg.com.br/arquivos/ids/186370_2,"Garantindo cozimento com baixo teor de gordura, a Grelha Retangular Lisa recria o delicioso sabor de carnes e peixes de restaurantes em sua casa. O interior esmaltado preto é robusto e durável, feito para suportar temperaturas altas. Nosso esmalte preto possui excelentes propriedades. Os alimentos deslizam facilmente, embora não seja uma superfície antiaderente. Por isso, o óleo ou azeite necessários para cozinhar são mínimos. Ficha técnica: • Código: 4082380120 • Marca: Le Creuset • Modelo: Retangular • Conteúdo da Embalagem: 1 Grelha • Especificações do produto: Cozinha rapidamente e com um mínimo de gordura Grelhados de carnes, peixes, frangos, legumes e frutas Fritar ovos, bacon e linguiças Gratinar com queijo parmesão sob a grade Servir diretamente à mesa com muito estilo Adequadas para vários tipos de placas (incluindo gás, óleo ou madeira), mas não deve ser usadas em qualquer superfície de cozimento de vidro • Material: Ferro fundido • Cor: Vermelho • Peso: 3,048kg • Dimensões: 8,6cm x 43cm x 27cm (AxLxP) • Garantia: Vitalícia",,1239.00,"Spicy BR",30615,,,https://images2.productserve.com/?w=200&h=200&bg=white&trim=5&t=letterbox&url=ssl%3Aspicy.vteximg.com.br%2Farquivos%2Fids%2F186370_2&feedId=72009&k=d189cfd2dbf944172e993fa8f2bfa43e536f7543,BRL,,,https://www.spicy.com.br/grelha-retangular-tradicional-32cm-le-creuset-vermelha/p?idsku=23145,,,BRL1239.00,72009,,,,4082380120,2010547,0024147305972
https://www.awin1.com/pclick.php?p=34434876237&a=3093907&m=30615,"Conjunto de 6 Taças para Cerveja Bohemia Anna 380ml",34434876237,23281,https://spicy.vteximg.com.br/arquivos/ids/186798_2,"Presente em mais de 100 paises, a Bohemia é a marca de vidro e cristal que oferece produtos modernos e de mais alta qualidade, pois unem tradição, tecnologia, precisão e arte. Com taças feitas em cristal, você tem a modernidade e elegância com taças brilhantes. Combinado com a forma e cor das taças, há um aumento do reflexo da luz, garantido sua beleza e originalidade. Ficha técnica: •Código: 4089180066 •Conteúdo da Embalagem: 6 Taças •Especificações do produto: Pode ir a lava louças, não utilizar produtos abrasivos na lavagem Não levar ao micro ondas e manipular com precaução. •Material: Cristal •Capacidade: 380ml •Peso: 0,196kg •Dimensões:18,7cm x 7,5cm x 7,5cm. (AxLxP) •Garantia: 3 Meses - Contra defeito de fabricação",,169.00,"Spicy BR",30615,,,https://images2.productserve.com/?w=200&h=200&bg=white&trim=5&t=letterbox&url=ssl%3Aspicy.vteximg.com.br%2Farquivos%2Fids%2F186798_2&feedId=72009&k=9395fb6b433562e6a6f494b37ef37b27e1094f5d,BRL,,,https://www.spicy.com.br/conjunto-de-6-tacas-para-cerveja-bohemia-anna--380ml-full-fit/p?idsku=23281,,,BRL169.00,72009,,,,4089180066,2010683,8593410902085
https://www.awin1.com/pclick.php?p=38557539642&a=3093907&m=30615,"Mini Processador Empire 220V Kitchenaid Vermelho",38557539642,23303,https://spicy.vteximg.com.br/arquivos/ids/186869_2,"O Mini Processador de Alimentos possui controles simples e intuitivos e é perfeito para o uso diário na cozinha. Compacto e leve, conta com lâmina multiuso ideal para picar rapidamente os ingredientes, além de preparar molhos, cremes e muito mais! Para obter melhores resultados, os alimentos maiores devem ser cortados em cubos de aproximadamente 2,5cm antes do processamento. Esta etapa também permite o processamento de mais alimentos de uma única vez. Com precisão no corte e sua lâmina multiuso, prepara molhos e cremes com muita eficiência, além de ser ideal para picar rapidamente ingredientes. Use o Pilão para adicionar convenientemente ingredientes líquidos enquanto processa molhos para saladas, maioneses, emulsões, molhos e muito mais. Use o bico de verter para servir mais facilmente. Verta lentamente líquidos, como óleo, no Pilão. O líquido será misturado de forma eficiente e completa nos ingredientes à medida que estes giram dentro da jarra de trabalho. Ficha técnica: • Código: 4088760084 • Marca: KitchenAid • Modelo: Empire • Conteúdo da Embalagem: 1 Mini Processador • Especificações do produto: Não processe grãos de café ou especiarias duras, como noz-moscada, pois podem danificar o Processador de Alimentos Use o Processador de Alimentos para picar frutas, legumes ou nozes crus e picar salsa, cebolinha o alho, etc Funções: Picar, triturar, cortar, sovar, purê + batedor de massa Botão PULSE/ONE Lâmina de aço inox multiuso Pilão e bico de verter Limpar colocando água e sabão e ativando a função pulsar A Jarra de trabalho, tampa e a lâmina podem ser lavadas na prateleira superior da máquina de lavar louça ou lave todas as peças em água quente e ensaboada, enxágue e seque • Material: Inox • Voltagem: 220V • Potência: 240W • Capacidade: 0,8 Litros • Cor: Vermelho • Peso: 1,5kg • Dimensões: 30,5cm x 45,5cm x 19,1cm (AxLxP) • Garantia: 3 Meses - Contra defeito de fabricação • Certificado Número UL-BR 19.0376 - Produto possui certificação de segurança compulsória, certificado pelo UL do Brasil, organismo acreditado pela CGCRE do Inmetro",,599.00,"Spicy BR",30615,,,https://images2.productserve.com/?w=200&h=200&bg=white&trim=5&t=letterbox&url=ssl%3Aspicy.vteximg.com.br%2Farquivos%2Fids%2F186869_2&feedId=72009&k=68a40dcd44098be02f749c78041d21f03c53b9e8,BRL,,,https://www.spicy.com.br/mini-processador-empire-220v-kitchenaid-vermelho/p?idsku=23303,,,BRL599.00,72009,,,,4088760084,2010708,7891129237704
https://www.awin1.com/pclick.php?p=43509327324&a=3093907&m=30615,"Processador Empire 220V Kitchenaid Vermelho",43509327324,23304,https://spicy.vteximg.com.br/arquivos/ids/186876_2,"Com design funcional, o processador de alimentos 2,1 litros é compacto e versátil, permitindo picar, cortar, triturar, sovar e fazer purê de forma rápida e eficiente. Garanta resultados superiores, corte preciso em qualquer tipo de alimento, fácil limpeza, praticidade e adequação para todas as necessidades. Fácil de montar e usar, operando em duas velocidades e função pulsar. Com design funcional, o processador de alimentos é compacto e versátil. Ideal para o preparo rápido e eficiente dos ingredientes, ele garante resultados precisos e diversas possibilidades de criação. As lâminas e discos podem ser empilhados dentro da tigela e o fio enrolado sob a base. Possui tigela com vedação de borracha resistente a vazamento, que se encaixa na base com apenas um clique, além de tampa com trava e botões com iluminação em LED. Possui duas velocidades (alta e baixa) e função pulsar, que podem ser ativadas com apenas um clique. A tigela possui tudo de alimentação 2 em 1, permitindo a adição de ingredientes líquidos ou sólidos de diferentes tamanhos durante o preparo. O Processador garante ainda uma maior praticidade, com tigela que pode ser limpa colocando água e sabão e ativando a função pulsar, e capaz de armazenar seus acessórios dentro, ocupando um menor espaço na cozinha. Ficha técnica: • Código: 4088760085 • Marca: Kitchenaid • Modelo: Empire • Conteúdo da embalagem: 1 Processador • Especificações do produto: Funções: Picar, triturar, cortar, sovar, purê + batedor de massa Lâminas? Sim. Uma multiuso + uma de massa Discos? Sim. 3 (reversível para cortar ou triturar em tamanho fino (2mm), em tamanho médio (4mm) e de corte em tamanho grosso (6mm) As imagens do produto são meramente ilustrativas • Material: Inox • Voltagem: 220V • Potência: 250W • Capacidade: 2,1 litros • Cor: Vermelho • Peso: 4,20kg • Dimensões da embalagem: 43,4cm x 31,5m x 24,6cm (AxLxP) • Garantia: 1 ano • Certificado Número UL-BR 19.0692 - Produto possui certificação de segurança compulsória, certificado pelo UL do Brasil, organismo acreditado pela CGCRE do Inmetro",,1419.00,"Spicy BR",30615,,,https://images2.productserve.com/?w=200&h=200&bg=white&trim=5&t=letterbox&url=ssl%3Aspicy.vteximg.com.br%2Farquivos%2Fids%2F186876_2&feedId=72009&k=3adaa22cc3d92231579e5c68cc034f87c32b5781,BRL,,,https://www.spicy.com.br/processador-empire-220v-kitchenaid-vermelho/p?idsku=23304,,,BRL1419.00,72009,,,,4088760085,2010709,7891129237629
https://www.awin1.com/pclick.php?p=33353551363&a=3093907&m=30615,"Decantador de Cristal Performance 1,04 Litros Riedel",33353551363,23357,https://spicy.vteximg.com.br/arquivos/ids/195803_2,"Apresentar um bom vinho num decanter da Riedel permite que a sua cor se exiba da melhor forma, bem como também acrescenta muito na fruição do vinho, proporcionando prazer para os olhos, bem como no paladar. Feito à mão com a técnica de sopro originalmente em Veneza, apresenta clareza e resistência do vidro que só se consegue com os materiais mais puros; Ajudando a ressaltar as melhores qualidades do vinho. A linha Performance é feita em vidro de cristal cintilante e apresenta hastes longas e finas com bases estáveis. O impacto óptico e exclusivo da linha não exalta apenas o aspecto visual do vinho, mas também aumenta a área interna, permitindo que o vinho exalte todas as características e seus aromas. A nova linha da Riedel combina o melhor do impacto óptico, proporcionando o melhor sabor do vinho, tornando a Performance a nova coleção de taças essencial para todos os amantes do vinho. Ficha técnica: • Código: 4088190212 • Marca: Riedel • Modelo: Performance • Conteúdo da Embalagem: 1 Decantador • Material: Cristal • Capacidade: 1,04 Litros • Peso: 392kg • Dimensões: 25,6cm x 14,5cm x 14,5cm (AxLxP) • Garantia: 3 Meses - Contra defeito de fabricação",,299.00,"Spicy BR",30615,,,https://images2.productserve.com/?w=200&h=200&bg=white&trim=5&t=letterbox&url=ssl%3Aspicy.vteximg.com.br%2Farquivos%2Fids%2F195803_2&feedId=72009&k=2739acab6472cb8a9c0366dad6a8efcf5f25edb8,BRL,,,https://www.spicy.com.br/decantador-de-cristal-performance-104l-riedel/p?idsku=23357,,,BRL299.00,72009,,,,4088190212,2010760,9006206528226
https://www.awin1.com/pclick.php?p=33152872687&a=3093907&m=30615,"Conjunto de 5 Xícaras Medidoras OXO Preto",33152872687,23368,https://spicy.vteximg.com.br/arquivos/ids/196184_2,"Os copos de medição de 6 peças se encaixam para que você possa retirar apenas o que precisa, deixando o resto perfeitamente unido. As alças têm punhos antiderrapantes macios e confortáveis e marcações de medição permanentes. Medições codificadas por cores e fáceis de ler na lateral ajudam você a encontrar o copo do tamanho certo mais rápido. O recurso de encaixe exclusivo mantém as xicaras juntas para armazenamento. Desencaixe facilmente uma xícara de cada vez enquanto o resto permanece conectado. O raspador pode ser usado para nivelar ingredientes. Ficha técnica: • Código: 4080570697 • Marca: OXO • Conteúdo da Embalagem: 5 Xícaras medidoras e 1 Raspador • Material: Plástico • Cor: Preto • Peso: 0,18kg • Dimensões: 24,8cm x 11,4cm x 0,9cm (AxLxP) • Garantia: 3 Meses",,119.00,"Spicy BR",30615,,,https://images2.productserve.com/?w=200&h=200&bg=white&trim=5&t=letterbox&url=ssl%3Aspicy.vteximg.com.br%2Farquivos%2Fids%2F196184_2&feedId=72009&k=e9d001f487d71429f2638150e3ea0e54f46ace4f,BRL,,,https://www.spicy.com.br/conjunto-de-5-xicaras-medidoras-oxo-preto/p?idsku=23368,,,BRL119.00,72009,,,,4080570697,2010771,719812041100
https://www.awin1.com/pclick.php?p=33152872751&a=3093907&m=30615,"Martelo para Carne em Carbono 24cm OXO",33152872751,23372,https://spicy.vteximg.com.br/arquivos/ids/196194_2,"Prepare sem esforço seus cortes de carne favoritos com o Amaciante de Carne OXO Good Grips. Este martelo de dois lados permite que você esmague o frango para cozinhar mais rápido ou amaciar o bife para derreter na boca. Os dentes em forma de pirâmide são perfeitos para quebrar fibras mais duras para amaciar proteínas e prepará-las para a marinada. O lado liso facilita o trabalho de aplainar carnes a uma espessura uniforme para um cozimento também uniforme. O núcleo de aço inoxidável e a cabeça angular são projetados para maximizar a força sem cansá-lo. A alça macia se ajusta confortavelmente à sua mão enquanto você trabalha. Ficha técnica: • Código: 4080570701 • Marca: OXO • Conteúdo da Embalagem: 1 Martelo para Carne • Material: Carbono • Peso: 0,38kg • Dimensões: 24,6cm x 6,2cm x 0,04cm (AxLxP) • Garantia: 3 Meses - Contra defeito de fabricação",,169.00,"Spicy BR",30615,,,https://images2.productserve.com/?w=200&h=200&bg=white&trim=5&t=letterbox&url=ssl%3Aspicy.vteximg.com.br%2Farquivos%2Fids%2F196194_2&feedId=72009&k=fd5f59faeadd118b0fed2264c58fa14b4cd05d8c,BRL,,,https://www.spicy.com.br/martelo-para-carne-em-carbono-24cm-oxo/p?idsku=23372,,,BRL169.00,72009,,,,4080570701,2010775,719812000770
https://www.awin1.com/pclick.php?p=35979066247&a=3093907&m=30615,"Porta Utensílios de Pia em Aço Inox OXO",35979066247,23373,https://spicy.vteximg.com.br/arquivos/ids/187775_2,"O novo porta utensilio facilita a organização na cozinha além de ter uma forma que pode caber mais itens e sem pegar grande espaço na pia. Graças à sua forma curvada, o porta utensílios cabe em áreas estreitas ou rente a uma parede. Um leve alargamento nas paredes laterais permite inserir e remover ferramentas facilmente. Tenha em mãos a praticidade para organizar a cozinha com estilo. Ficha técnica: • Código: 4080570702 • Marca: OXO • Conteúdo da Embalagem: 1 Porta utensílios • Especificações do produto: Vai na lava-louças • Material: Aço Inox • Peso: 0,64kg • Dimensões: 15,75cm x 11,94cm x 21,08cm (AxLxP) • Garantia: 3 Meses - Contra defeito de fabricação",,279.00,"Spicy BR",30615,,,https://images2.productserve.com/?w=200&h=200&bg=white&trim=5&t=letterbox&url=ssl%3Aspicy.vteximg.com.br%2Farquivos%2Fids%2F187775_2&feedId=72009&k=6f641503f20ffe9f0059450b76c05563b0d54282,BRL,,,https://www.spicy.com.br/porta-utensilios-de-pia-em-aco-inox-oxo/p?idsku=23373,,,BRL279.00,72009,,,,4080570702,2010776,719812014210
https://www.awin1.com/pclick.php?p=33152872625&a=3093907&m=30615,"Garrafa de Azeite em Vidro OXO",33152872625,23374,https://spicy.vteximg.com.br/arquivos/ids/187771_2,"Esteja você colocando óleo em uma panela ou salpicando vinagre em uma salada, a garrafa da OXO é a ferramenta perfeita. Além do bico não ter gotejamento, a garrafa foi projetada com duas velocidades de fluxo para que você sempre obtenha a quantidade certa de azeite e nem uma gota a mais. A tampa se abre para facilitar a limpeza. O corpo de vidro e os detalhes em aço inoxidável dão a esta garrafa um apelo da cozinha à mesa, e ele também pode ser usado para vinagre e molho de soja. Ficha técnica: • Código: 4080570703 • Marca: OXO • Conteúdo da Embalagem: 1 Garrafa em vidro • Especificações do produto: Vai na lava-louças • Material: vidro boro, tritan, silicone e aço inox • Peso: 0,25kg • Dimensões: 19,81cm x 5,33cm x 6,6cm (AxLxP) • Garantia: 3 Meses - Contra defeito de fabricação",,249.00,"Spicy BR",30615,,,https://images2.productserve.com/?w=200&h=200&bg=white&trim=5&t=letterbox&url=ssl%3Aspicy.vteximg.com.br%2Farquivos%2Fids%2F187771_2&feedId=72009&k=cc6f581838dac3f98eec758d15ce58be6716cdc3,BRL,,,https://www.spicy.com.br/garrafa-de-azeite-em-vidro-oxo/p?idsku=23374,,,BRL249.00,72009,,,,4080570703,2010777,719812686356
https://www.awin1.com/pclick.php?p=33152872739&a=3093907&m=30615,"Forma de Gelo com Tampa 35cm OXO",33152872739,23377,https://spicy.vteximg.com.br/arquivos/ids/200464_2,"Com a forma de gelo da OXO você pode fazer gelo de maneira mais fácil ainda, sua tampa deslizante permite que você decida exatamente quantos cubos deseja, mantendo o resto seguro enquanto você os remove ou coloca água para fazer mais gelo. A tampa pode ser facilmente empilhada no freezer e otimiza o espaço. Tampa deslizante para liberar ou fazer quantos cubos de gelo escolher. A tampa evita que os cubos de gelo absorvam os odores do congelador. Forma tem o formato de cubo arredondado que auxilia para que o gelo seja liberado com mais facilidade. Ficha técnica: • Código: 4080570706 • Marca: OXO • Conteúdo da Embalagem: 1 Forma de Gelo • Especificações do produto: Livre de BPA Vai a lava louças • Material: Plástico • Peso: 0,200kg • Dimensões: 35,56cm x 14,48cm x 5,08cm (AxLxP) • Garantia: 3 Meses",,89.90,"Spicy BR",30615,,,https://images2.productserve.com/?w=200&h=200&bg=white&trim=5&t=letterbox&url=ssl%3Aspicy.vteximg.com.br%2Farquivos%2Fids%2F200464_2&feedId=72009&k=ebd67aac80be91d7b19607642085bd3a6a189740,BRL,,,https://www.spicy.com.br/forma-de-gelo-com-tampa--35cm-oxo/p?idsku=23377,,,BRL89.90,72009,,,,4080570706,2010780,719812000886
https://www.awin1.com/pclick.php?p=33215430565&a=3093907&m=30615,"Tábua de Cozinha em Plástico 27x18cm OXO",33215430565,23378,https://spicy.vteximg.com.br/arquivos/ids/196551_2,"A Tábua de Corte OXO Good Grips é a ferramenta ideal para todas as tarefas de picar, fatiar e cortar em cubos para criar uma refeição satisfatória. A sua base não porosa bloqueia a água e os odores para uma superfície de corte fresca. Sua base contém antiderrapantes que ajudam a manter a placa de corte no lugar, para mais segurança enquanto você corta. Especificações do produto: • Contém um coletor de líquido integrado para evitar que os alimentos com mais água sujem a bancada • Leve e fácil de manusear • Prático e fácil de guardar • Pode ir na máquina de lavar Ficha técnica: • Código: 4080570707 • Marca: OXO • Modelo: Good Grips • Conteúdo da Embalagem: 1 Tábua • Material: Plástico • Peso: 0,37kg • Dimensões: 27,1cm x 18,6cm x 1,1cm (AxLxP) • Garantia: 3 Meses contra defeito de fabricação",,209.00,"Spicy BR",30615,,,https://images2.productserve.com/?w=200&h=200&bg=white&trim=5&t=letterbox&url=ssl%3Aspicy.vteximg.com.br%2Farquivos%2Fids%2F196551_2&feedId=72009&k=cd3a8059b1b1759df47ae6c021902997a13ec616,BRL,,,https://www.spicy.com.br/tabua-de-cozinha-em-plastico-27x18cm-oxo/p?idsku=23378,,,BRL209.00,72009,,,,4080570707,2010781,0719812688848
https://www.awin1.com/pclick.php?p=35979066248&a=3093907&m=30615,"Tábua de Cozinha em Plástico 22x32cm OXO",35979066248,23379,https://spicy.vteximg.com.br/arquivos/ids/196198_2,"A Tábua de Corte Diária OXO Good Grips é a ferramenta ideal para todas as tarefas de picar, fatiar e cortar em cubos para criar uma refeição satisfatória. A sua base não porosa bloqueia a água e os odores para uma superfície de corte fresca. Sua base contém antiderrapantes que ajudam a manter a placa de corte no lugar, para mais segurança enquanto você corta. Especificações do produto: • Contém um coletor de líquido integrado para evitar que os alimentos com mais água sujem a bancada • Leve e fácil de manusear • Prático e fácil de guardar • Pode ir na máquina de lavar Ficha técnica: • Código: 4080570708 • Marca: OXO • Modelo: Good Grips • Conteúdo da Embalagem: 1 Tábua para corte • Material: Plástico • Peso: 0,56kg • Dimensões: 1cm x 22,3cm x 32,5cm (AxLxP) • Garantia: 3 Meses contra defeito de fabricação",,259.00,"Spicy BR",30615,,,https://images2.productserve.com/?w=200&h=200&bg=white&trim=5&t=letterbox&url=ssl%3Aspicy.vteximg.com.br%2Farquivos%2Fids%2F196198_2&feedId=72009&k=5997cfa760759e1b74cffba96d75ef2a4b520813,BRL,,,https://www.spicy.com.br/tabua-de-cozinha-em-plastico-22x32cm-oxo/p?idsku=23379,,,BRL259.00,72009,,,,4080570708,2010782,719812688855
https://www.awin1.com/pclick.php?p=39997783828&a=3093907&m=30615,"Tábua de Cozinha em Plástico 26x37cm OXO",39997783828,23380,https://spicy.vteximg.com.br/arquivos/ids/196201_2,"A Tábua de Corte Diária OXO Good Grips é a ferramenta ideal para todas as tarefas de picar, fatiar e cortar em cubos para criar uma refeição satisfatória. A sua base não porosa bloqueia a água e os odores para uma superfície de corte fresca. Sua base contém antiderrapantes e ajudam a manter a placa de corte no lugar para segurança enquanto você corta. Contem um coletor de liquido integrado para evitar que até os alimentos com mais agua baguncem a bancada. Leve e Fácil de manusear. Prático e fácil de guardar. Ficha técnica: • Código: 4080570709 • Marca: OXO • Conteúdo da Embalagem: 1 Tábua para corte • Material: Plástico • Peso: 0,76kg • Dimensões: 1cm x 26,6cm x 37,4cm (AxLxP) • Garantia: 3 Meses contra defeito de fabricação",,319.00,"Spicy BR",30615,,,https://images2.productserve.com/?w=200&h=200&bg=white&trim=5&t=letterbox&url=ssl%3Aspicy.vteximg.com.br%2Farquivos%2Fids%2F196201_2&feedId=72009&k=3789f83918a420171773fdba0309b2dab4cc5e38,BRL,,,https://www.spicy.com.br/tabua-de-cozinha-em-plastico-26x37cm-oxo/p?idsku=23380,,,BRL319.00,72009,,,,4080570709,2010783,719812688862
https://www.awin1.com/pclick.php?p=37172666773&a=3093907&m=30615,"Mini Processador Kitchenaid 127V Preto",37172666773,23504,https://spicy.vteximg.com.br/arquivos/ids/187285_2,"O Mini Processador de Alimentos possui controles simples e intuitivos, funcionando em duas velocidades ou função pulsar, com sistema de operação “ One Touch ”. Compacto e leve, possui tigela com capacidade para 800 ml, sendo perfeito para uso diário na cozinha, além de ser facilmente armazenado. Transformando os ingredientes de forma precisa, ele é ideal para picar rapidamente, além de preparar molhos, cremes e muito mais! Ficha técnica: • Código: 4088760119 • Marca: KitchenAid • Conteúdo da Embalagem: 1 Mini Processador • Especificações do produto: Não processe grãos de café ou especiarias duras, como noz-moscada, pois podem danificar o Processador de Alimentos Use o Processador de Alimentos para picar frutas, legumes ou nozes crus e picar salsa, cebolinha o alho, etc Funções: Picar, triturar, cortar, sovar, purê + batedor de massa Botão PULSE/ONE Lâmina de aço inox multiuso Pilão e bico de verter Limpar colocando água e sabão e ativando a função pulsar A Jarra de trabalho, tampa e a lâmina podem ser lavadas na prateleira superior da máquina de lavar louça ou lave todas as peças em água quente e ensaboada, enxágue e seque • Material: Tigela e tampa de policarbonato e lâmina de aço inox • Voltagem: 127V • Capacidade: 0,8 Litros • Cor: Preto • Peso: 1,5kg • Dimensões: 24,5cm x 17,2cm x 17,2cm (AxLxP) • Garantia: 3 Meses - Contra defeito de fabricação • Certificado UL-BR 19.0376 - Produto possui certificação de segurança compulsória, certificado pelo UL, organismo acreditado pela CGCRE do Inmetro",,659.00,"Spicy BR",30615,,,https://images2.productserve.com/?w=200&h=200&bg=white&trim=5&t=letterbox&url=ssl%3Aspicy.vteximg.com.br%2Farquivos%2Fids%2F187285_2&feedId=72009&k=de6c8a054ac49136f9e3f7b3998eb527be478cc1,BRL,,,https://www.spicy.com.br/mini-processador-kitchenaid-127v-preto/p?idsku=23504,,,BRL659.00,72009,,,,4088760119,2010913,7891129237681
https://www.awin1.com/pclick.php?p=43308644273&a=3093907&m=30615,"Cooktop a Gás 4 Queimadores 60cm 220V Cuisinart Arkton Aço Inox",43308644273,23509,https://spicy.vteximg.com.br/arquivos/ids/237085_2,"Visando oferecer um novo conceito em design, praticidade e funcionalidade, a americana Cuisinart lançou sua incrível linha de eletrodomésticos, composta por diversos produtos para preparar receitas com eficiência e proporcionar muito mais modernidade e personalidade para o ambiente. Em caso de dúvida, agendamento de instalação ou pré-visita utilize nosso canal de atendimento: São Paulo: (011) 3003-9030 das 9h às 17h / https://www.spicy.com.br/institucional/normas-e-procedimentos Especificações do produto:  • 4 queimadores Sabaf • 1 dual flame power - 4,3 kW • 1 dual flame médio - 2,5 kW • 1 Semi-rápido - 1,70 kW • 1 Auxiliar - Máx: 1,00 kW Ficha técnica: • Código: 4092740126 • Marca: Cuisinart • Conteúdo da Embalagem: 1 Cooktop a gás • Material: Aço inox e ferro fundido • Voltagem: 220V • Potência: 8,8 kW • Consumo: 264 kWh/mês • Peso: 13,7kg • Dimensões: 16,5cm x 67,5cm x 57,5cm (AxLxP) • Garantia: 1 Ano • Produto não é passível de certificação, devido possuir características de produto semi profissional, sendo assim, não se enquadra no escopo de certificação conforme a portaria Inmetro nº 400/2012",,5990.00,"Spicy BR",30615,,,https://images2.productserve.com/?w=200&h=200&bg=white&trim=5&t=letterbox&url=ssl%3Aspicy.vteximg.com.br%2Farquivos%2Fids%2F237085_2&feedId=72009&k=ac6f7b049649080add1149619f257688d5a64b0d,BRL,,,https://www.spicy.com.br/cooktop-a-gas-4-queimadores-60cm-220v-cuisinart-arkton-aco-inox/p?idsku=23509,,,BRL5990.00,72009,,,,4092740126,2010918,7899100677341
https://www.awin1.com/pclick.php?p=36478138595&a=3093907&m=30615,"Brilha Inox 300ml Baston",36478138595,23514,https://spicy.vteximg.com.br/arquivos/ids/187170_2,"O Brilho Inox Domline foi desenvolvido para o uso diário na limpeza de superfícies e utensílios de inox, alumínio, plásticos e peças esmaltadas. Com uma única operação, limpa, dá brilho e protege a superfície através de uma película protetora que evita a oxidação e facilita a limpeza e a manutenção com alto rendimento. Pode ser aplicado em geladeiras, fogões, bandejas, churrasqueiras, puxadores, barras de apoio, grades, corrimões, mesas, entre outros. Ficha técnica: • Código: 4082420001 • Marca: Baston • Conteúdo da Embalagem: 1 Produto • Especificações do produto: Agite bem antes de usar e aplique sobre o inox ou alumínio Em seguida, passe um pano limpo para remover a sujeira e dar brilho Faça um pequeno teste antes da aplicação para evitar problemas como manchas Em utensílios que tenham contato com alimentos, lave-os antes de usar novamente Limpar com pano úmido • Material: Aço • Capacidade: 300ml • Peso: 0,284kg • Dimensões: 25cm x 5,3cm x 20,6cm (AxLxP) • Garantia: 3 Meses - Contra defeito de fabricação",,34.90,"Spicy BR",30615,,,https://images2.productserve.com/?w=200&h=200&bg=white&trim=5&t=letterbox&url=ssl%3Aspicy.vteximg.com.br%2Farquivos%2Fids%2F187170_2&feedId=72009&k=ac8bac055fa36051f3014cbb9f32e327bf95c3f3,BRL,,,https://www.spicy.com.br/brilha-inox-300ml-baston/p?idsku=23514,,,BRL34.90,72009,,,,4082420001,2010923,7899674000187
https://www.awin1.com/pclick.php?p=35979066344&a=3093907&m=30615,"Limpa Grelhas 300ml Baston",35979066344,23515,https://spicy.vteximg.com.br/arquivos/ids/187171_2,"O Limpa Grelhas DomLine foi elaborado com produtos de alta qualidade e desenvolvido especialmente para limpar a gordura incrustada, dissolvendo-a e dando brilho à superfície, sem a necessidade de raspar. Pode ser aplicado em grelhas, chapas, discos, cesto de air fryer e espetos. Ficha técnica: • Código: 4082420002 • Marca: Baston • Conteúdo da Embalagem: 1 Produto • Especificações do produto: Agite bem a cada aplicação A grelha deve estar fria e sem requisitos de fogo Aplique o Limpa Grelha DomLine na superfície desejada, a uma distância de 20 cm Deixe o produto agir por aproximadamente 20 minutos Remova os resíduos com um pano levemente umedecido ou esponja Se necessário, repita a operação para obter melhor resultado Deixe a churrasqueira aberta para ventilar antes de acendê-la Limpar com pano úmido • Material: Aço • Capacidade: 300ml • Peso: 0,180kg • Dimensões: 25cm x 5,3cm x 20,6cm (AxLxP) • Garantia: 3 Meses - Contra defeito de fabricação",,24.90,"Spicy BR",30615,,,https://images2.productserve.com/?w=200&h=200&bg=white&trim=5&t=letterbox&url=ssl%3Aspicy.vteximg.com.br%2Farquivos%2Fids%2F187171_2&feedId=72009&k=208985f83f688c54484a8e03c6b17f415b147e37,BRL,,,https://www.spicy.com.br/limpa-grelhas-300ml-baston/p?idsku=23515,,,BRL24.90,72009,,,,4082420002,2010924,7899674018618
https://www.awin1.com/pclick.php?p=43778765354&a=3093907&m=30615,"Mini Pizza BBQ em Ferro 24cm Boska Preto",43778765354,23518,https://spicy.vteximg.com.br/arquivos/ids/200385_2,"O Pizza Baker BBQ Mini é o presente perfeito para todos os amantes de pizza. Vencedor do iF Design Award (Uma das competições de design mais celebradas e valorizadas do mundo). Asse mini pizzas com a Boska Mini Pizza, sua tampa bem construída e um fundo em ferro fundido permitem uma distribuição uniforme do calor, produzindo uma pizza da melhor qualidade. Sua pizza fica pronta entre 5 a 10 minutos e por ser tão compacto, você pode levá-lo para qualquer lugar. Ficha técnica: • Código: 4089330019 • Marca: Boska • Conteúdo da Embalagem: 1 Prato 1 Tampa •Especificações do produto: Não adequado para máquina de lavar Não compatível com forno APENAS churrasqueiras Informações de Uso: Acenda a churrasqueira e atinja uma temperatura de no mínimo 250°C Coloque a tampa em cima da superfície e coloque a BOSKA MINI PIZZA direto na churrasqueira, evite que o carvão esteja completamente embaixo do produto, isso garantirá uma distribuição de calor ideal para a sua pizza Deixe pré aquecer por 10 minutos na churrasqueira Posicione as massas da pizza dentro da superfície através da abertura Evite levantar a tampa, isso ajudará a manter o calor Se a churrasqueira tiver uma tampa feche a para gerar mais calor Não corte a pizza em cima da superfície do produto Limpeza: Use na BOSKA MINI PIZZA BBQ FERRO apenas água quente e detergente Nunca use produtos abrasivos na lavagem •Material: Ferro • Cor: Preto • Peso: 1,47kg • Dimensões: 24cm x 21,5cm x 8,5cm (AxLxP) • Garantia: 10 anos",,199.00,"Spicy BR",30615,,,https://images2.productserve.com/?w=200&h=200&bg=white&trim=5&t=letterbox&url=ssl%3Aspicy.vteximg.com.br%2Farquivos%2Fids%2F200385_2&feedId=72009&k=69b2afb8aadf3ea887decdf7a7de0457360aa66f,BRL,,,https://www.spicy.com.br/mini-pizza-bbq-em-ferro-24cm-boska-preto/p?idsku=23518,,,BRL199.00,72009,,,,4089330019,2010927,8713638050577
https://www.awin1.com/pclick.php?p=33152872803&a=3093907&m=30615,"Garrafa Térmica de 1,5 Litros Quick Press Samba Emsa Vermelha",33152872803,23520,https://spicy.vteximg.com.br/arquivos/ids/195716_2,"As garrafas térmicas EMSA são uma das garrafas mais vendidas em toda a Europa. Elas são sinônimos de estilo e praticidade. Graças ao forro de vidro integrado, as bebidas ficam quentes por 12 horas ou frias por 24 horas. Seja café ou chá, um prazer duradouro é garantido. Com design atemporal abre facilmente com o pressionar de um botão, sendo 100% à prova de vazamentos. Ficha técnica: • Código: 4080050514 • Marca: Emsa • Modelo: Quick Press Samba • Conteúdo da Embalagem: 1 Garrafa Térmica • Especificações do produto: 100% à prova de vazamentos Abre facilmente com o pressionar de um botão Bebidas quentes por 12 horas ou frias por 24 horas Não utilizar produtos abrasivos na lavagem Não colocar na máquina de lavar Não contém partes e peças disponíveis • Capacidade: 1,5 Litro • Cor: Vermelho • Peso: 734g • Dimensões: 27,9cm x 14,4cm x 18,2cm (AxLxP) • Garantia: 5 Anos",,399.00,"Spicy BR",30615,,,https://images2.productserve.com/?w=200&h=200&bg=white&trim=5&t=letterbox&url=ssl%3Aspicy.vteximg.com.br%2Farquivos%2Fids%2F195716_2&feedId=72009&k=62f31b8a4f858e8446b14b341215efa7e15afbdf,BRL,,,https://www.spicy.com.br/garrafa-termica-de-15l-quick-press-samba-emsa-vermelha/p?idsku=23520,,,BRL399.00,72009,,,,4080050514,2010929,4009049531823
https://www.awin1.com/pclick.php?p=33152872799&a=3093907&m=30615,"Garrafa Térmica de 1,5 Litros Quick Press Samba Emsa Preta",33152872799,23521,https://spicy.vteximg.com.br/arquivos/ids/195727_2,"As garrafas térmicas EMSA são uma das garrafas mais vendidas em toda a Europa. Elas são sinônimos de estilo e praticidade. Graças ao forro de vidro integrado, as bebidas ficam quentes por 12 horas ou frias por 24 horas. Seja café ou chá, um prazer duradouro é garantido. Com design atemporal abre facilmente com o pressionar de um botão, sendo 100% à prova de vazamentos. Ficha técnica: • Código: 4080050515 • Marca: Emsa • Modelo: Quick Press Samba • Conteúdo da Embalagem: 1 Garrafa Térmica • Especificações do produto: Não utilizar produtos abrasivos na lavagem Não colocar na máquina de lavar Não contém partes e peças disponíveis 100% à prova de vazamentos Abre facilmente com o pressionar de um botão Bebidas quentes por 12 horas ou frias por 24 horas • Capacidade: 1,5 Litros • Cor: Preto • Peso: 734g • Dimensões: 27,9cm x 14,4cm x 18,2cm (AxLxP) • Garantia: 5 Anos",,399.00,"Spicy BR",30615,,,https://images2.productserve.com/?w=200&h=200&bg=white&trim=5&t=letterbox&url=ssl%3Aspicy.vteximg.com.br%2Farquivos%2Fids%2F195727_2&feedId=72009&k=e5a2518083bd8892c7859732e977972a421e540c,BRL,,,https://www.spicy.com.br/garrafa-termica-de-15l-quick-press-samba-emsa-preta/p?idsku=23521,,,BRL399.00,72009,,,,4080050515,2010930,4009049531847
https://www.awin1.com/pclick.php?p=33152872777&a=3093907&m=30615,"Desmoldante Lisse em Aerosol 600ml Adimix",33152872777,23538,https://spicy.vteximg.com.br/arquivos/ids/234282_2,"Chega de sujeira na hora de untar a forma, né? Com nosso desmoldante aerosol, você não precisa de todo esse trabalho na hora de produzir suas receitas. O nosso queridinho Desmoldante Lisse Adimix está fazendo um sucesso entre nosso clientes! Para quem não conhece, o Lisse é um Spray Desmoldante que substitui a farinha ou a manteiga na hora de untar sua forma! É prático, rápido e o melhor, não faz sujeira!! O Spray Desmoldante Lisse é uma peça fundamental no dia a dia dos confeiteiros pois agilizam muito o processo de produção de bolos. Se tornou uma solução anti aderente perfeito para untar todos os tipos de superfície. Sua principal função é substituir o uso da margarina e farinha para untar formas e panelas, dispensando o uso de farinha e margarina, é muito fácil e rápido! O Desmoldante Lisse tem fórmula antiaderente exclusiva e pode ser utilizado em todos os tipos de formas, assadeiras, panelas, frigideiras, grelhas e muito mais!! Com ele, você pode preparar bolos, pães, confeitos, carnes, legumes, ovos... de forma rápida, prática e sem sujeira! Quem já usou sabe como é fácil de usar e como cumpre o seu papel. Especificações do produto: • Ingredientes: Óleos vegetais, ceras vegetais e lecitina de soja • Não contém glúten • Alergênicos: Contém derivados de soja • Dicas importantes na hora da aplicação: para não criar bolhas e ficar bem lisinho, aplique a uma distância mínima de 20cm da forma, não utilizar em excesso, já que o produto é concentrado, agitar bem antes de usar e não utilizar perto do fogão Ficha Técnica: • Código: 4082430004 • Marca: Adimix • Conteúdo da Embalagem: 1 Pacote • Capacidade: 600ml • Peso: 470g • Dimensões: 28cm x 6,5cm x 6,5cm (AxLxP) • Garantia: Contra defeito de fabricação",,69.90,"Spicy BR",30615,,,https://images2.productserve.com/?w=200&h=200&bg=white&trim=5&t=letterbox&url=ssl%3Aspicy.vteximg.com.br%2Farquivos%2Fids%2F234282_2&feedId=72009&k=6a492a5b383404c1ed3ba72a9114aa8d5c8b587c,BRL,,,https://www.spicy.com.br/desmoldante-lisse-em-aerosol-600ml-adimix/p?idsku=23538,,,BRL69.90,72009,,,,4082430004,2010947,7899681404329
https://www.awin1.com/pclick.php?p=42251087100&a=3093907&m=30615,"Vaporizador Portátil 3 em 1 Steam Flip Bivolt Black + Decker Branco",42251087100,23678,https://spicy.vteximg.com.br/arquivos/ids/187536_2,"Vaporizador 3 em 1 com função passar a seco ou a vapor, você pode escolher entre vaporizar e higienizar estofados, pelúcias, entre outros ou passar roupas a seco ou a vapor. Alterne entre suas 3 funções com o apertar de um botão de acordo com sua necessidade: vaporizar, passar a seco, passar a vapor. Design dobrável, leve para onde quiser! Especificações do produto: • Reservatório de fácil abastecimento • Chapa lisa em inox com 7 saídas de vapor • Aquecimento rápido • Vapor contínuo, em grande quantidade • Luz indicadora de funcionamento (luz vermelha para função a seco, luz verde para função a vapor e luz piscante indicando aquecimento) • Sistema antigotejamento • Base antiderrapante Ficha técnica: • Código: 4089680017 • Marca: Black + Decker • Modelo: Steam Flip • Conteúdo da Embalagem: 1 Vaporizador 1 Escova para remoção de pelos 1 Escova Duo Soft para tecidos delicados e copo medidor • Voltagem: Bivolt • Potência: 1220W 900W (bivolt) •Capacidade: Reservatório removível de 200ml • Cor: Preto • Peso: 0,880kg • Dimensões: 23cm x 10,5cm x 16,5cm (AxLxP) • Garantia: 1 ano • Certificado Número UL-BR 19.1555 - Produto possui certificação de segurança compulsória, certificado pelo UL do Brasil, organismo acreditado pela CGCRE do Inmetro",,349.00,"Spicy BR",30615,,,https://images2.productserve.com/?w=200&h=200&bg=white&trim=5&t=letterbox&url=ssl%3Aspicy.vteximg.com.br%2Farquivos%2Fids%2F187536_2&feedId=72009&k=be444599873dd7ecad06e9cd0072dc65a5b1e6f7,BRL,,,https://www.spicy.com.br/vaporizador-portatil-3-em-1-steam-flip-bivolt-black---decker-branco/p?idsku=23678,,,BRL349.00,72009,,,,4089680017,2011092,7896525040866
https://www.awin1.com/pclick.php?p=35979066250&a=3093907&m=30615,"Porta Detergente e Esponja em Inox 400ml OXO",35979066250,23745,https://spicy.vteximg.com.br/arquivos/ids/206310_2,"Acabe com os frascos de sabão bagunçados em sua bancada com o porta esponja e dispenser de sabonete OXO Good Grips. Obtenha sabão necessário com um toque fácil usando apenas uma mão! O suporte elevado e ventilado promove uma secagem rápida, enquanto a bandeja coletora retira o excesso de água das esponjas. Possui uma tampa interna que evita que a água se misture com o detergente e um corpo transparente que mostra quando é hora de reabastecer. O suporte se desmonta para uma limpeza completa. Ficha técnica: •Código: 4080570712 •Marca: OXO •Conteúdo da Embalagem: 1 Porta detergente •Especificações do produto: Basta um toque para adicionar o sabão diretamente nas esponjas A bandeja coletora separa a água da esponja e o suporte mantém a esponja elevadas para uma secagem rápida Um armazenamento conveniente de sabão que elimina as garrafas que bagunçam sua bancada Corpo trasparente que mostra quanto sabão resta O acabamento em aço inoxidável que combina com qualquer decoração Destaca se para uma limpeza fácil e completa Instruções de cuidados: Puxe para cima para remover o suporte da esponja Torça a tampa interna para removê-la Lave todas as peças à mão •Material: Aço inox e plástico •Peso: 0,28kg •Dimensões: 10,2cm x 13,5cm x 8,4cm (AxLxP) •Garantia: 3 Meses - Contra defeito de fabricação",,359.00,"Spicy BR",30615,,,https://images2.productserve.com/?w=200&h=200&bg=white&trim=5&t=letterbox&url=ssl%3Aspicy.vteximg.com.br%2Farquivos%2Fids%2F206310_2&feedId=72009&k=16f31fd9de5ce632a2573e6057f2db5e51e5e4c2,BRL,,,https://www.spicy.com.br/porta-detergente-e-esponja-em-inox-400ml-oxo/p?idsku=23745,,,BRL359.00,72009,,,,4080570712,2011161,719812686202
https://www.awin1.com/pclick.php?p=35979066295&a=3093907&m=30615,"Jogo Americano Alive 38cm Kenya Rosê",35979066295,23800,https://spicy.vteximg.com.br/arquivos/ids/199175_2,"Servir sempre e servir com estilo, esse é uma das principais motivações da Kenya, marca que referência em estilo e praticidade. As linhas de jogos americanos Slim Shapes e Alive buscam deixar seu dia a dia mais coloridos e elegantes. Um item indispensável para as suas refeições! Ficha técnica: • Código: 4081750071 • Marca: Kenya • Modelo: Alive • Conteúdo da Embalagem: 1 Jogo americano • Especificações do produto: Protege a mesa contra arranhões, manchas e possíveis respingos de comidas Feito de matérias resistentes Realça a decoração de qualquer mesa Pode ir na máquina de lavar • Material: Plástico • Cor: Rosê • Peso: 0,12kg • Dimensões: 1cm x 38cm x 38cm (AxLxP) • Garantia: 3 Meses - Contra defeito de fabricação",,9.90,"Spicy BR",30615,,,https://images2.productserve.com/?w=200&h=200&bg=white&trim=5&t=letterbox&url=ssl%3Aspicy.vteximg.com.br%2Farquivos%2Fids%2F199175_2&feedId=72009&k=2918bb6ad244c6eba4dcdb3ec3699d9d6833a8a0,BRL,,,https://www.spicy.com.br/jogo-americano-alive-38cm-kenya-rose/p?idsku=23800,,,BRL9.90,72009,,,,4081750071,2011217,7899100677648
https://www.awin1.com/pclick.php?p=44549746674&a=3093907&m=30615,"Suporte para Guardanapo Bamboo 11,6x5x15cm Kenya",44549746674,23826,https://spicy.vteximg.com.br/arquivos/ids/199415_2,"A linha de bambu da Kenya é essencial para qualquer casa Bambu é um material pró ecológico, resistente a bactérias e odores, além de que é um recurso renovável, logo, um material perfeito para utensílios do dia a dia e itens para a cozinha. Ficha técnica: • Código: 4081070077 • Marca: Kenya • Conteúdo da Embalagem: 1 Suporte para Guardanapo • Especificações do produto: Bambu possui um agente natural antibacteriano que previne a proliferação de bactérias Bambu é um material resistente, leve e versátil Longa vida útil Não apropriado para levar a máquina de lavar Não apropriado para levar ao micro ondas • Material: Bambu • Peso: 0,225kg • Dimensões: 16,5cm x 5cm x 15cm (AxLxP) • Garantia: 3 Meses - Contra defeito de fabricação",,49.90,"Spicy BR",30615,,,https://images2.productserve.com/?w=200&h=200&bg=white&trim=5&t=letterbox&url=ssl%3Aspicy.vteximg.com.br%2Farquivos%2Fids%2F199415_2&feedId=72009&k=6438748b5e2dcef307524dda2824e33631c80731,BRL,,,https://www.spicy.com.br/suporte-para-guardanapo-bamboo-116x5x15cm-kenya/p?idsku=23826,,,BRL49.90,72009,,,,4081070077,2011243,7899100677785
https://www.awin1.com/pclick.php?p=46004836973&a=3093907&m=30615,"Moedor de Alimentos Stand Mixer 20cm Kitchenaid Branco",46004836973,23892,https://spicy.vteximg.com.br/arquivos/ids/188193_2,"O Moedor de Alimentos é ideal para receitas caseiras, preparando os ingredientes do zero (como carnes, frutas, vegetais, pães e queijos) com total controle do que está sendo utilizado e resultando em criações mais frescas e saudáveis. Reformulado de acordo com a última tendência do mercado para que você tenha o melhor moedor, que proporciona maiores possibilidades de criação com suas placas de moagem em diferentes tamanhos, de acordo com sua preferência. Nada como uma boa comidinha caseira, do preparo à degustação. Faz toda a diferença cuidar de todo o processo! Prepare hambúrguer caseiro, quibe, geleias de fruta, molho de tomate fresco, molho à bolognesa, moa queijos mais duros e muito mais! Ficha técnica: • Código: 4088760122 • Marca: Kitchenaid • Modelo: Stand Mixer • Conteúdo da Embalagem: Empurrador de alimentos, bandeja removível, compartimento principal, eixo de moagem (parafuso), lâmina, anel e placas de moagem fina e grossa • Especificações do produto: Moedor compatível com todos os modelos de batedeiras KitchenAid A Batedeira KitchenAid é vendida separadamente Funcionamento: O acessório funciona à partir do motor da batedeira*, acionada em velocidade 4 Os alimentos devem ser introduzidos em tiras ou cubos (de aproximadamente 5 cm) e direcionados para as placas com a ajuda do empurrador de alimentos, desenhado especialmente para proporcionar mais segurança e conforto ao processo Aperfeiçoada para reduzir eventuais entupimentos de gordura Placas de moagem: Fina (4.5mm), ideal para moer carnes cruas ou cozidas, preparar patês, queijos mais duros como parmesão e migalhas de pão. Grossa (8mm), ideal para moer carnes cruas para preparar hambúrguer caseiro, vegetais para molhos e frutas secas Mais estabilidade e conforto ao manusear ingredientes resistentes Fácil de limpar, as peças removíveis em plástico facilitam a limpeza do acessório A bandeja, o anel e o empurrador de alimentos podem ser lavados em lava louças O compartimento principal, o eixo de moagem (parafuso), a lâmina e as placas em metal devem ser lavadas à mão, para um cuidado especial aos itens Bandeja removível: Limpe com mais facilidade • Material: Ferro, Aço e Plástico • Cor: Branco • Peso: 0,640kg • Dimensões: 20,3cm x 11,4cm x 19,3cm (AxLxP) • Garantia: 3 Meses - Contra defeito de fabricação",,629.00,"Spicy BR",30615,,,https://images2.productserve.com/?w=200&h=200&bg=white&trim=5&t=letterbox&url=ssl%3Aspicy.vteximg.com.br%2Farquivos%2Fids%2F188193_2&feedId=72009&k=66e8010009f91e18e946628e925982633537dca1,BRL,,,https://www.spicy.com.br/moedor-de-alimentos-stand-mixer-20cm-kitchenaid-branco/p?idsku=23892,,,BRL629.00,72009,,,,4088760122,2011309,7891129532205
https://www.awin1.com/pclick.php?p=34114754465&a=3093907&m=30615,"Conjunto com 5 Potes Pop 2.0 OXO",34114754465,25406,https://spicy.vteximg.com.br/arquivos/ids/225263_2,"Eleve a organização para o próximo nível com o conjunto de potes POP de 5 peças da OXO Good Grips Herméticos, empilháveis, eficientes em termos de espaço e agora totalmente laváveis na máquina de lavar louças, estes potes de armazenamento de alimentos são livres de BPA e cabem em qualquer espaço. Novas formas e tamanhos oferecem novas possibilidades para armazenar itens essenciais do dia a dia, como farinha, açúcar, café, cereais, aveia, grãos, massas e especiarias. Atualizamos o POP com encaixes práticos e mantivemos os cantos curvos para uma organização suave. Os POP Potes não são apenas para serem usados na cozinha, use-os onde quiser mais organização. Ficha técnica: • Código: 4080570714 • Marca: OXO • Modelo: POP 2.0 • Conteúdo da Embalagem: 5 Potes • Especificações do produto: O conjunto de 5 peças OXO Good Grips é hermético, empilhável , economiza espaço além de manter seus alimentos secos frescos e sua despensa organizada Pressione o botão para engatar a vedação hermética. O botão também funciona como uma alça para puxar a tampa Suas linhas retas facilitam o armazenamento de itens básicos da despensa, como cereais, farinha, açúcar, macarrão, arroz, café, nozes e lanches Para melhores resultados, sempre use o botão para abrir e fechar Não transporte os POP Containers pela tampa Livre de BPA Lavável na máquina de lavar louça • Material: Plástico • Capacidade: 1 Pote 2,1 litros 1 Pote 1,6 litros 2 Potes de 1 litro 1 Pote 0,4 litros • Cor: Branco • Peso: 1,95g • Dimensões: 36,58cm x 33,53cm x 12,19cm (AxLxP) • Garantia: 90 Dias",,699.00,"Spicy BR",30615,,,https://images2.productserve.com/?w=200&h=200&bg=white&trim=5&t=letterbox&url=ssl%3Aspicy.vteximg.com.br%2Farquivos%2Fids%2F225263_2&feedId=72009&k=60f42681e17763ae1137cd7e60b6d0ec6e5a7872,BRL,,,https://www.spicy.com.br/conjunto-com-5-potes-pop-2-0-oxo/p?idsku=25406,,,BRL699.00,72009,,,,4080570714,2012824,719812685151
https://www.awin1.com/pclick.php?p=37538840120&a=3093907&m=30615,"Balde de Gelo com Pinça em Inox 3,78 Litros OXO",37538840120,25412,https://spicy.vteximg.com.br/arquivos/ids/200448_2,"Tenha em mãos a praticidade para suas bedidas e drinks. Receba os convidados da melhor maneira com um balde de gelo feito com construção de parede dupla, evitando a transpiração e mantendo o gelo inteiro por mais tempo, além de seu armazenamento interno projetado para manter o gelo derretido longe dos demais. A tampa articulada permanece presa ao balde e ajuda a mostrar quanto gelo resta. As pinças tem dentes afiados, punhos macios e trava. Se encaixam tanto do lado direito quanto direito do balde. Alça e base do balde macios, evita riscar a superfície que for colocada. São confortáveis e antiderrapantes. Leve para qualquer lugar com praticidade e facilidade. Ficha técnica: • Código: 4080570715 • Marca: OXO • Conteúdo da Embalagem: 1 Balde de Gelo • Especificações do produto: Lavagem à mão • Material: Inox • Capacidade: 3,78 Litros • Peso: 1,48kg • Dimensões: 24cm x 22,8cm x 22,9cm (AxLxP) • Garantia: 3 Meses",,799.00,"Spicy BR",30615,,,https://images2.productserve.com/?w=200&h=200&bg=white&trim=5&t=letterbox&url=ssl%3Aspicy.vteximg.com.br%2Farquivos%2Fids%2F200448_2&feedId=72009&k=211d639510cea5e06db8bb7988e589210c9b0439,BRL,,,https://www.spicy.com.br/balde-de-gelo-com-pinca-em-inox-378-litros-oxo/p?idsku=25412,,,BRL799.00,72009,,,,4080570715,2012830,0719812050737
https://www.awin1.com/pclick.php?p=39096167438&a=3093907&m=30615,"Moedor Elétrico para Sal e Pimenta Cosmopolitan em Inox 21cm Maxwell & Williams",39096167438,25646,https://spicy.vteximg.com.br/arquivos/ids/206335_2,"Experimente a próxima geração de eletrodomésticos de cozinha com nossos moedores automáticos de sal e pimenta Cosmopolitan. Fabricados em aço inoxidável, os moedores Cosmopolitan têm aparência moderna e perfil cilíndrico liso. O mecanismo motorizado de moagem em cerâmica permite que você controle a moagem dos seus temperos com o apertar de um botão, possui uma câmara transparente para que você sempre possa ver o quanto ainda resta. Ficha técnica: • Código: 4080331517 • Marca: Maxwell Williams • Conteúdo da Embalagem: 1 Moedor Elétrico • Especificações do produto: Funciona com 6 pilhas AAA Adequado para sal ou pimenta Antes do primeiro uso, limpe com um pano úmido e seque completamente Evite a exposição direta ao vapor durante o uso Evite contato com líquidos e mantenha o produto sempre seco Remova as pilhas, o sal e/ou a pimenta se o moedor não for usado por longos períodos de tempo • Material: Mecanismo de moagem de cerâmica Corpo de aço inoxidável, eixo de alumínio Câmara de acrílico transparente • Capacidade: 60ml • Peso: 0,27kg • Dimensões do produto: 21cm x 5,5cm x 5,5cm (AxLxP) • Garantia: 3 meses",,199.00,"Spicy BR",30615,,,https://images2.productserve.com/?w=200&h=200&bg=white&trim=5&t=letterbox&url=ssl%3Aspicy.vteximg.com.br%2Farquivos%2Fids%2F206335_2&feedId=72009&k=d7971605554f3b36ba389601825c248fa3bc8da2,BRL,,,https://www.spicy.com.br/moedor-eletrico-para-sal-e-pimenta-cosmopolitan-em-inox-21cm-maxwell-williams/p?idsku=25646,,,BRL199.00,72009,,,,4080331517,2013070,9315121806549
https://www.awin1.com/pclick.php?p=34286534433&a=3093907&m=30615,"Moedor de Madeira para Sal Marlow 18,5cm Cole & Manson",34286534433,25673,https://spicy.vteximg.com.br/arquivos/ids/199318_2,"Os moedores de sal e pimenta da Cole & Mason é a perfeita combinação entre sofisticação e desempenho. Projetados para maior eficiência os moedores contam com laminas de cerâmica que ajudam na hora da moagem, tanto de sal quanto de pimenta. Adicione instantaneamente estilo para o seu dia a dia além de que você sempre receberá um desempenho excepcionalmente constante. Moedor de sal minimalista e elegante com um detalhe em metal será uma edição elegante para qualquer casa. Mecanismo Cole & Mason Precision em aço carbono (mecanismo cerâmico afiado para sal e pimenta que proporcionam a máxima liberação de sabor). Design exclusivo da Cole & Mason, foram criados exclusivamente e são a prova de cópias. Ficha técnica: • Código: 4088590645 • Marca: Cole & Manson • Conteúdo da Embalagem: 1 Moedor • Material: Madeira • Peso: 0,290kg • Dimensões: 16,8cm X 6cm X 18,5cm (AxP) • Garantia: 3 Meses - Contra defeito de fabricação",,129.00,"Spicy BR",30615,,,https://images2.productserve.com/?w=200&h=200&bg=white&trim=5&t=letterbox&url=ssl%3Aspicy.vteximg.com.br%2Farquivos%2Fids%2F199318_2&feedId=72009&k=0a5c81e93d4a2513384d0420159257b136d715d5,BRL,,,https://www.spicy.com.br/moedor-de-madeira-para-sal-marlow-185cm-cole---manson/p?idsku=25673,,,BRL129.00,72009,,,,4088590645,2013093,5011268838286
https://www.awin1.com/pclick.php?p=33152872997&a=3093907&m=30615,"2 Copos com Parede Dupla Blend em Vidro 80ml Maxwell & Williams",33152872997,25873,https://spicy.vteximg.com.br/arquivos/ids/228118_2,"Experimente uma nova maneira de desfrutar da sua bebida favorita! Esta linha inteligente de utensílios inclui vidros térmicos de borosilicato com parede dupla Ideais para chá ou café, mantém as suas bebidas quentes na temperatura perfeita, ao mesmo tempo em que se mantêm fria ao toque. Combine com outras peças da nossa gama Blend para um conjunto com um toque moderno. Ficha técnica: • Código: 4080331518 • Marca: Kenya • Modelo: Blend • Conteúdo da Embalagem: 2 Copos • Especificações do produto: Vidro mais resistente em borosilicato Parede dupla que mantém a temperatura do conteúdo sem esquentar ou suar por fora • Material: Vidro em borossilicato • Capacidade: 80ml • Peso: 0,70kg • Dimensões: 7,2cm x 14,8cm x 7,8cm (AxLxP) • Garantia: 3 Meses - Contra defeito de fabricação",,79.90,"Spicy BR",30615,,,https://images2.productserve.com/?w=200&h=200&bg=white&trim=5&t=letterbox&url=ssl%3Aspicy.vteximg.com.br%2Farquivos%2Fids%2F228118_2&feedId=72009&k=9e2cb262c3103ce069682d624e95568c59477da6,BRL,,,https://www.spicy.com.br/2-copos-com-parede-dupla-blend-em-vidro-80ml-maxwell-williams/p?idsku=25873,,,BRL79.90,72009,,,,4080331518,2013290,9315121805900
https://www.awin1.com/pclick.php?p=33152872967&a=3093907&m=30615,"2 Copos com Parede Dupla Blend em Vidro 250ml Maxwell & Williams",33152872967,25874,https://spicy.vteximg.com.br/arquivos/ids/228119_2,"Experimente uma nova maneira de desfrutar da sua bebida favorita! Esta linha inteligente de utensílios inclui vidros térmicos de borosilicato com parede dupla Ideais para chá ou café, mantém as suas bebidas quentes na temperatura perfeita, ao mesmo tempo em que se mantêm fria ao toque. Combine com outras peças da nossa gama Blend para um conjunto com um toque moderno. Ficha técnica: • Código: 4080331519 • Marca: Kenya • Modelo: Blend • Conteúdo da Embalagem: 2 Copos • Especificações do produto: Vidro mais resistente em borosilicato Parede dupla que mantém a temperatura do conteúdo sem esquentar ou suar por fora • Material: Vidro em borossilicato • Capacidade: 250ml • Peso: 0,300kg • Dimensões: 11cm x 20cm x 10cm (AxLxP) • Garantia: 3 Meses - Contra defeito de fabricação",,84.90,"Spicy BR",30615,,,https://images2.productserve.com/?w=200&h=200&bg=white&trim=5&t=letterbox&url=ssl%3Aspicy.vteximg.com.br%2Farquivos%2Fids%2F228119_2&feedId=72009&k=bfeef78ef7be330eee58d6e82d0fabfb95048414,BRL,,,https://www.spicy.com.br/2-copos-com-parede-dupla-blend-em-vidro-250ml-maxwell-williams/p?idsku=25874,,,BRL84.90,72009,,,,4080331519,2013291,9315121781594
https://www.awin1.com/pclick.php?p=39237946833&a=3093907&m=30615,"Leiteira Provence Plus em Inox Indução 14cm WMF",39237946833,28757,https://spicy.vteximg.com.br/arquivos/ids/204363_2,"Desenvolvida pela Alemã WMF, esta leiteira possui 14cm com capacidade para até 1,7 litros, combina design moderno, resistência e alta qualidade em um único produto. Possui em sua fabricação o aço inox Cromargan®, material exclusivo da marca, garantindo durabilidade, melhores condições de higiene, e segurança. Seu fundo conta com a excelente tecnologia Transterm*, promovendo a distribuição uniforme do calor em toda a extremidade. Ficha técnica: • Código: 4080011453 • Marca: WMF • Modelo: Diadem • Conteúdo da Embalagem: 1 Leiteira • Especificações do produto: Pode ser usado em todas as fontes de calor, incluindo a indução Vai a lava louças Pode ir ao forno, o cabo de aço inox não fica quente, mas se deixar a leiteira no fogo por muito tempo, recomenda-se utilizar uma luva Durante o período de dois anos de garantia, nós garantimos o produto de acordo com o funcionamento correto com o mesmo. O que NÃO entra na garantia: 1. Risco ou marcas (a não ser que tenha recebido o produto da fábrica assim 2. Sobreaquecimento só aguenta até 180180°C) 3. Uso impróprio ou negligente 4. Reformas impróprias no produto 5. Influências químicas ou fisicas impróprias 6. Instalação de partes e peças que não são originais do produto 7. Uso impróprio do forno, lava louças etc • Material: Inox • Capacidade: 1,7 Litros •Temperatura: Máxima de 180°C • Peso: 0,61kg • Dimensões: 13,5cm x 22cm x 25,5cm (AxLxP) • Garantia: 2 Anos • Produto com certificação compulsória certificada pelo SGS do Brasil, registro 002094/2019",,399.00,"Spicy BR",30615,,,https://images2.productserve.com/?w=200&h=200&bg=white&trim=5&t=letterbox&url=ssl%3Aspicy.vteximg.com.br%2Farquivos%2Fids%2F204363_2&feedId=72009&k=833856acad8a671314ed0d5f31db492a73b0c0c6,BRL,,,https://www.spicy.com.br/leitera-provence-plus-em-inox-inducao-14cm-wmf/p?idsku=28757,,,BRL399.00,72009,,,,4080011453,2013311,4000530597830
https://www.awin1.com/pclick.php?p=33152872963&a=3093907&m=30615,"Jogo Americano em Fibra Natural 38cm Kenya",33152872963,25945,https://spicy.vteximg.com.br/arquivos/ids/199258_2,"O acabamento em fibra traz leveza, modernidade, estilo e um clima de verão. Uma mesa bem posta enche os olhos e atrai bons momentos à mesa. Com um lindo design e cor neutra, essa linha combinará perfeitamente com sua decoração. Ficha técnica: • Código: 4081390158 • Marca: Kenya • Conteúdo da Embalagem: 1 Unidade • Especificações do produto: Enriquece a decoração Produto de alta qualidade Tempo de vida útil prolongado Limpeza com um espanador • Material: Fibra natural • Peso: 200g • Dimensões: 0,6cm x 38cm x 38cm (AxLxP) • Garantia: 3 Meses - Contra defeito de fabricação",,39.90,"Spicy BR",30615,,,https://images2.productserve.com/?w=200&h=200&bg=white&trim=5&t=letterbox&url=ssl%3Aspicy.vteximg.com.br%2Farquivos%2Fids%2F199258_2&feedId=72009&k=9c33a7d2fa60867a9566e6076f179b79592a35e9,BRL,,,https://www.spicy.com.br/jogo-americano-em-fibra-natural-38cm-kenya/p?idsku=25945,,,BRL39.90,72009,,,,4081390158,2013355,7899100677419
https://www.awin1.com/pclick.php?p=34286534435&a=3093907&m=30615,"Frigideira Diamond para Indução em Alumínio 20cm Spicy Cinza",34286534435,25975,https://spicy.vteximg.com.br/arquivos/ids/204338_2,"A linha Diamond da Spicy conta com frigideiras e caçarolas de altissidade qualidade. Produzidas em alumínio forjado garantem grande performance na cozinha. Seu design robusto não deixa a desejar na estética e possuem diferenciais facilitadores para o seu dia-a-dia. Antiaderente superior reforçado com nano partículas de diamante, que garante um revestimento mais resistente e duradouro. O Diamond Coating contém ótimas propriedades antiaderentes o que reduz a necessidade de gordura. Ficha técnica: • Código: 4089540022 • Marca: Spicy • Modelo: Diamond • Conteúdo da Embalagem: 1 Frigideira • Especificações do produto: Vai à indução Thermo point - cabo fica vermelho quando a frigideira esquenta no ponto para colocar o alimento Area para uso 20% maior - bordas retas que implicam em uma area de uso 20% maior que frigideiras comuns Diamond Coating - antiaderente de pó de diamante que garante melhor performance 2 Camadas de antiaderente - além do diamond coating Frigideiras em aluminio forjado Lave a mão para preservar a qualidade original e o brilho Evite produtos abrasivos na lavagem De tempo em tempo, limpe o antiaderente com óleo (isto irá preservar o antiaderente) O alumínio forjado torna mais resistente e garante uma condutividade térmica rápida e uniforme Livre de PFOA - Um cozimento mais saudável • Material: Alumínio Forjado • Cor: Cinza • Peso: 0,570kg • Dimensões: 4,5cm x 20,5cm x 37cm (AxLxP) • Garantia: 3 Anos",,229.00,"Spicy BR",30615,,,https://images2.productserve.com/?w=200&h=200&bg=white&trim=5&t=letterbox&url=ssl%3Aspicy.vteximg.com.br%2Farquivos%2Fids%2F204338_2&feedId=72009&k=924bf0f5c36d3b86522c76a24f24b75b58c5b5c7,BRL,,,https://www.spicy.com.br/frigideira-diamond-em-aluminio-20cm-spicy-cinza/p?idsku=25975,,,BRL229.00,72009,,,,4089540022,2013379,7899100677549
https://www.awin1.com/pclick.php?p=33152872975&a=3093907&m=30615,"Frigideira Diamond para Indução em Alumínio 24cm Spicy Cinza",33152872975,25976,https://spicy.vteximg.com.br/arquivos/ids/204341_2,"A linha Diamond da Spicy conta com frigideiras e caçarolas de altissidade qualidade. Produzidas em alumínio forjado garantem grande performance na cozinha. Seu design robusto não deixa a desejar na estética e possuem diferenciais facilitadores para o seu dia-a-dia. Antiaderente superior reforçado com nano partículas de diamante, que garante um revestimento mais resistente e duradouro. O Diamond Coating contém ótimas propriedades antiaderentes o que reduz a necessidade de gordura. Ficha técnica: • Código: 4089540023 • Marca: Spicy • Modelo: Diamond • Conteúdo da Embalagem: 1 Frigideira • Especificações do produto: Vai à indução Thermo point - cabo fica vermelho quando a frigideira esquenta no ponto para colocar o alimento Area para uso 20% maior - bordas retas que implicam em uma area de uso 20% maior que frigideiras comuns Diamond Coating - antiaderente de pó de diamante que garante melhor performance 2 Camadas de antiaderente - além do diamond coating Frigideiras em aluminio forjado Lave a mão para preservar a qualidade original e o brilho Evite produtos abrasivos na lavagem De tempo em tempo, limpe o antiaderente com óleo (isto irá preservar o antiaderente) O alumínio forjado torna mais resistente e garante uma condutividade térmica rápida e uniforme Livre de PFOA - Um cozimento mais saudável • Material: Alumínio Forjado • Cor: Cinza • Peso: 0,790kg • Dimensões: 4,5cm x 24,5cm x 42cm (AxLxP) • Garantia: 3 Anos",,279.00,"Spicy BR",30615,,,https://images2.productserve.com/?w=200&h=200&bg=white&trim=5&t=letterbox&url=ssl%3Aspicy.vteximg.com.br%2Farquivos%2Fids%2F204341_2&feedId=72009&k=a43bee0810a5bf91f45ed08577a76f4b559817da,BRL,,,https://www.spicy.com.br/frigideira-diamond-em-aluminio-24cm-spicy-cinza/p?idsku=25976,,,BRL279.00,72009,,,,4089540023,2013380,7899100677556
https://www.awin1.com/pclick.php?p=37463558428&a=3093907&m=30615,"Frigideira Diamond para Indução em Alumínio 28cm Spicy Cinza",37463558428,25977,https://spicy.vteximg.com.br/arquivos/ids/204343_2,"A linha Diamond da Spicy conta com frigideiras e caçarolas de altissidade qualidade. Produzidas em alumínio forjado garantem grande performance na cozinha. Seu design robusto não deixa a desejar na estética e possuem diferenciais facilitadores para o seu dia-a-dia. Antiaderente superior reforçado com nano partículas de diamante, que garante um revestimento mais resistente e duradouro. O Diamond Coating contém ótimas propriedades antiaderentes o que reduz a necessidade de gordura. Ficha técnica: • Código: 4089540024 • Marca: Spicy • Modelo: Diamond • Conteúdo da Embalagem: 1 Frigideira • Especificações do produto: Vai à indução Thermo point - cabo fica vermelho quando a frigideira esquenta no ponto para colocar o alimento Area para uso 20% maior - bordas retas que implicam em uma area de uso 20% maior que frigideiras comuns Diamond Coating - antiaderente de pó de diamante que garante melhor performance 2 Camadas de antiaderente - além do diamond coating Frigideiras em aluminio forjado Lave a mão para preservar a qualidade original e o brilho Evite produtos abrasivos na lavagem De tempo em tempo, limpe o antiaderente com óleo (isto irá preservar o antiaderente) O alumínio forjado torna mais resistente e garante uma condutividade térmica rápida e uniforme Livre de PFOA - Um cozimento mais saudável • Material: Alumínio Forjado • Cor: Cinza • Peso: 1kg • Dimensões: 4,5cm x 28,5cm x 47,5cm (AxLxP) • Garantia: 3 Anos",,349.00,"Spicy BR",30615,,,https://images2.productserve.com/?w=200&h=200&bg=white&trim=5&t=letterbox&url=ssl%3Aspicy.vteximg.com.br%2Farquivos%2Fids%2F204343_2&feedId=72009&k=d5c2de878de03072b05c121d3ee43a36ba0855fa,BRL,,,https://www.spicy.com.br/frigideira-diamond-em-aluminio-28cm-spicy-cinza/p?idsku=25977,,,BRL349.00,72009,,,,4089540024,2013381,7899100677563
https://www.awin1.com/pclick.php?p=34286534437&a=3093907&m=30615,"2 Copos Parede Dupla Blend 350ml Maxwell & Williams",34286534437,26191,https://spicy.vteximg.com.br/arquivos/ids/228120_2,"Contemporâneos e sofisticados esses vidros de parede dupla da linha Blend são feitos de vidro borosilicato, a parede dupla atua como um isolamento para manter suas bebidas em uma temperatura constante seja ela quente ou fria. Combine-as com as outras peças da nossa gama Blend para um conjunto de chá e café com um toque moderno! Ficha técnica: • Código: 4080331520 • Marca: Maxwell & Williams • Modelo: Blend • Conteúdo da Embalagem: 2 Copos • Especificações do produto: Vidro de alta qualidade Bebidas quen tes e frias por mais tempo Sem contato do líquido quente com as mãos Pode ir à lava louças Pode ir ao microondas Espessura: 3,5mm (Borda) • Material: Vidro em borossilicato • Capacidade: 350ml • Peso: 0,400kg • Dimensões com embalagem: 20cm x 13cm x 10,5cm (AxLxP) • Dimensões do produto: 11cm x 8cm x 8cm (AxLxP) • Garantia: 3 Meses - Contra defeito de fabricação",,119.00,"Spicy BR",30615,,,https://images2.productserve.com/?w=200&h=200&bg=white&trim=5&t=letterbox&url=ssl%3Aspicy.vteximg.com.br%2Farquivos%2Fids%2F228120_2&feedId=72009&k=784d141b5a893fbd90e44f594d64bcf70e0fcfeb,BRL,,,https://www.spicy.com.br/2-copos-parede-dupla-blend-350ml-maxwell-williams/p?idsku=26191,,,BRL119.00,72009,,,,4080331520,2013594,9315121781600
https://www.awin1.com/pclick.php?p=34286534439&a=3093907&m=30615,"2 Copos Parede Dupla Blend 450ml Maxwell & Williams",34286534439,26192,https://spicy.vteximg.com.br/arquivos/ids/228121_2,"Contemporâneos e sofisticados esses vidros de parede dupla da linha Blend são feitos de vidro borosilicato, a parede dupla atua como um isolamento para manter suas bebidas em uma temperatura constante seja ela quente ou fria. Combine-as com as outras peças da nossa gama Blend para um conjunto de chá e café com um toque moderno! Ficha técnica: • Código: 4080331521 • Marca: Maxwell & Williams • Modelo: Blend • Conteúdo da Embalagem: 2 Copos • Especificações do produto: Vidro de alta qualidade Bebidas quen tes e frias por mais tempo Sem contato do líquido quente com as mãos Pode ir à lava louças Pode ir ao microondas Espessura: 3,5mm (Borda) • Material: Vidro em borossilicato • Capacidade: 450ml • Peso: 0,500kg • Dimensões com embalagem: 20cm x 16cm x 11cm (AxLxP) • Dimensões do produto: 15cm x 8cm x 8cm (AxLxP) • Garantia: 3 Meses - Contra defeito de fabricação",,169.00,"Spicy BR",30615,,,https://images2.productserve.com/?w=200&h=200&bg=white&trim=5&t=letterbox&url=ssl%3Aspicy.vteximg.com.br%2Farquivos%2Fids%2F228121_2&feedId=72009&k=8c749474576ca0ab2956ffd2c88db7a5910092c1,BRL,,,https://www.spicy.com.br/2-copos-parede-dupla-blend-450ml-maxwell-williams/p?idsku=26192,,,BRL169.00,72009,,,,4080331521,2013595,9315121781617
https://www.awin1.com/pclick.php?p=38201207942&a=3093907&m=30615,"Jogo Americano Ocean em PVC 45x30cm Maxwell & Williams Azul",38201207942,26217,https://spicy.vteximg.com.br/arquivos/ids/213849_2,"Quem disse que funcional não pode ser divertido? Esta nova coleção de jogos americanos da Maxwell & Williams é o melhor dos dois mundos! Feito de PVC durável, este jogo americano é perfeito para uso interno e externo. Ficha técnica: • Código: 4080331528 • Marca: Maxwell & Williams • Modelo: Ocean • Conteúdo da Embalagem: 1 Peça • Material: PVC • Cor: Azul • Peso: 0,08kg • Dimensões: 0,1cm x 45cm x 30cm (AxLxP) • Garantia: 30 Dias",,19.90,"Spicy BR",30615,,,https://images2.productserve.com/?w=200&h=200&bg=white&trim=5&t=letterbox&url=ssl%3Aspicy.vteximg.com.br%2Farquivos%2Fids%2F213849_2&feedId=72009&k=66e0ba4ad65334b41d331da64202ddc3c095deff,BRL,,,https://www.spicy.com.br/jogo-americano-ocean-em-pvc-30x45cm-maxwell---williams-azul/p?idsku=26217,,,BRL19.90,72009,,,,4080331528,2013621,9315121780399
https://www.awin1.com/pclick.php?p=33152872853&a=3093907&m=30615,"Lixeira Bo Touch Bin em Aço 11+23 Litros Brabantia Branca",33152872853,26225,https://spicy.vteximg.com.br/arquivos/ids/211651_2,"Bo Touch Bin combina um belo design com todos os recursos para facilitar o gerenciamento de resíduos em casa. Esta é a versão com dois baldes interiores, um com 23 litros e outro com 11 litros. Brabantia marca com mais de 90 anos de tradição, reconhecida internacionalmente pela inovação e qualidade de seus produtos. Especificações do Produto: • Capacidade de um Balde com 23 Litros • Capacidade de um Balde com 11 Litros • Base elevatória Ficha Técnica: • Código: 4081301165 • Marca: Brabantia • Modelo: Bo Touch Bin • Conteúdo da Embalagem: 1 Lixeira • Material: Aço • Peso: 8,004kg • Dimensões: 54cm x 59cm x 38cm (AxLxP) • Garantia: 10 Anos (Contra defeito de fabricação)",,1599.00,"Spicy BR",30615,,,https://images2.productserve.com/?w=200&h=200&bg=white&trim=5&t=letterbox&url=ssl%3Aspicy.vteximg.com.br%2Farquivos%2Fids%2F211651_2&feedId=72009&k=05c61ba297f0603c2dfa5465087952ff4c375955,BRL,,,https://www.spicy.com.br/lixeira-bo-touch-bin-em-aco-11-23-litros-brabantia-branca/p?idsku=26225,,,BRL1599.00,72009,,,,4081301165,2013629,8710755313547
https://www.awin1.com/pclick.php?p=39268431716&a=3093907&m=30615,"Lixeira Bo Touch Bin em Aço 60 Litros Brabantia Branca",39268431716,26226,https://spicy.vteximg.com.br/arquivos/ids/211661_2,"Bo Touch Bin combina um belo design com todos os recursos para facilitar o gerenciamento de resíduos em casa. Esta é a versão com um balde interno de 60 litros. Brabantia marca com mais de 90 anos de tradição, reconhecida internacionalmente pela inovação e qualidade de seus produtos. Ficha Técnica: • Código: 4081301166 • Marca: Brabantia • Modelo: Bo Touch Bin • Conteúdo da Embalagem: 1 Lixeira • Material: Aço • Capacidade: 60 Litros • Peso: 8,9kg • Dimensões: 75,4cm x 58,9cm x 37,9cm (AxLxP) • Garantia: 10 Anos",,2299.00,"Spicy BR",30615,,,https://images2.productserve.com/?w=200&h=200&bg=white&trim=5&t=letterbox&url=ssl%3Aspicy.vteximg.com.br%2Farquivos%2Fids%2F211661_2&feedId=72009&k=006ae686bd5b5d66dea108fe4ebcc2e8d45446ce,BRL,,,https://www.spicy.com.br/lixeira-bo-touch-bin-em-aco-60-litros-brabantia-branca/p?idsku=26226,,,BRL2299.00,72009,,,,4081301166,2013630,8710755223006
https://www.awin1.com/pclick.php?p=35979066422&a=3093907&m=30615,"Mixer em Inox 110V KitchenAid Vermelho",35979066422,26242,https://spicy.vteximg.com.br/arquivos/ids/199398_2,"Mixer de mão KitchenAid com velocidade variável em volatgem 110V entrega alta performance, ele possui lâmina com design aperfeiçoado de quatro pontas, garantindo que os ingredientes sejam transformados com facilidade em deliciosas receitas. Em aço inox, a lâmina multiuso permite triturar, misturar e liquefazer, podendo criar purês, sopas, molhos, cremes e smoothies com frutas congeladas na consistência perfeita! Fácil Manuseio, com o novo botão de velocidade variável permite que o Mixer seja manuseado facilmente com apenas uma mão e sem interrupções. Sensível ao toque, ele permite diferentes. Ficha técnica: • Código: 4088760129 • Marca: Kitchenaid • Modelo: KEB53APANA • Conteúdo da Embalagem: 1 Mixer • Material: Inox • Voltagem: 110V • Cor: Vermelho • Peso: 0,935kg • Dimensões: 41,40cm x 6,35cm x 9,06cm (AxLxP) • Garantia: 12 Meses • Certificado Inmetro: BR OCP 0029",,659.00,"Spicy BR",30615,,,https://images2.productserve.com/?w=200&h=200&bg=white&trim=5&t=letterbox&url=ssl%3Aspicy.vteximg.com.br%2Farquivos%2Fids%2F199398_2&feedId=72009&k=9081d67e940e90d8e4c27f678ca0af4e5e0e6c03,BRL,,,https://www.spicy.com.br/mixer-em-inox-110v-kitchenaid-vermelho/p?idsku=26242,,,BRL659.00,72009,,,,4088760129,2013644,7891129534438
https://www.awin1.com/pclick.php?p=36216546028&a=3093907&m=30615,"Suporte para Indução em Inox 13cm Bialetti",36216546028,26957,https://spicy.vteximg.com.br/arquivos/ids/200955_2,"Você tem uma cafeteira ou pequena panela que não vai ao fogão de indução? Este suporte Bialetti resolverá pra você. O acessório que faltava na cozinha moderna, este suporte permite o uso de produtos como cafeteiras e panelas que não funcionam em fogões de indução, no mesmo, graças a sua base em aço inox. Apropriado para cafeteiras acima de 6 xícaras e pequenas panelas, leiteiras, frigideiras e outros. Ficha técnica: • Código: 4088090073 • Marca: Bialetti • Conteúdo da Embalagem: 1 Suporte para indução • Especificações do produto: Não utilizar produtos abrasivos e sempre utilizar sabão neutro na lavagem Pode ir à lavar em lava louças • Material: Inox • Peso: 0,490kg • Dimensões: 17cm x 13cm x 13cm (AxLxP) • Garantia: 3 Meses - Contra defeito de fabricação",,199.00,"Spicy BR",30615,,,https://images2.productserve.com/?w=200&h=200&bg=white&trim=5&t=letterbox&url=ssl%3Aspicy.vteximg.com.br%2Farquivos%2Fids%2F200955_2&feedId=72009&k=07805bd9d168841bc3085f51f60593f4411f7937,BRL,,,https://www.spicy.com.br/suporte-para-inducao-em-inox-13cm-bialetti/p?idsku=26957,,,BRL199.00,72009,,,,4088090073,2014332,8002617007412
https://www.awin1.com/pclick.php?p=33284486635&a=3093907&m=30615,"Descanso para Churrasco em Silicone 26x15cm OXO Preto",33284486635,27187,https://spicy.vteximg.com.br/arquivos/ids/222949_2,"Presente no mercado há mais de 20 anos, a americana OXO desenvolve produtos sob o conceito ""Design Universal"", que busca oferecer produtos de fácil uso. Os produtos OXO são funcionais, possuem eficiência comprovada, design inovador e altíssima qualidade. São reconhecidos mundialmente e desejados por todos. ""Existem mão sem todos os tamanhos e formatos. Nós tentamos nos adaptar a elas.” Ficha técnica: • Código: 4080570733 • Marca: OXO • Conteúdo da Embalagem: 1 Descanso • Especificações do produto: O descanso ajuda em qualquer churrasco para descansar as espátulas ou pinças Feito de silicone resistente ao calor e antiaderente, pode colocar qualquer utensilio quente e será fácil de limpar depois Com um suporte de pinça integrado que foi especialmente projetado para uso de pinça com uma mão, o que significa que você não precisa travar e destravar pinças no meio da grelha Pode ir a lava louças • Material: Silicone • Cor: Preto • Peso: 0,18kg • Dimensões: 25,91cm x 15,24cm x 3,81cm (AxLxP) • Garantia: 2 Anos",,179.00,"Spicy BR",30615,,,https://images2.productserve.com/?w=200&h=200&bg=white&trim=5&t=letterbox&url=ssl%3Aspicy.vteximg.com.br%2Farquivos%2Fids%2F222949_2&feedId=72009&k=e26490ca3a9414b3f37a2b7882f7a9abff50b74c,BRL,,,https://www.spicy.com.br/descanso-para-churrasco-em-silicone-26x15cm-oxo-preto/p?idsku=27187,,,BRL179.00,72009,,,,4080570733,2014560,719812002286
https://www.awin1.com/pclick.php?p=44726366042&a=3093907&m=30615,"Escorredor de Louça em Alumínio 8 Pratos Brabantia Cinza Claro",44726366042,27199,https://spicy.vteximg.com.br/arquivos/ids/211673_2,"Mantenha sua pia organizada com o Escorredor de Louça em alumínio para 8 pratos, confeccionado em material resistente, ele é ideal para o dia a dia na sua cozinha. Possui espaço separado para talheres e superfície plana que permite escorrer juntos pratos e copos. A linha da Brabantia conta com um acabamento exclusivo em fosco. Design arrojado, clean e funcional para organizar e decorar. Ficha técnica: • Código: 4081301167 • Marca: Brabantia • Conteúdo da Embalagem: 1 Escorredor • Especificações do produto: Tem espaço para 8 pratos, espaço separado para talheres e uma superfície plana • Material: Alumínio e plástico • Cor: Cinza Claro • Peso: 1,49kg • Dimensões: 43,9cm x 33,5cm x 10,5cm (AxLxP) • Garantia: 5 Anos",,559.00,"Spicy BR",30615,,,https://images2.productserve.com/?w=200&h=200&bg=white&trim=5&t=letterbox&url=ssl%3Aspicy.vteximg.com.br%2Farquivos%2Fids%2F211673_2&feedId=72009&k=78f9be2c0acd3ffc813e1ed62fc710dd10a26311,BRL,,,https://www.spicy.com.br/escorredor-de-louca-em-aluminio-8-pratos-brabantia-cinza-claro/p?idsku=27199,,,BRL559.00,72009,,,,4081301167,2014572,8710755139383
https://www.awin1.com/pclick.php?p=43672583597&a=3093907&m=30615,"2 Panos em Tecido Brabantia Cinza Claro",43672583597,27205,https://spicy.vteximg.com.br/arquivos/ids/211694_2,"Pano em tecido desenvolvido com todo carinho para o seu lar. Feito de 85% polyester e 15% polyamide, que auxilia na absorão e promove elasticidade. Esse conjunto de panos é perfeito para sua cozinha. A linha da Brabantia conta com um acabamento exclusivo em fosco. Design arrojado, clean e funcional para organizar e decorar. Ficha técnica: • Código: 4081301173 • Marca: Brabantia • Conteúdo da Embalagem: 2 Panos • Especificações do produto: Lavável na máquina a 60°C Seque naturalmente, não passe a ferro Não use alvejante, amaciante de roupas ou secadoras • Material: 85% polyester e 15% polyamide • Cor: Cinza Claro • Peso: 0,054kg • Dimensões: 17cm x 14,6cm x 1,2cm (AxLxP) • Garantia: 2 Anos",,24.90,"Spicy BR",30615,,,https://images2.productserve.com/?w=200&h=200&bg=white&trim=5&t=letterbox&url=ssl%3Aspicy.vteximg.com.br%2Farquivos%2Fids%2F211694_2&feedId=72009&k=9b860356c5b71bf5b7cc978463deb46c862ae108,BRL,,,https://www.spicy.com.br/2-panos-em-tecido-brabantia-cinza-claro/p?idsku=27205,,,BRL24.90,72009,,,,4081301173,2014578,8710755230325
https://www.awin1.com/pclick.php?p=41951057728&a=3093907&m=30615,"Suporte para Detergente de Silicone 12x17cm Brabantia Cinza Claro",41951057728,27206,https://spicy.vteximg.com.br/arquivos/ids/211696_2,"Deixe sua bancada organizada e os utensílios sempre a mão com este Porta Detergente confeccionado em material resistente, versátil e com um lindo design! Ele organiza e ainda decora o ambiente. Possui base removível que facilita a retirada de água e a limpeza. O produto é desmontável para facilitar a limpeza. Além de um suporte que gruda na sua pia, facilitando seu dia a dia. Ficha técnica: • Código: 4081301174 • Marca: Brabantia • Conteúdo da Embalagem: 1 Porta Detergente • Especificações do produto: Não vai a lava louças • Material: Silicone e plástico • Cor: Cinza Claro • Peso: 0,24kg • Dimensões: 11,5cm x 9,1cm x 17,7cm (AxLxP) • Garantia: 5 Anos",,99.90,"Spicy BR",30615,,,https://images2.productserve.com/?w=200&h=200&bg=white&trim=5&t=letterbox&url=ssl%3Aspicy.vteximg.com.br%2Farquivos%2Fids%2F211696_2&feedId=72009&k=4cd3598c728cc645273ef0f101e77d6e0bde460c,BRL,,,https://www.spicy.com.br/porta-detergente-de-silicone-brabantia-cinza-claro/p?idsku=27206,,,BRL99.90,72009,,,,4081301174,2014579,8710755302749
https://www.awin1.com/pclick.php?p=40795208596&a=3093907&m=30615,"Faqueiro 60 Peças Atria WMF",40795208596,27238,https://spicy.vteximg.com.br/arquivos/ids/206472_2,"Claramente este conjunto se destina à mesas grandes, pois oferece talheres para doze pessoas - garfo, faca, colher de jantar, assim como garfo para bolo e colher de chá. Possui alta qualidade, um design simples e será um companheiro bonito e durável para você. Atria combina bem com os mundos de mesa clássicos e modernos, pois pode ser combinada com uma ampla gama de decoração de porcelana, mas também é ideal para o uso diário ou para reuniões em um ambiente de negócios onde um alto grau de objetividade é importante. Não importa quantas vezes sejam usados ou quantas vezes tenham sido lavados na máquina de lavar louça, a WMF garante há 80 anos que seus talheres mantenham sua bela aparência para sempre! A empresa produz panelas e talheres em Cromargan®, composto pelos termos Crom e Argan porque o aço tem um conteúdo particularmente alto de Cromo e Argan porque tem uma aparência semelhante à prata. O Cromargan® é à prova de ácido, à prova de ferrugem, insípido, fácil de limpar, lavável na máquina de lavar louça e tem uma vida útil quase ilimitada. O Cromargan protect® é extremamente resistente a arranhões, mesmo com o uso pesado e frequente, o material não danifica. O seu acabamento polido com Cromargan protect® torna a coleção resistente e segura para lava louças e, portanto, garante um uso prolongado descomplicado. Ficha técnica: • Código: 4080011459 • Marca: WMF • Modelo: Atria • Conteúdo da Embalagem: 12 Facas de mesa 12 Garfos de mesa 12 Colheres de mesa 12 Colheres de chá 12 Garfos de bolos •Especificações do produto: As facas de mesa são sólidas, feitas de aço, forjadas em uma única peça e endurecidas como um todo Acabamento fosco Não enferruja Lavável na máquina de lavar louças Dimensões equilibradas Higiênico Resistente a ácidos e indestrutível • Material: Aço Cromargan 18/10 • Peso: 3,800kg • Dimensões: 10cm x 49cm x 39cm (AxLxP) • Dimensões individuais: Colher de sopa: 19,9cm Garfo de Mesa: 19,7cm Faca de Mesa: 22.6cm Colher de Chá: 13,2cm Garfo de bolo: 15,7cm • Garantia: 1 Ano",,2199.00,"Spicy BR",30615,,,https://images2.productserve.com/?w=200&h=200&bg=white&trim=5&t=letterbox&url=ssl%3Aspicy.vteximg.com.br%2Farquivos%2Fids%2F206472_2&feedId=72009&k=cb29c86d66c5b9570064e30c3865bfb0dfca48cc,BRL,,,https://www.spicy.com.br/faqueiro-60-pecas-atria-wmf/p?idsku=27238,,,BRL2199.00,72009,,,,4080011459,2014611,4000530664129
https://www.awin1.com/pclick.php?p=44692281450&a=3093907&m=30615,"6 Copos Baixos Soho em Cristal Ecológico 310ml L'Hermitage",44692281450,28822,https://spicy.vteximg.com.br/arquivos/ids/225460_2,"Visual moderno, longa durabilidade, maxima resistência, podem ser levada ao microondas e lava louças. É ideal para sucos, refrescos e bebidas que requerem gelo, tornando sua experiência ainda mais saborosa. Ficha técnica: • Código: 4089180143 • Marca: L'Hermitage • Modelo: Soho • Conteúdo da Embalagem: 6 Copos Baixo • Material: Cristal ecológico • Capacidade: 310ml • Peso: 0,210kg • Dimensões: 10cm x 18,4cm x 26,1cm (AxLxP) • Garantia: 3 Meses - Contra defeitos de fabricação",,89.90,"Spicy BR",30615,,,https://images2.productserve.com/?w=200&h=200&bg=white&trim=5&t=letterbox&url=ssl%3Aspicy.vteximg.com.br%2Farquivos%2Fids%2F225460_2&feedId=72009&k=abdf0b8035f966309d4753579b04dee3d30186e4,BRL,,,https://www.spicy.com.br/6-copos-baixos-soho-em-cristal-ecologico-310ml-l-hermitage/p?idsku=28822,,,BRL89.90,72009,,,,4089180143,2016182,7893220251863
https://www.awin1.com/pclick.php?p=44692281451&a=3093907&m=30615,"6 Copos Altos Soho em Cristal Ecológico 350ml L'Hermitage",44692281451,28823,https://spicy.vteximg.com.br/arquivos/ids/225455_2,"Visual moderno, longa durabilidade, maxima resistência, podem ser levada ao microondas e lava louças. É ideal para sucos, refrescos e bebidas que requerem gelo, tornando sua experiência ainda mais saborosa. Ficha técnica: • Código: 4089180144 • Marca: L'Hermitage • Modelo: Soho • Conteúdo da Embalagem: 6 Copos Alto • Material: Cristal ecológico • Capacidade: 350ml • Peso: 0,294kg • Dimensões: 15,4cm x 16,6cm x 22,5cm (AxLxP) • Garantia: 3 Meses - Contra defeitos de fabricação",,89.90,"Spicy BR",30615,,,https://images2.productserve.com/?w=200&h=200&bg=white&trim=5&t=letterbox&url=ssl%3Aspicy.vteximg.com.br%2Farquivos%2Fids%2F225455_2&feedId=72009&k=767857165d24ddd7831d81378f8a8dcef31163dc,BRL,,,https://www.spicy.com.br/6-copos-altos-soho-em-cristal-ecologico-350ml-l-hermitage/p?idsku=28823,,,BRL89.90,72009,,,,4089180144,2016183,7893220251894
https://www.awin1.com/pclick.php?p=36850526992&a=3093907&m=30615,"Liquidificador Empire K400 em Inox 1,7 Litros 110V KitchenAid Vermelho",36850526992,28907,https://spicy.vteximg.com.br/arquivos/ids/206402_2,"O produto é resistente e de alta qualidade, proporciona maior suporte a eventuais imprevistos. As lâminas dentro da jarra e o acople, sem necessidade de girar ou travar na base, facilitam o manuseio e transporte do produto. Ao retirar a jarra da base, o motor e as lâminas param de funcionar, proporcionando maior segurança e menor desgaste. Através do Sensor Eletrônico Intellispeed e do Sistema Soft Start, o produto se adapta de acordo com a consistência de cada ingrediente, processando somente o necessário para o preparo ideal. O Sensor Eletrônico Intellispeed identifica, controla e ajusta automaticamente a potência do motor de acordo com a consistência de cada alimento. Sistema Soft Start, onde o motor inicia o processo de forma suave, trazendo os alimentos em direção às lâminas evitando respingos, e depois acelera rapidamente até alcançar a velocidade desejada. Com base robusta em metal fundido, motor com potência máxima de 1 5 HP e lâminas assimétricas em aço inox voltadas para 4 diferentes direções, o Liquidificador K 400 puxa e bate até os ingredientes mais difíceis, de folhas verdes a castanhas, resultando rapidamente em texturas e sabores ideais. Possui 9 opções de preparo, sendo 3 opções pré determinadas para preparos específicos (triturar gelo, frozen drinks e smoothies além de 5 diferentes velocidades e função pulsar, que proporcionam maior autonomia para controlar a textura ideal, de acordo com sua preferência. Possui botão giratório em metal, proporcionando maior qualidade ao toque, além de jarra de policarbonato, livre de BPA, com capacidade para 1,7 litros que suporta alimentos quentes. Seu formato inovador com cantos chanfrados permite que os alimentos mais sólidos sejam puxados em direção às lâminas, contribuindo para alcançar textura e sabor perfeito. Ficha técnica: • Código: 4088760134 • Marca: Kitchenaid • Modelo: K400 • Conteúdo da Embalagem: 1 Liquidificador • Especificações do produto: Para limpar a jarra, basta colocar água e sabão e acionar a função ciclo limpeza O botão giratório em metal pode ser removido, garantindo a total limpeza da base A jarra e a tampa também podem ir em lava louças. • Material: Ferro Fundido • Voltagem: 110V • Capacidade: 1,7 Litros • Cor: Vermelho • Peso: 5,44kg • Dimensões: 40,13cm x 19,28cm x 22,91cm (AxLxP) • Garantia: 5 Anos • Certificado Inmetro: BR OCP 0029",,2669.00,"Spicy BR",30615,,,https://images2.productserve.com/?w=200&h=200&bg=white&trim=5&t=letterbox&url=ssl%3Aspicy.vteximg.com.br%2Farquivos%2Fids%2F206402_2&feedId=72009&k=aeab9ed9a61e906b8e1c11c3b09db19e5f0d2ed8,BRL,,,https://www.spicy.com.br/liquidificador-empire-k400-em-inox-17-litros-110v-kitchenaid-vermelho/p?idsku=28907,,,BRL2669.00,72009,,,,4088760134,2016267,7891129526358
https://www.awin1.com/pclick.php?p=35979066354&a=3093907&m=30615,"Pote Hermético Retangular Kitchen 370ml Kenya",35979066354,28909,https://spicy.vteximg.com.br/arquivos/ids/222863_2,"Desenvolvido em vidro de alta qualidade e tampa com abas laterais seguras e eficientes garantem vedação perfeita e não retêm odores. É ideal para uso em micro ondas, geladeira, freezer e forno. Perfeito para auxiliar na organização e preparo dos alimentos de maneira prática e eficaz. Ficha técnica: • Código: 4082900006 • Marca: Kenya • Modelo: Kitchen • Conteúdo da Embalagem: 1 Pote • Especificações do produto: Resistente e durável e com excelente vedação Vidro de Borossilicato Vai ao micro ondas, lava louças, freezer e forno Ao levar ao micro ondas ou forno, retirar a tampa • Material: Borosilicato • Capacidade: 370ml • Peso: 0,345kg • Dimensões: 4,7cm x 10,4cm x 14,5cm (AxLxP) • Garantia: 90 Dias",,24.90,"Spicy BR",30615,,,https://images2.productserve.com/?w=200&h=200&bg=white&trim=5&t=letterbox&url=ssl%3Aspicy.vteximg.com.br%2Farquivos%2Fids%2F222863_2&feedId=72009&k=a78f1f414b09b454585db4e034958946585fb835,BRL,,,https://www.spicy.com.br/pote-hermetico-retangular-kitchen-370ml-kenya/p?idsku=28909,,,BRL24.90,72009,,,,4082900006,2016269,7899100678614
https://www.awin1.com/pclick.php?p=43958122673&a=3093907&m=30615,"Pote Hermético Retangular Kitchen 640ml Kenya",43958122673,28910,https://spicy.vteximg.com.br/arquivos/ids/222870_2,"Desenvolvido em vidro de alta qualidade e tampa com abas laterais seguras e eficientes garantem vedação perfeita e não retêm odores. É ideal para uso em micro ondas, geladeira, freezer e forno. Perfeito para auxiliar na organização e preparo dos alimentos de maneira prática e eficaz. Ficha técnica: • Código: 4082900007 • Marca: Kenya • Modelo: Kitchen • Conteúdo da Embalagem: 1 Pote • Especificações do produto: Resistente e durável e com excelente vedação Vidro de Borossilicato Vai ao micro ondas, lava louças, freezer e forno Ao levar ao micro ondas ou forno, retirar a tampa • Material: Borosilicato • Capacidade: 640ml • Peso: 0,455kg • Dimensões: 5,3cm x 12,3cm x 16,9cm (AxLxP) • Garantia: 90 Dias",,29.90,"Spicy BR",30615,,,https://images2.productserve.com/?w=200&h=200&bg=white&trim=5&t=letterbox&url=ssl%3Aspicy.vteximg.com.br%2Farquivos%2Fids%2F222870_2&feedId=72009&k=cfc6f24f49a97fe13c03fb4e09c515769c33cc1f,BRL,,,https://www.spicy.com.br/pote-hermetico-retangular-kitchen-640ml-kenya/p?idsku=28910,,,BRL29.90,72009,,,,4082900007,2016270,7899100678621
https://www.awin1.com/pclick.php?p=35979066356&a=3093907&m=30615,"Pote Hermético Retangular Kitchen 1 Litro Kenya",35979066356,28911,https://spicy.vteximg.com.br/arquivos/ids/222877_2,"Desenvolvido em vidro de alta qualidade e tampa com abas laterais seguras e eficientes garantem vedação perfeita e não retêm odores. É ideal para uso em micro ondas, geladeira, freezer e forno. Perfeito para auxiliar na organização e preparo dos alimentos de maneira prática e eficaz. Ficha técnica: • Código: 4082900008 • Marca: Kenya • Modelo: Kitchen • Conteúdo da Embalagem: 1 Pote • Especificações do produto: Resistente e durável e com excelente vedação Vidro de Borossilicato Vai ao micro ondas, lava louças, freezer e forno Ao levar ao micro ondas ou forno, retirar a tampa • Material: Borosilicato • Capacidade: 1 Litro • Peso: 0,662kg • Dimensões: 6cm x 14,6cm x 19,6cm (AxLxP) • Garantia: 90 Dias",,49.90,"Spicy BR",30615,,,https://images2.productserve.com/?w=200&h=200&bg=white&trim=5&t=letterbox&url=ssl%3Aspicy.vteximg.com.br%2Farquivos%2Fids%2F222877_2&feedId=72009&k=a75544e602154650f3fa97152a5841f287a86632,BRL,,,https://www.spicy.com.br/pote-hermetico-retangular-kitchen-1-litro-kenya/p?idsku=28911,,,BRL49.90,72009,,,,4082900008,2016271,7899100678638
https://www.awin1.com/pclick.php?p=35979066357&a=3093907&m=30615,"Pote Hermético Retangular Kitchen 1,5 Litros Kenya",35979066357,28912,https://spicy.vteximg.com.br/arquivos/ids/222884_2,"Desenvolvido em vidro de alta qualidade e tampa com abas laterais seguras e eficientes garantem vedação perfeita e não retêm odores. É ideal para uso em micro ondas, geladeira, freezer e forno. Perfeito para auxiliar na organização e preparo dos alimentos de maneira prática e eficaz. Ficha técnica: • Código: 4082900009 • Marca: Kenya • Modelo: Kitchen • Conteúdo da Embalagem: 1 Pote • Especificações do produto: Resistente e durável e com excelente vedação Vidro de Borossilicato Vai ao micro ondas, lava louças, freezer e forno Ao levar ao micro ondas ou forno, retirar a tampa • Material: Borosilicato • Capacidade: 1,5 Litros • Peso: 0,917kg • Dimensões: 6,6cm x 16,5cm x 22,1cm (AxLxP) • Garantia: 90 Dias",,69.90,"Spicy BR",30615,,,https://images2.productserve.com/?w=200&h=200&bg=white&trim=5&t=letterbox&url=ssl%3Aspicy.vteximg.com.br%2Farquivos%2Fids%2F222884_2&feedId=72009&k=8b55e31a8b18f30f94dafc562bed81d4f473e715,BRL,,,https://www.spicy.com.br/pote-hermetico-retangular-kitchen-15-litros-kenya/p?idsku=28912,,,BRL69.90,72009,,,,4082900009,2016272,7899100678645
https://www.awin1.com/pclick.php?p=35979066358&a=3093907&m=30615,"Pote Hermético Retangular Kitchen 2,2 Litros Kenya",35979066358,28913,https://spicy.vteximg.com.br/arquivos/ids/222891_2,"Desenvolvido em vidro de alta qualidade e tampa com abas laterais seguras e eficientes garantem vedação perfeita e não retêm odores. É ideal para uso em micro ondas, geladeira, freezer e forno. Perfeito para auxiliar na organização e preparo dos alimentos de maneira prática e eficaz. Ficha técnica: • Código: 4082900010 • Marca: Kenya • Modelo: Kitchen • Conteúdo da Embalagem: 1 Pote • Especificações do produto: Resistente e durável e com excelente vedação Vidro de Borossilicato Vai ao micro ondas, lava louças, freezer e forno Ao levar ao micro ondas ou forno, retirar a tampa • Material: Borosilicato • Capacidade: 2,2 Litros • Peso: 1,3kg • Dimensões: 7,7cm x 19,6cm x 24,6cm (AxLxP) • Garantia: 90 Dias",,89.90,"Spicy BR",30615,,,https://images2.productserve.com/?w=200&h=200&bg=white&trim=5&t=letterbox&url=ssl%3Aspicy.vteximg.com.br%2Farquivos%2Fids%2F222891_2&feedId=72009&k=eeee52f83bc6b7dabdf19092c3b5f9cc20775447,BRL,,,https://www.spicy.com.br/pote-hermetico-retangular-kitchen-22-litros-kenya/p?idsku=28913,,,BRL89.90,72009,,,,4082900010,2016273,7899100678652
https://www.awin1.com/pclick.php?p=35979066359&a=3093907&m=30615,"Pote Hermético Quadrado Kitchen 520ml Kenya",35979066359,28914,https://spicy.vteximg.com.br/arquivos/ids/222898_2,"Desenvolvido em vidro de alta qualidade e tampa com abas laterais seguras e eficientes garantem vedação perfeita e não retêm odores. É ideal para uso em micro ondas, geladeira, freezer e forno. Perfeito para auxiliar na organização e preparo dos alimentos de maneira prática e eficaz. Ficha técnica: • Código: 4082900011 • Marca: Kenya • Modelo: Kitchen • Conteúdo da Embalagem: 1 Pote • Especificações do produto: Resistente e durável e com excelente vedação Vidro de Borossilicato Vai ao micro ondas, lava louças, freezer e forno Ao levar ao micro ondas ou forno, retirar a tampa • Material: Borosilicato • Capacidade: 520ml • Peso: 0,402kg • Dimensões: 5,6cm x 13cm x 13cm (AxLxP) • Garantia: 90 Dias",,29.90,"Spicy BR",30615,,,https://images2.productserve.com/?w=200&h=200&bg=white&trim=5&t=letterbox&url=ssl%3Aspicy.vteximg.com.br%2Farquivos%2Fids%2F222898_2&feedId=72009&k=a4ba2ba4ecbde141512dda884a699f8f7d674ace,BRL,,,https://www.spicy.com.br/pote-hermetico-quadrado-kitchen-520ml-kenya/p?idsku=28914,,,BRL29.90,72009,,,,4082900011,2016274,7899100678669
https://www.awin1.com/pclick.php?p=35979066360&a=3093907&m=30615,"Pote Hermético Quadrado Kitchen 800ml Kenya",35979066360,28915,https://spicy.vteximg.com.br/arquivos/ids/222906_2,"Desenvolvido em vidro de alta qualidade e tampa com abas laterais seguras e eficientes garantem vedação perfeita e não retêm odores. É ideal para uso em micro ondas, geladeira, freezer e forno. Perfeito para auxiliar na organização e preparo dos alimentos de maneira prática e eficaz. Ficha técnica: • Código: 4082900012 • Marca: Kenya • Modelo: Kitchen • Conteúdo da Embalagem: 1 Pote • Especificações do produto: Resistente e durável e com excelente vedação Vidro de Borossilicato Vai ao micro ondas, lava louças, freezer e forno Ao levar ao micro ondas ou forno, retirar a tampa • Material: Borosilicato • Capacidade: 800ml • Peso: 0,522kg • Dimensões: 6,2cm x 15cm x 15cm (AxLxP) • Garantia: 90 Dias",,39.90,"Spicy BR",30615,,,https://images2.productserve.com/?w=200&h=200&bg=white&trim=5&t=letterbox&url=ssl%3Aspicy.vteximg.com.br%2Farquivos%2Fids%2F222906_2&feedId=72009&k=41aae5db1c99d4bc461fb2c00c66ddb653f29ac9,BRL,,,https://www.spicy.com.br/pote-hermetico-quadrado-kitchen-800ml-kenya/p?idsku=28915,,,BRL39.90,72009,,,,4082900012,2016275,7899100678676
https://www.awin1.com/pclick.php?p=43958122674&a=3093907&m=30615,"5 Potes Herméticos Kitchen Kenya",43958122674,28916,https://spicy.vteximg.com.br/arquivos/ids/222913_2,"Desenvolvido em vidro de alta qualidade e tampa com abas laterais seguras e eficientes garantem vedação perfeita e não retêm odores. É ideal para uso em micro ondas, geladeira, freezer e forno. Perfeito para auxiliar na organização e preparo dos alimentos de maneira prática e eficaz. Ficha técnica: • Código: 4082900013 • Marca: Kenya • Modelo: Kitchen • Conteúdo da Embalagem: 5 Potes • Especificações do produto: Resistente e durável e com excelente vedação Vidro de Borossilicato Vai ao micro ondas, lava louças, freezer e forno Ao levar ao micro ondas ou forno, retirar a tampa • Material: Borosilicato • Peso: 2,59kg • Dimensões: 19,8cm x 16,8cm x 24,5cm (AxLxP) • Garantia: 90 Dias",,159.00,"Spicy BR",30615,,,https://images2.productserve.com/?w=200&h=200&bg=white&trim=5&t=letterbox&url=ssl%3Aspicy.vteximg.com.br%2Farquivos%2Fids%2F222913_2&feedId=72009&k=390834661badce85d47ce91072e35c2b831c2932,BRL,,,https://www.spicy.com.br/5-potes-hermeticos-kitchen-kenya/p?idsku=28916,,,BRL159.00,72009,,,,4082900013,2016276,7899100678683
https://www.awin1.com/pclick.php?p=35979066412&a=3093907&m=30615,"Faca Santoku Comfort Pro em Inox 18cm Zyliss",35979066412,28926,https://spicy.vteximg.com.br/arquivos/ids/215900_2,"As facas Zyliss Comfort PRO apresentam lâmina de aço inoxidável alemão de alto desempenho. A lâmina é endurecida com gelo o que comprovadamente retém o fio, permanecendo mais afiada por mais tempo. Projetado para durar, o robusto aço inoxidável alemão pode suportar até os produtos mais difíceis. Uma faca perfeitamente equilibrada com construção inteiriça e um cabo contornado que proporciona o máximo conforto e agilidade no uso, para um trabalho seguro e sem fadiga. O design full tang garante que a faca esteja perfeitamente equilibrada para a melhor experiência de corte. Faca de cozinha profissional para todos os fins um design mais inteligente e eficaz, estas facas podem ser usadas para preparar alimentos de forma mais rápida e eficiente graças a um cabo contornado com uma aderência antiderrapante. Lâmina de aço Alemão ultra afiada permanece mais afiada por mais tempo. A lâmina afunilada desliza facilmente através de produtos resistentes e macios e é robusta o suficiente para suportar a maquina de lavar louças para limpeza rápida e fácil. Ficha técnica: • Código: 4088590653 • Marca: Zyliss • Modelo: Comfort Pro • Conteúdo da Embalagem: 1 Faca Santoku • Especificações do produto: Vai a lava louças Apoie o dedo na lâmina para melhor balanceamento e controle do corte Recuo para o polegar para conforto e precisão do corte Lâminas com tecnologia full tang que a deixa com maior equilíbrio Lâminas em Aço Alemão Cabo confortável e aderente que se adequa a qualquer tamanho de mão • Material: Aço inox • Peso: 0,336kg • Dimensões: 38,3cm x 2,7cm x 8,2cm (AxLxP) • Garantia: 25 anos",,199.00,"Spicy BR",30615,,,https://images2.productserve.com/?w=200&h=200&bg=white&trim=5&t=letterbox&url=ssl%3Aspicy.vteximg.com.br%2Farquivos%2Fids%2F215900_2&feedId=72009&k=51e8ade79c8e48923fbb1457f147dd00c6432ede,BRL,,,https://www.spicy.com.br/faca-santoku-comfort-pro-em-inox-18cm-zyliss/p?idsku=28926,,,BRL199.00,72009,,,,4088590653,2016286,5011268837463
https://www.awin1.com/pclick.php?p=36011814978&a=3093907&m=30615,"Faqueiro 60 Peças Boston em Inox WMF",36011814978,28928,https://spicy.vteximg.com.br/arquivos/ids/213592_2,"Puro, simples e descomplicado. O designer da WMF, Peter Bäurle, projetou este modelo com isso em mente e assim, os talheres são particularmente atraentes devido à sua simplicidade: os detalhes foram deliberadamente omitidos, apenas bordas arredondadas são discretamente visíveis. As facas monobloco são feitas com lâminas curvas que oferecem um bom apoio ao corte. Graças ao seu design atemporal e uma grande variedade de acessórios, os talheres Boston são versáteis e deixam uma impressão brilhante com a sua superfície polida. Ficha técnica: • Código: 4080011461 • Marca: WMF • Modelo: Boston Conteúdo da Embalagem: 12 Colheres de mesa 12 Garfos de mesa 12 Facas de mesa 12 Colheres de chá 12 Garfos para bolos •Especificações do produto: Aço Cromargan 18/10 As facas de mesa são sólidas, feitas de aço, forjadas em uma única peça e endurecidas como um todo Acabamento brilhante Não enferruja Lavável na máquina de lavar louças Dimensões equilibradas Higiênico Resistente a ácidos e indestrutível Projetado pelo Designer Peter Bäurle • Material: Inox • Peso: 3,5kg • Dimensões: 5cm x 39cm x 49cm (AxLxP) • Garantia: 90 dias em loja ou SAC Spicy",,2199.00,"Spicy BR",30615,,,https://images2.productserve.com/?w=200&h=200&bg=white&trim=5&t=letterbox&url=ssl%3Aspicy.vteximg.com.br%2Farquivos%2Fids%2F213592_2&feedId=72009&k=4eb1d1f89baf9416f311366ba04ab869629b9eb1,BRL,,,https://www.spicy.com.br/faqueiro-60-pecas-boston-em-inox-wmf/p?idsku=28928,,,BRL2199.00,72009,,,,4080011461,2016288,4000530659569
https://www.awin1.com/pclick.php?p=37538840116&a=3093907&m=30615,"Faqueiro Denver 30 Peças em Inox WMF",37538840116,28929,https://spicy.vteximg.com.br/arquivos/ids/213593_2,"A característica dos talheres Denver é sua forma cônica e a extremidade larga do cabo. Isso o torna muito presente principalmente em relação à sua superfície polida. As facas monobloco de alta qualidade têm uma lâmina particularmente longa e o comprimento dos talheres individuais combina particularmente bem com pratos grandes. O conjunto é ideal para impressionar seus convidados! Ficha técnica: • Código: 4080011462 • Marca: WMF • Modelo: Denver Conteúdo da Embalagem: 6 Facas de mesa 6 Garfos de mesa 6 Colheres de mesa 6 Colheres de chá 6 Garfos de bolos •Especificações do produto: Aço Cromargan 18/10 As facas de mesa são sólidas, feitas de aço, forjadas em uma única peça e endurecidas como um todo Acabamento polido Não enferruja Lavável na máquina de lavar louças Dimensões equilibradas Higiênico Resistente a ácidos e indestrutível • Material: Aço inox • Peso: 1,93kg • Dimensões: 6cm x 27cm x 43,5cm (AxLxP) • Garantia: 90 dias em loja ou SAC Spicy",,1399.00,"Spicy BR",30615,,,https://images2.productserve.com/?w=200&h=200&bg=white&trim=5&t=letterbox&url=ssl%3Aspicy.vteximg.com.br%2Farquivos%2Fids%2F213593_2&feedId=72009&k=38cf29c5f44829516931eb0cded254c274c6013b,BRL,,,https://www.spicy.com.br/faqueiro-denver-30-pecas-em-inox-wmf/p?idsku=28929,,,BRL1399.00,72009,,,,4080011462,2016289,4000530386229
https://www.awin1.com/pclick.php?p=36141662143&a=3093907&m=30615,"Faqueiro 60 Peças Denver em Inox WMF",36141662143,28930,https://spicy.vteximg.com.br/arquivos/ids/213596_2,"A característica dos talheres Denver é sua forma cônica e a extremidade larga do cabo. Isso o torna muito presente principalmente em relação à sua superfície polida. As facas monobloco de alta qualidade têm uma lâmina particularmente longa e o comprimento dos talheres individuais combina particularmente bem com pratos grandes. O conjunto é ideal para impressionar seus convidados! Ficha técnica: • Código: 4080011463 • Marca: WMF • Modelo: Denver Conteúdo da Embalagem: 12 Facas de mesa 12 Garfos de mesa 12 Colheres de mesa 12 Colheres de chá 12 Garfos de bolos •Especificações do produto: Aço Cromargan 18/10 As facas de mesa são sólidas, feitas de aço, forjadas em uma única peça e endurecidas como um todo Acabamento polido Não enferruja Lavável na máquina de lavar louças Dimensões equilibradas Higiênico Resistente a ácidos e indestrutível • Material: Aço inox • Peso: 3,8kg • Dimensões: 5cm x 39cm x 49cm (AxLxP) • Garantia: 90 dias em loja ou SAC Spicy",,2599.00,"Spicy BR",30615,,,https://images2.productserve.com/?w=200&h=200&bg=white&trim=5&t=letterbox&url=ssl%3Aspicy.vteximg.com.br%2Farquivos%2Fids%2F213596_2&feedId=72009&k=d40bb137c4ca9edb777ac995a270e42477ed38d3,BRL,,,https://www.spicy.com.br/faqueiro-60-pecas-denver-em-inox-wmf/p?idsku=28930,,,BRL2599.00,72009,,,,4080011463,2016290,4000530674203
https://www.awin1.com/pclick.php?p=36020138350&a=3093907&m=30615,"Faqueiro Verona 30 Peças em Inox WMF",36020138350,28931,https://spicy.vteximg.com.br/arquivos/ids/213597_2,"Os talheres WMF Verona oferecem uma reinterpretação do ""estilo Biedermeier. Um estilo de decoração que surgiu na Alemanha durante os anos de 1815 a 1848 época de grande conservadorismo na história, cuja característica foi voltar se para os interiores domésticos por conta da restrição de liberdade que tomou conta do período. A elegância clássica e um design retrô caracterizam os talheres WMF Verona. As características clássicas do design podem ser vistas no detalhe das finas linhas decorativas duplas do contorno na frente e nas costas de todos os itens de talheres da coleção Verona. O que chama a atenção nos talheres WMF Verona são as dimensões generosas sem parecer volumoso. Ficha técnica: • Código: 4080011464 • Marca: WMF • Modelo: Verona Conteúdo da Embalagem: 6 Facas de mesa 6 Garfos de mesa 6 Colheres de mesa 6 Colheres de chá 6 Garfos de bolos •Especificações do produto: Aço Cromargan 18/10 As facas de mesa são sólidas, feitas de aço, forjadas em uma única peça e endurecidas como um todo Acabamento brilhante Não enferruja Lavável na máquina de lavar louças Dimensões equilibradas Higiênico Resistente a ácidos e indestrutível • Material: Aço inox • Peso: 2,246kg • Dimensões: 5,8cm x 27cm x 43,3cm (AxLxP) • Garantia: 90 dias em loja ou SAC Spicy",,1599.00,"Spicy BR",30615,,,https://images2.productserve.com/?w=200&h=200&bg=white&trim=5&t=letterbox&url=ssl%3Aspicy.vteximg.com.br%2Farquivos%2Fids%2F213597_2&feedId=72009&k=3ab639f9fd908021c878b151cecc1b86ed5db5f3,BRL,,,https://www.spicy.com.br/faqueiro-verona-30-pecas-em-inox-wmf/p?idsku=28931,,,BRL1599.00,72009,,,,4080011464,2016291,4000530618771
https://www.awin1.com/pclick.php?p=35979066191&a=3093907&m=30615,"Faqueiro 60 Peças Verona em Inox WMF",35979066191,28932,https://spicy.vteximg.com.br/arquivos/ids/213598_2,"Os talheres WMF Verona oferecem uma reinterpretação do ""estilo Biedermeier. Um estilo de decoração que surgiu na Alemanha durante os anos de 1815 a 1848 época de grande conservadorismo na história, cuja característica foi voltar se para os interiores domésticos por conta da restrição de liberdade que tomou conta do período. A elegância clássica e um design retrô caracterizam os talheres WMF Verona. As características clássicas do design podem ser vistas no detalhe das finas linhas decorativas duplas do contorno na frente e nas costas de todos os itens de talheres da coleção Verona. O que chama a atenção nos talheres WMF Verona são as dimensões generosas sem parecer volumoso. Ficha técnica: • Código: 4080011465 • Marca: WMF • Modelo: Verona Conteúdo da Embalagem: 12 Facas de mesa 12 Garfos de mesa 12 Colheres de mesa 12 Colheres de chá 12 Garfos de bolos •Especificações do produto: Aço Cromargan 18/10 As facas de mesa são sólidas, feitas de aço, forjadas em uma única peça e endurecidas como um todo Acabamento brilhante Não enferruja Lavável na máquina de lavar louças Dimensões equilibradas Higiênico Resistente a ácidos e indestrutível • Material: Aço inox • Peso: 4,53kg • Dimensões: 5,5cm x 39cm x 49cm (AxLxP) • Garantia: 90 dias em loja ou SAC Spicy",,2999.00,"Spicy BR",30615,,,https://images2.productserve.com/?w=200&h=200&bg=white&trim=5&t=letterbox&url=ssl%3Aspicy.vteximg.com.br%2Farquivos%2Fids%2F213598_2&feedId=72009&k=8d56d45817671142ec928d3570d560290e8e421b,BRL,,,https://www.spicy.com.br/faqueiro-60-pecas-verona-em-inox-wmf/p?idsku=28932,,,BRL2999.00,72009,,,,4080011465,2016292,4000530648129
https://www.awin1.com/pclick.php?p=41203618499&a=3093907&m=30615,"Batedeira Planetária Stand Mixer 110V KitchenAid Azul",41203618499,28938,https://spicy.vteximg.com.br/arquivos/ids/215346_2,"A batedeira Kitchenaid foi projetada especialmente para tornar o tempo na cozinha em um dos mais prazerosos do dia. O corpo robusto produzido todo em aço inox, a batedeira oferece durabilidade e resistência e seu design retrô e exclusivo destaca-se no ambiente dando um toque especial na decoração de sua cozinha. Sua tigela com capacidade para 4,83 litros, 10 velocidades é perfeita para preparar receitas do dia a dia até as maiores e mais complexas. Moderna e prática, a batedeira possui comandos simples e intuitivos, movimento planetário atingindo 59 pontos de contato na lateral da tigela, proporcionando uma mistura rápida e homogênea. Com a batedeira Kitchenaid, você pode utilizá-la com ou sem a base, contém porta-fio para a armazenagem correta do produto, trava de segurança e base antiderrapante. Além disso, é possível adquirir acessórios opcionais como: Moedor, pasta roller, sorveteira, extrator de cítricos, set gourmet. Presente no Brasil desde 2008, conquistando corações e cozinhas com produtos inspirados no universo da culinária profissional. Especificações do Produto: • 10 velocidades com movimento planetário • A mistura dos ingredientes fica homogênea rapidamente • Prepare bolos, massas, pães, cremes e as mais complexas receitas • Possui trava de segurança e pés antiderrapantes • Considerada um ícone de design e funcionalidade • Possui comandos simples e intuitivos • Protetor de respingos (evitando sujeira) • Comporta outros acessórios para outras funções (vendido separadamente) • Os batedores e bowl podem ir a lava-louças • Fácil limpeza Ficha Técnica: • Código: 4088760139 • Marca: Kitchenaid • Modelo: Stand Mixer • Conteúdo da embalagem: 1 Batedeira, 1 Tigela em Inox, 1 Protetor de respingo e 3 Batedores (massa, pão, claras) • Material: Aço Inox • Voltagem: 110V • Potência: 275W • Capacidade: 4,8 litros • Cor: Azul • Peso: 10kg • Dimensões da embalagem: 35,3cm x 22,1cm x 35,8cm (AxLxP) • Garantia: 1 ano (Contra defeito de fabricação) • Certificação Inmetro BR OCP 0029",,3249.00,"Spicy BR",30615,,,https://images2.productserve.com/?w=200&h=200&bg=white&trim=5&t=letterbox&url=ssl%3Aspicy.vteximg.com.br%2Farquivos%2Fids%2F215346_2&feedId=72009&k=44def064226230712e47dc8047566212d278d9c7,BRL,,,https://www.spicy.com.br/batedeira-planetaria-stand-mixer-110v-kitchenaid-azul/p?idsku=28938,,,BRL3249.00,72009,,,,4088760139,2016298,7891129545106
https://www.awin1.com/pclick.php?p=35197736881&a=3093907&m=30615,"Batedeira Planetária Stand Mixer 110V KitchenAid Amarela",35197736881,28940,https://spicy.vteximg.com.br/arquivos/ids/215359_2,"A batedeira Kitchenaid foi projetada especialmente para tornar o tempo na cozinha em um dos mais prazerosos do dia. O corpo robusto produzido todo em aço inox, a batedeira oferece durabilidade e resistência e seu design retrô e exclusivo destaca-se no ambiente dando um toque especial na decoração de sua cozinha. Sua tigela com capacidade para 4,83 litros, 10 velocidades é perfeita para preparar receitas do dia a dia até as maiores e mais complexas. Moderna e prática, a batedeira possui comandos simples e intuitivos, movimento planetário atingindo 59 pontos de contato na lateral da tigela, proporcionando uma mistura rápida e homogênea. Com a batedeira Kitchenaid, você pode utilizá-la com ou sem a base, contém porta-fio para a armazenagem correta do produto, trava de segurança e base antiderrapante. Além disso, é possível adquirir acessórios opcionais como: Moedor, pasta roller, sorveteira, extrator de cítricos, set gourmet. Presente no Brasil desde 2008, conquistando corações e cozinhas com produtos inspirados no universo da culinária profissional. Especificações do Produto: • 10 velocidades com movimento planetário • A mistura dos ingredientes fica homogênea rapidamente • Prepare bolos, massas, pães, cremes e as mais complexas receitas • Possui trava de segurança e pés antiderrapantes • Considerada um ícone de design e funcionalidade • Possui comandos simples e intuitivos • Protetor de respingos (evitando sujeira) • Comporta outros acessórios para outras funções (vendido separadamente) • Os batedores e bowl podem ir a lava-louças • Fácil limpeza Ficha Técnica: • Código: 4088760141 • Marca: Kitchenaid • Modelo: Stand Mixer • Conteúdo da embalagem: 1 Batedeira, 1 Tigela em Inox, 1 Protetor de respingo e 3 Batedores (massa, pão, claras) • Material: Aço Inox • Voltagem: 110V • Potência: 275W • Capacidade: 4,8 litros • Cor: Amarelo • Peso: 10kg • Dimensões da embalagem: 35,3cm x 22,1cm x 35,8cm (AxLxP) • Garantia: 1 ano (Contra defeito de fabricação) • Certificação Inmetro BR OCP 0029",,3249.00,"Spicy BR",30615,,,https://images2.productserve.com/?w=200&h=200&bg=white&trim=5&t=letterbox&url=ssl%3Aspicy.vteximg.com.br%2Farquivos%2Fids%2F215359_2&feedId=72009&k=f2dea00a6cbf2a298b40c4b4908813cfefc73693,BRL,,,https://www.spicy.com.br/batedeira-planetaria-stand-mixer-110v-kitchenaid-amarela/p?idsku=28940,,,BRL3249.00,72009,,,,4088760141,2016300,7891129545144
https://www.awin1.com/pclick.php?p=41203618500&a=3093907&m=30615,"Batedeira Planetária Stand Mixer 110V KitchenAid Rosa",41203618500,28942,https://spicy.vteximg.com.br/arquivos/ids/215375_2,"A batedeira Kitchenaid foi projetada especialmente para tornar o tempo na cozinha em um dos mais prazerosos do dia. O corpo robusto produzido todo em aço inox, a batedeira oferece durabilidade e resistência e seu design retrô e exclusivo destaca-se no ambiente dando um toque especial na decoração de sua cozinha. Sua tigela com capacidade para 4,83 litros, 10 velocidades é perfeita para preparar receitas do dia a dia até as maiores e mais complexas. Moderna e prática, a batedeira possui comandos simples e intuitivos, movimento planetário atingindo 59 pontos de contato na lateral da tigela, proporcionando uma mistura rápida e homogênea. Com a batedeira Kitchenaid, você pode utilizá-la com ou sem a base, contém porta-fio para a armazenagem correta do produto, trava de segurança e base antiderrapante. Além disso, é possível adquirir acessórios opcionais como: Moedor, pasta roller, sorveteira, extrator de cítricos, set gourmet. Presente no Brasil desde 2008, conquistando corações e cozinhas com produtos inspirados no universo da culinária profissional. Especificações do Produto: • 10 velocidades com movimento planetário • A mistura dos ingredientes fica homogênea rapidamente • Prepare bolos, massas, pães, cremes e as mais complexas receitas • Possui trava de segurança e pés antiderrapantes • Considerada um ícone de design e funcionalidade • Possui comandos simples e intuitivos • Protetor de respingos (evitando sujeira) • Comporta outros acessórios para outras funções (vendido separadamente) • Os batedores e bowl podem ir a lava-louças • Fácil limpeza Ficha Técnica: • Código: 4088760143 • Marca: Kitchenaid • Modelo: Stand Mixer • Conteúdo da embalagem: 1 Batedeira, 1 Tigela em Inox, 1 Protetor de respingo e 3 Batedores (massa, pão, claras) • Material: Aço Inox • Voltagem: 110V • Potência: 275W • Capacidade: 4,8 litros • Cor: Rosa • Peso: 10kg • Dimensões da embalagem: 35,3cm x 22,1cm x 35,8cm (AxLxP) • Garantia: 1 ano (Contra defeito de fabricação) • Certificação Inmetro BR OCP 0029""",,3249.00,"Spicy BR",30615,,,https://images2.productserve.com/?w=200&h=200&bg=white&trim=5&t=letterbox&url=ssl%3Aspicy.vteximg.com.br%2Farquivos%2Fids%2F215375_2&feedId=72009&k=e8433104c9565cffe51e3e5ecb4e0751f257f48a,BRL,,,https://www.spicy.com.br/batedeira-planetaria-stand-mixer-110v-kitchenaid-rosa/p?idsku=28942,,,BRL3249.00,72009,,,,4088760143,2016302,7891129545151
https://www.awin1.com/pclick.php?p=38065969268&a=3093907&m=30615,"Batedeira Planetária Stand Mixer 110V KitchenAid Preta",38065969268,28943,https://spicy.vteximg.com.br/arquivos/ids/215413_2,"A batedeira Kitchenaid foi projetada especialmente para tornar o tempo na cozinha em um dos mais prazerosos do dia. O corpo robusto produzido todo em aço inox, a batedeira oferece durabilidade e resistência e seu design retrô e exclusivo destaca-se no ambiente dando um toque especial na decoração de sua cozinha. Sua tigela com capacidade para 4,83 litros, 10 velocidades é perfeita para preparar receitas do dia a dia até as maiores e mais complexas. Moderna e prática, a batedeira possui comandos simples e intuitivos, movimento planetário atingindo 59 pontos de contato na lateral da tigela, proporcionando uma mistura rápida e homogênea. Com a batedeira Kitchenaid, você pode utilizá-la com ou sem a base, contém porta-fio para a armazenagem correta do produto, trava de segurança e base antiderrapante. Além disso, é possível adquirir acessórios opcionais como: Moedor, pasta roller, sorveteira, extrator de cítricos, set gourmet. Presente no Brasil desde 2008, conquistando corações e cozinhas com produtos inspirados no universo da culinária profissional. Especificações do Produto: • 10 velocidades com movimento planetário • A mistura dos ingredientes fica homogênea rapidamente • Prepare bolos, massas, pães, cremes e as mais complexas receitas • Possui trava de segurança e pés antiderrapantes • Considerada um ícone de design e funcionalidade • Possui comandos simples e intuitivos • Protetor de respingos (evitando sujeira) • Comporta outros acessórios para outras funções (vendido separadamente) • Os batedores e bowl podem ir a lava-louças • Fácil limpeza Ficha Técnica: • Código: 4088760144 • Marca: Kitchenaid • Modelo: Stand Mixer • Conteúdo da embalagem: 1 Batedeira, 1 Tigela em Inox, 1 Protetor de respingo e 3 Batedores (massa, pão, claras) • Material: Aço Inox • Voltagem: 127V • Potência: 275W • Capacidade: 4,8 litros • Cor: Preto • Peso: 10kg • Dimensões da embalagem: 35,3cm x 22,1cm x 35,8cm (AxLxP) • Garantia: 1 ano (Contra efeito de fabricação) • Certificação Inmetro BR OCP 0029",,3249.00,"Spicy BR",30615,,,https://images2.productserve.com/?w=200&h=200&bg=white&trim=5&t=letterbox&url=ssl%3Aspicy.vteximg.com.br%2Farquivos%2Fids%2F215413_2&feedId=72009&k=dd71b31153e6a199af06d475bd7da38b5b5200d2,BRL,,,https://www.spicy.com.br/batedeira-planetaria-stand-mixer-110v-kitchenaid-preta/p?idsku=28943,,,BRL3249.00,72009,,,,4088760144,2016303,7891129545120
https://www.awin1.com/pclick.php?p=46004836974&a=3093907&m=30615,"Batedeira Planetária Stand Mixer 220V KitchenAid Preta Matte",46004836974,28944,https://spicy.vteximg.com.br/arquivos/ids/215432_2,"A batedeira Kitchenaid foi projetada especialmente para tornar o tempo na cozinha em um dos mais prazerosos do dia. O corpo robusto produzido todo em aço inox, a batedeira oferece durabilidade e resistência e seu design retrô e exclusivo destaca-se no ambiente dando um toque especial na decoração de sua cozinha. Sua tigela com capacidade para 4,83 litros, 10 velocidades é perfeita para preparar receitas do dia a dia até as maiores e mais complexas. Moderna e prática, a batedeira possui comandos simples e intuitivos, movimento planetário atingindo 59 pontos de contato na lateral da tigela, proporcionando uma mistura rápida e homogênea. Com a batedeira Kitchenaid, você pode utilizá-la com ou sem a base, contém porta-fio para a armazenagem correta do produto, trava de segurança e base antiderrapante. Além disso, é possível adquirir acessórios opcionais como: Moedor, pasta roller, sorveteira, extrator de cítricos, set gourmet. Presente no Brasil desde 2008, conquistando corações e cozinhas com produtos inspirados no universo da culinária profissional. Especificações do Produto: • 10 velocidades com movimento planetário • A mistura dos ingredientes fica homogênea rapidamente • Prepare bolos, massas, pães, cremes e as mais complexas receitas • Possui trava de segurança e pés antiderrapantes • Considerada um ícone de design e funcionalidade • Possui comandos simples e intuitivos • Protetor de respingos (evitando sujeira) • Comporta outros acessórios para outras funções (vendido separadamente) • Os batedores e bowl podem ir a lava-louças • Fácil limpeza Ficha Técnica: • Código: 4088760145 • Marca: Kitchenaid • Modelo: Stand Mixer • Conteúdo da embalagem: 1 Batedeira, 1 Tigela em Inox, 1 Protetor de respingo e 3 Batedores (massa, pão, claras) • Material: Aço Inox • Voltagem: 220V • Potência: 300W • Capacidade: 4,8 litros • Cor: Preto Matte • Peso: 10kg • Dimensões da embalagem: 35,3cm x 22,1cm x 35,8cm (AxLxP) • Garantia: 1 ano (Contra efeito de fabricação) • Certificação Inmetro BR OCP 0029",,3249.00,"Spicy BR",30615,,,https://images2.productserve.com/?w=200&h=200&bg=white&trim=5&t=letterbox&url=ssl%3Aspicy.vteximg.com.br%2Farquivos%2Fids%2F215432_2&feedId=72009&k=284b50f4443276a07dcfc8d0cc2812c26ba18866,BRL,,,https://www.spicy.com.br/batedeira-planetaria-stand-mixer-220v-kitchenaid-preta/p?idsku=28944,,,BRL3249.00,72009,,,,4088760145,2016304,7891129545113
https://www.awin1.com/pclick.php?p=39959601641&a=3093907&m=30615,"Lava e Seca Saladas de Plástico OXO Verde",39959601641,30326,https://spicy.vteximg.com.br/arquivos/ids/211790_2,"O Lava e Seca Saladas da OXO Good Grips é a maneira mais rápida e fácil de secar verduras ou ervas. Para ingredientes limpos e secos, basta pressionar o botão. A cesta giratória também funciona como uma peneira, para que você possa enxaguar a alface com muito mais facilidade. A base antiderrapante evita que o bowl escorregue, e o botão de freio embutido paralisa a cesta imediatamente. Misture e sirva sua salada direto na tigela! Ficha técnica: • Código: 4080570716 • Marca: OXO • Modelo: Good Grips • Conteúdo da Embalagem: 1 Lava e seca Use apenas uma mão para secagem total com o mínimo esforço O freio patenteado para a cesta, a paralisa imediatamente com um simples toque A trava de armazenamento mantém a bomba nivelada com a tampa para empilhar e armazenar A base antiderrapante mantém a tigela estável durante o uso A cesta giratória removível funciona como uma peneira para enxaguar as verduras Tigela transparente, durável e pode ser usada para armazenamento ou como tigela de servir A tampa fácil de limpar se abre para uma limpeza mais completa • Material: Plástico • Capacidade: Tigela: 5,89 Litros Cesta: 4,65 Litros • Peso: 1,48kg • Dimensões: 17cm x 28,44cm x 28,19cm (AxLxP) • Garantia: 3 Meses - Contra defeito de fabricação",,299.00,"Spicy BR",30615,,,https://images2.productserve.com/?w=200&h=200&bg=white&trim=5&t=letterbox&url=ssl%3Aspicy.vteximg.com.br%2Farquivos%2Fids%2F211790_2&feedId=72009&k=7bb1822fb4ce278920d9f3e9f1d3b5d7f6ae8dc9,BRL,,,https://www.spicy.com.br/lava-e-seca-saladas-de-plastico-oxo-verde/p?idsku=30326,,,BRL299.00,72009,,,,4080570716,2017666,719812025599
https://www.awin1.com/pclick.php?p=34749361293&a=3093907&m=30615,"Frigideira Nordic Profi em Inox para Indução 28cm WMF",34749361293,31626,https://spicy.vteximg.com.br/arquivos/ids/212005_2,"As frigideiras da coleção Nordic Profi caracterizam-se por uma forma minimalista e moderna, que certamente dará um sopro refrescante à sua cozinha. O corpo da panela e a alça são feitos de aço inoxidável Cromargan® 18/10 polido, enquanto a parte interna da panela é coberta com um revestimento cerâmico super resistente chamado Nordic. São perfeitas para fritar alimentos em temperaturas de até 400°C, também podem ser usadas no forno em temperaturas de até 250°C. A base TransTherm® permite que a panela seja usada em qualquer tipo de fogão, incluindo de indução. Ficha técnica: • Código: 4080011457 • Marca: WMF • Modelo: Nordic Profi • Conteúdo da Embalagem: 1 Frigideira •Especificações do produto: Aço Cromargan 18/10 Alças ocas que reduzem a transferência de calor tornando as mais frias A base universal patenteada TransTherm® economiza energia durante o cozimento graças à ótima distribuição e retenção de calor Pode ser usada no forno em temperaturas de até 250°C A parte interna é coberta com um revestimento cerâmico chamado Nordic Recomenda-se lavar as frigideiras à mão O revestimento antiaderente é muito fácil de limpar Recomenda-se o uso de utensílios de madeira, plástico ou silicone • Material: Aço Inox • Peso: 1,180kg • Dimensões: 7cm x 29,1cm x 47,6cm (AxLxP) • Garantia: 2 Anos • Certificação BRA21/01751",,599.00,"Spicy BR",30615,,,https://images2.productserve.com/?w=200&h=200&bg=white&trim=5&t=letterbox&url=ssl%3Aspicy.vteximg.com.br%2Farquivos%2Fids%2F212005_2&feedId=72009&k=0dd47c3534b6a6b3d99b75592257749a78fc0a65,BRL,,,https://www.spicy.com.br/frigideira-nordic-profi-em-inox-para-inducao-28cm-wmf/p?idsku=31626,,,BRL599.00,72009,,,,4080011457,2018960,4000530697004
https://www.awin1.com/pclick.php?p=36471063126&a=3093907&m=30615,"Colher para Servir Berna em Inox 26,5cm Wolf",36471063126,31668,https://spicy.vteximg.com.br/arquivos/ids/215951_2,"Os talheres são indispensáveis para a composição de uma mesa perfeita e a Wolff proporciona o encontro entre o sofisticado e o moderno. Os faqueiros são produzidos com materiais nobres, design clean e acabamentos detalhados, com uma imensa variedade de estilos, desde os mais tradicionais aos mais contemporâneos, trazendo à mesa luxo e requinte. Ficha técnica: • Código: 4089350358 • Marca: Wolf • Modelo: Berna • Conteúdo da Embalagem: 1 Colher para Servir • Especificações do produto: Não lavar na lava louças Não levar ao microondas Lavar com esponja macia e detergente neutro Não usar produtos abrasivos Secar imediatamente • Material: Inox • Peso: 0,240kg • Dimensões: 0,3cm x 6cm x 26,5cm (AxLxP) • Garantia: 90 Dias",,79.90,"Spicy BR",30615,,,https://images2.productserve.com/?w=200&h=200&bg=white&trim=5&t=letterbox&url=ssl%3Aspicy.vteximg.com.br%2Farquivos%2Fids%2F215951_2&feedId=72009&k=c5b9e99edb585a0e4064c7eab9b055037a9da029,BRL,,,https://www.spicy.com.br/colher-para-servir-berna-em-inox-265cm-wolf/p?idsku=31668,,,BRL79.90,72009,,,,4089350358,2019002,7895730715354
https://www.awin1.com/pclick.php?p=35979066494&a=3093907&m=30615,"Talher para Salada 2 Peças Berna em Inox Wolf",35979066494,31669,https://spicy.vteximg.com.br/arquivos/ids/215956_2,"Os talheres são indispensáveis para a composição de uma mesa perfeita e a Wolff proporciona o encontro entre o sofisticado e o moderno. Os faqueiros são produzidos com materiais nobres, design clean e acabamentos detalhados, com uma imensa variedade de estilos, desde os mais tradicionais aos mais contemporâneos, trazendo à mesa luxo e requinte. Ficha técnica: • Código: 4089350359 • Marca: Wolf • Modelo: Berna • Conteúdo da Embalagem: 2 Talheres para Salada • Especificações do produto: Não lavar na lava louças Não levar ao microondas Lavar com esponja macia e detergente neutro Não usar produtos abrasivos Secar imediatamente • Material: Inox • Peso: 0,170kg • Dimensões: 0,3cm x 9,5cm x 22cm (AxLxP) • Garantia: 90 Dias",,79.90,"Spicy BR",30615,,,https://images2.productserve.com/?w=200&h=200&bg=white&trim=5&t=letterbox&url=ssl%3Aspicy.vteximg.com.br%2Farquivos%2Fids%2F215956_2&feedId=72009&k=a2ceac56f4eab5074cc11a423552afe8dd7e672a,BRL,,,https://www.spicy.com.br/talher-para-salada-2-pecas-berna-em-inox-wolf/p?idsku=31669,,,BRL79.90,72009,,,,4089350359,2019003,7895730716962
https://www.awin1.com/pclick.php?p=35979066496&a=3093907&m=30615,"Faca e Garfo para Assado Berna em Inox Wolf",35979066496,31671,https://spicy.vteximg.com.br/arquivos/ids/215971_2,"Os talheres são indispensáveis para a composição de uma mesa perfeita e a Wolff proporciona o encontro entre o sofisticado e o moderno. Os faqueiros são produzidos com materiais nobres, design clean e acabamentos detalhados, com uma imensa variedade de estilos, desde os mais tradicionais aos mais contemporâneos, trazendo à mesa luxo e requinte. Ficha técnica: • Código: 4089350361 • Marca: Wolf • Modelo: Berna • Conteúdo da Embalagem: 1 Colher para Servir • Especificações do produto: Não lavar na lava louças Não levar ao microondas Lavar com esponja macia e detergente neutro Não usar produtos abrasivos Secar imediatamente • Material: Inox • Peso: 0,280kg • Dimensões: 0,3cm x 8cm x 30cm (AxLxP) • Garantia: 90 Dias",,159.00,"Spicy BR",30615,,,https://images2.productserve.com/?w=200&h=200&bg=white&trim=5&t=letterbox&url=ssl%3Aspicy.vteximg.com.br%2Farquivos%2Fids%2F215971_2&feedId=72009&k=db1f444fa88095197c789a0276d83de951155f62,BRL,,,https://www.spicy.com.br/faca-e-garfo-para-assado-berna-em-inox-wolf/p?idsku=31671,,,BRL159.00,72009,,,,4089350361,2019005,7895730717082
https://www.awin1.com/pclick.php?p=33604495839&a=3093907&m=30615,"2 Taças de Vinho Pinot Noir Veloce 768ml Riedel",33604495839,32874,https://spicy.vteximg.com.br/arquivos/ids/225242_2,"As taças para Vinhos Pinot Noir, são taças com design de balão para capturar os aromas, quando você balança a taça o vapor fica preso por conta do design. A proposta dessa linha vem com referência do seu processo na produção. Feito em máquina de última tecnologia da Riedel que dá requintes de detalhes que normalmente são obtidos apenas produzidos às mãos. Taças mais leves e finas, ideais para safra de vinhos mais novos se adequando a cada uva especifica. A elegância para seu vinho com vidro cristal resistente. A anatomia da taça possui 4 componentes chaves para seu uso: Lábio/Borda: Mais afunilada para concentrar a dispersão dos aromas, Bojo: Largo para facilitar o contato do vinho com o ar e facilitar o movimento giratório de aeração sem derramar no vizinho, Haste: Onde seguramos a taça, para evitar o contato das mãos com o bojo, evitando alterar a temperatura da bebida e as digitais impressas e a Base: Tem a simples função de servir de apoio ao conjunto da obra. Ficha técnica: • Código: 4088190227 • Marca: Riedel • Modelo: Veloce • Conteúdo da Embalagem: 2 Taças • Especificações do produto: Pode ir a lava louças • Material: Vidro cristalino • Capacidade: 768ml • Peso: 0,664kg • Dimensões: 28,3cm x 12,8cm x 28,9cm (AxLxP) • Garantia: 3 Meses - Contra defeito de fabricação",,799.00,"Spicy BR",30615,,,https://images2.productserve.com/?w=200&h=200&bg=white&trim=5&t=letterbox&url=ssl%3Aspicy.vteximg.com.br%2Farquivos%2Fids%2F225242_2&feedId=72009&k=c0392349684eb76e5ad4fe6d52b11ca03173c785,BRL,,,https://www.spicy.com.br/2-tacas-de-vinho-pinot-noir-veloce-768ml-riedel/p?idsku=32874,,,BRL799.00,72009,,,,4088190227,2020206,9006206324163
https://www.awin1.com/pclick.php?p=33604495841&a=3093907&m=30615,"2 Taças de Champagne Veloce 327ml Riedel",33604495841,32875,https://spicy.vteximg.com.br/arquivos/ids/225244_2,"As taças para Champagne, são estreitas para facilitar as bolhas a ir ao topo e sem muito espaço para expandir. A proposta dessa linha vem com referência do seu processo na produção. Feito em máquina de última tecnologia da Riedel que dá requintes de detalhes que normalmente são obtidos apenas produzidos às mãos. Taças mais leves e finas, ideais para safra de vinhos mais novos se adequando a cada uva especifica. A elegância para seu vinho com vidro cristal resistente. A anatomia da taça possui 4 componentes chaves para seu uso: Lábio/Borda: Mais afunilada para concentrar a dispersão dos aromas, Bojo: Largo para facilitar o contato do vinho com o ar e facilitar o movimento giratório de aeração sem derramar no vizinho, Haste: Onde seguramos a taça, para evitar o contato das mãos com o bojo, evitando alterar a temperatura da bebida e as digitais impressas e a Base: Tem a simples função de servir de apoio ao conjunto da obra. Ficha técnica: • Código: 4088190228 • Marca: Riedel • Modelo: Veloce • Conteúdo da Embalagem: 2 Taças • Especificações do produto: Pode ir a lava louças • Material: Vidro cristalino • Capacidade: 327ml • Peso: 0,576kg • Dimensões: 28,3cm x 12,8cm x 28,9cm (AxLxP) • Garantia: 3 Meses - Contra defeito de fabricação",,599.00,"Spicy BR",30615,,,https://images2.productserve.com/?w=200&h=200&bg=white&trim=5&t=letterbox&url=ssl%3Aspicy.vteximg.com.br%2Farquivos%2Fids%2F225244_2&feedId=72009&k=950a4020b728a839be8be4e21a2686efabf649ed,BRL,,,https://www.spicy.com.br/2-tacas-de-champagne-veloce-327ml-riedel/p?idsku=32875,,,BRL599.00,72009,,,,4088190228,2020207,9006206324170
https://www.awin1.com/pclick.php?p=33604495843&a=3093907&m=30615,"2 Taças de Vinho Riesling Veloce 570ml Riedel",33604495843,32876,https://spicy.vteximg.com.br/arquivos/ids/225247_2,"As taças para Vinhos Riesling, tem seu bojo de tamanho menor para enaltecer mais o ácido do vinho branco. A proposta dessa linha vem com referência do seu processo na produção. Feito em máquina de última tecnologia da Riedel que dá requintes de detalhes que normalmente são obtidos apenas produzidos às mãos. Taças mais leves e finas, ideais para safra de vinhos mais novos se adequando a cada uva especifica. A elegância para seu vinho com vidro cristal resistente. A anatomia da taça possui 4 componentes chaves para seu uso: Lábio/Borda: Mais afunilada para concentrar a dispersão dos aromas, Bojo: Largo para facilitar o contato do vinho com o ar e facilitar o movimento giratório de aeração sem derramar no vizinho, Haste: Onde seguramos a taça, para evitar o contato das mãos com o bojo, evitando alterar a temperatura da bebida e as digitais impressas e a Base: Tem a simples função de servir de apoio ao conjunto da obra. Ficha técnica: • Código: 4088190229 • Marca: Riedel • Modelo: Veloce • Conteúdo da Embalagem: 2 Taças • Especificações do produto: Pode ir a lava louças • Material: Vidro cristalino • Capacidade: 570ml • Peso: 0,620kg • Dimensões: 28,3cm x 12,8cm x 28,9cm (AxLxP) • Garantia: 3 Meses - Contra defeito de fabricação",,799.00,"Spicy BR",30615,,,https://images2.productserve.com/?w=200&h=200&bg=white&trim=5&t=letterbox&url=ssl%3Aspicy.vteximg.com.br%2Farquivos%2Fids%2F225247_2&feedId=72009&k=04756e5d7159d6519fa6293c385ed4bc4fdaa793,BRL,,,https://www.spicy.com.br/2-tacas-de-vinho-riesling-veloce-570ml-riedel/p?idsku=32876,,,BRL799.00,72009,,,,4088190229,2020208,9006206324149
https://www.awin1.com/pclick.php?p=33553468093&a=3093907&m=30615,"4 Taças de Vinho Tinto Friendly 667ml Riedel",33553468093,33261,https://spicy.vteximg.com.br/arquivos/ids/228090_2,"Em vez de serem apenas funcionais e compatíveis com o tipo de uva, as taças da coleção Wine Friendly são concebidos para uma finalidade específica. A coleção foi desenvolvida como taças universais, isso significa que essa linha se adapta com tipo de vinhos universais ao invés de ser determinada a apenas um tipo de uva. Ficha técnica: • Código: 4088190231 • Marca: Riedel • Modelo: Friendly • Conteúdo da Embalagem: 4 Taças • Especificações do produto: Pode ir a lava louças • Material: Vidro cristalino • Capacidade: 667ml • Peso: 0,937kg • Dimensões: 24,7cm x 9,7cm x 9,7cm (AxLxP) • Garantia: 3 Meses - Contra defeito de fabricação",,749.00,"Spicy BR",30615,,,https://images2.productserve.com/?w=200&h=200&bg=white&trim=5&t=letterbox&url=ssl%3Aspicy.vteximg.com.br%2Farquivos%2Fids%2F228090_2&feedId=72009&k=dc01f1d6e007424b0cc5cbeb70e5c612f5d0c8c2,BRL,,,https://www.spicy.com.br/4-tacas-de-vinho-tinto-friendly-667ml-riedel/p?idsku=33261,,,BRL749.00,72009,,,,4088190231,2020594,9006206323883
https://www.awin1.com/pclick.php?p=33553468095&a=3093907&m=30615,"4 Taças de Vinho Branco/Espumante Friendly 440ml Riedel",33553468095,33262,https://spicy.vteximg.com.br/arquivos/ids/228091_2,"Em vez de serem apenas funcionais e compatíveis com o tipo de uva, as taças da coleção Wine Friendly são concebidos para uma finalidade específica. A coleção foi desenvolvida como taças universais, isso significa que essa linha se adapta com tipo de vinhos universais ao invés de ser determinada a apenas um tipo de uva. Ficha técnica: • Código: 4088190232 • Marca: Riedel • Modelo: Friendly • Conteúdo da Embalagem: 4 Taças • Especificações do produto: Pode ir a lava louças • Material: Vidro cristalino • Capacidade: 440ml • Peso: 0,79kg • Dimensões: 22,1cm x 8,5cm x 8,5cm (AxLxP) • Garantia: 3 Meses - Contra defeito de fabricação",,749.00,"Spicy BR",30615,,,https://images2.productserve.com/?w=200&h=200&bg=white&trim=5&t=letterbox&url=ssl%3Aspicy.vteximg.com.br%2Farquivos%2Fids%2F228091_2&feedId=72009&k=6bb7b2fcf80782d8c9e77931af222955f76aa26d,BRL,,,https://www.spicy.com.br/4-tacas-de-vinho-branco-espumante-friendly-440ml-riedel/p?idsku=33262,,,BRL749.00,72009,,,,4088190232,2020595,9006206323890
https://www.awin1.com/pclick.php?p=33553468097&a=3093907&m=30615,"Decanter para Vinho Friendly 1,2 Litros Riedel",33553468097,33263,https://spicy.vteximg.com.br/arquivos/ids/225257_2,"Utilize este Decanter para melhorar a aereação do vinho e abrir o seu aroma favorito! Em vez de serem apenas funcionais e compatíveis com o tipo de uva, as taças da coleção Wine Friendly são concebidos para uma finalidade específica. A coleção foi desenvolvida como taças universais, isso significa que essa linha se adapta com tipo de vinhos universais ao invés de ser determinada a apenas um tipo de uva. Ficha técnica: • Código: 4088190233 • Marca: Riedel • Modelo: Friendly • Conteúdo da Embalagem: 1 Decanter • Especificações do produto: Pode ir a lava louças Pode ir ao freezer • Material: Vidro cristalino • Capacidade: 1,2 litros • Peso: 0,46kg • Dimensões: 28,5cm x 10,8cm x 10,8cm (AxLxP) • Garantia: 3 Meses - Contra defeito de fabricação",,499.00,"Spicy BR",30615,,,https://images2.productserve.com/?w=200&h=200&bg=white&trim=5&t=letterbox&url=ssl%3Aspicy.vteximg.com.br%2Farquivos%2Fids%2F225257_2&feedId=72009&k=dd719183b45e8d0665e839fca5c2f5b988beca47,BRL,,,https://www.spicy.com.br/decanter-para-vinho-friendly-1-2-litros-riedel/p?idsku=33263,,,BRL499.00,72009,,,,4088190233,2020596,9006206323968
https://www.awin1.com/pclick.php?p=34286534471&a=3093907&m=30615,"Copo Térmico para Cerveja com Tampa Inox 473ml Stanley Preto",34286534471,33282,https://spicy.vteximg.com.br/arquivos/ids/220373_2,"Saboreie sua cerveja gelada até o último gole! É a escolha para dias inesquecíveis de descontração e lazer. O brasileiro adora praia, churrasco, amigos e muita bebida gelada. A linha de cerveja da Stanley já é sucesso de vendas, além de ser atemporal, é eclética igual a Stanley. Resistente, durável e atemporal, com preservação térmica de até 4,5 horas, parede dupla com isolamento a vácuo e abridor acoplado à tampa. Saboreie sua cerveja gelada até o último gole. Nosso Copo Térmico de Cerveja com Tampa 473 ml conta com uma construção robusta feita a partir de materiais de alta qualidade que vão manter sua bebida gelada por muito mais tempo, para que você preste atenção na conversa e não na temperatura da sua cerveja. Para criar uma experiência completa, o copo térmico de cerveja da Stanley possui uma tampa contra derramamento e sujeiras, com um abridor de garrafas acoplado. Se você busca um copo de cerveja para levar aonde for, este produto é ideal para você. Com seu design clássico e icônico, nosso copo vai ser um item indispensável nos seus momentos de lazer e descontração, seja com os amigos nos finais de semana ou até mesmo sozinho em casa. Assim como todos os nossos produtos, o copo térmico para cerveja com tampa é uma aquisição para a vida toda e com a qualidade que só a Stanley sabe oferecer. Ficha técnica: • Código: 4082970005 • Marca: Stanley • Conteúdo da Embalagem: 1 Copo Térmico •Especificações do produto: Parede dupla com isolamento a vácuo Bebida gelada por 4 horas Não sua por fora Bebida quente por 45 min Bebida gelada até 15 horas com gelo • Material: Aço Inox • Capacidade: 473ml • Cor: Verde • Peso: 0,38kg • Dimensões: 17,2cm x 9,6cm x 9,6cm (AxLxP) • Garantia: Vitalícia",,149.00,"Spicy BR",30615,,,https://images2.productserve.com/?w=200&h=200&bg=white&trim=5&t=letterbox&url=ssl%3Aspicy.vteximg.com.br%2Farquivos%2Fids%2F220373_2&feedId=72009&k=4bab693772add5dd7e464908a41d28e24a017b75,BRL,,,https://www.spicy.com.br/copo-termico-para-cerveja-com-tampa-em-inox-473ml-stanley-preto/p?idsku=33282,,,BRL149.00,72009,,,,4082970005,2020615,7891108080536
https://www.awin1.com/pclick.php?p=34593342657&a=3093907&m=30615,"Copo Térmico para Cerveja com Tampa em Inox 473ml Stanley Branco",34593342657,33283,https://spicy.vteximg.com.br/arquivos/ids/220376_2,"Saboreie sua cerveja gelada até o último gole! É a escolha para dias inesquecíveis de descontração e lazer. O brasileiro adora praia, churrasco, amigos e muita bebida gelada. A linha de cerveja da Stanley já é sucesso de vendas, além de ser atemporal, é eclética igual a Stanley. Resistente, durável e atemporal, com preservação térmica de até 4,5 horas, parede dupla com isolamento a vácuo e abridor acoplado à tampa. Saboreie sua cerveja gelada até o último gole. Nosso Copo Térmico de Cerveja com Tampa 473 ml conta com uma construção robusta feita a partir de materiais de alta qualidade que vão manter sua bebida gelada por muito mais tempo, para que você preste atenção na conversa e não na temperatura da sua cerveja. Para criar uma experiência completa, o copo térmico de cerveja da Stanley possui uma tampa contra derramamento e sujeiras, com um abridor de garrafas acoplado. Se você busca um copo de cerveja para levar aonde for, este produto é ideal para você. Com seu design clássico e icônico, nosso copo vai ser um item indispensável nos seus momentos de lazer e descontração, seja com os amigos nos finais de semana ou até mesmo sozinho em casa. Assim como todos os nossos produtos, o copo térmico para cerveja com tampa é uma aquisição para a vida toda e com a qualidade que só a Stanley sabe oferecer. Ficha técnica: • Código: 4082970006 • Marca: Stanley • Conteúdo da Embalagem: 1 Copo Térmico •Especificações do produto: Parede dupla com isolamento a vácuo Bebida gelada por 4 horas Não sua por fora Bebida quente por 45 min Bebida gelada até 15 horas com gelo • Material: Aço Inox • Capacidade: 473ml • Cor: Branco • Peso: 0,38kg • Dimensões: 17,2cm x 9,6cm x 9,6cm (AxLxP) • Garantia: Vitalícia",,149.00,"Spicy BR",30615,,,https://images2.productserve.com/?w=200&h=200&bg=white&trim=5&t=letterbox&url=ssl%3Aspicy.vteximg.com.br%2Farquivos%2Fids%2F220376_2&feedId=72009&k=6ab20c5aca7e5c6ccad1c2b48196ae3da53c05d8,BRL,,,https://www.spicy.com.br/copo-termico-para-cerveja-com-tampa-em-inox-473ml-stanley-branco/p?idsku=33283,,,BRL149.00,72009,,,,4082970006,2020616,7891108080314
https://www.awin1.com/pclick.php?p=37602990005&a=3093907&m=30615,"Forma de Gelo 6 Cubos em Silicone OXO",37602990005,33410,https://spicy.vteximg.com.br/arquivos/ids/234292_2,"Faz seis cubos grandes que mantêm as bebidas frias e não as diluem. Silicone flexível permite fácil remoção, enquanto a moldura fornece suporte durante o enchimento, movimentação e armazenamento. A tampa mantém os odores fora e permite para empilhar várias bandejas. Ficha técnica: • Código: 4080570737 • Marca: OXO • Conteúdo da embalagem: 1 Forma de Gelo e 1 Tampa • Especificações do produto: Vai à lava louças • Material: Silicone • Peso: 0,59kg • Dimensões do produto: 19cm x 13cm x 6,5m (AxLxP) • Garantia: 3 meses",,149.00,"Spicy BR",30615,,,https://images2.productserve.com/?w=200&h=200&bg=white&trim=5&t=letterbox&url=ssl%3Aspicy.vteximg.com.br%2Farquivos%2Fids%2F234292_2&feedId=72009&k=1f9d1715ff9e314b67d9af64767165b6f9189c7a,BRL,,,https://www.spicy.com.br/forma-de-gelo-6-cubos-em-silicone-oxo/p?idsku=33410,,,BRL149.00,72009,,,,4080570737,2020743,719812045436
https://www.awin1.com/pclick.php?p=35040088923&a=3093907&m=30615,"Forma de Gelo 48 Cubos em Silicone OXO",35040088923,33411,https://spicy.vteximg.com.br/arquivos/ids/234361_2,"Esta bandeja de cubos de gelo de silicone coberta faz 48 cubos pequenos no total. Silicone flexível permite fácil remoção, enquanto a moldura fornece suporte durante o enchimento, movimentação e armazenamento. A tampa mantém os odores fora e permite para empilhar várias bandejas. Ficha técnica: • Código: 4080570738 • Marca: OXO • Conteúdo da embalagem: 1 Forma de Gelo e 1 Tampa • Especificações do produto: Vai à lava louças • Material: Silicone • Peso: 0,81kg • Dimensões do produto: 20cm x 13cm x 5m (AxLxP) • Garantia: 3 meses",,199.00,"Spicy BR",30615,,,https://images2.productserve.com/?w=200&h=200&bg=white&trim=5&t=letterbox&url=ssl%3Aspicy.vteximg.com.br%2Farquivos%2Fids%2F234361_2&feedId=72009&k=fd16784339f11a9cd01dbb141357f83457d6b8dd,BRL,,,https://www.spicy.com.br/forma-de-gelo-48-cubos-em-silicone-oxo/p?idsku=33411,,,BRL199.00,72009,,,,4080570738,2020744,719812045443
https://www.awin1.com/pclick.php?p=34896210277&a=3093907&m=30615,"Bloco de Facas 22,7x11,2cm Kenya Preto",34896210277,33421,https://spicy.vteximg.com.br/arquivos/ids/227229_2,"Desenvolvido pela Kenya, este bloco de facas auxilia a organização e otimização de sua bancada. Fácil de armazenar e remover as facas, combina com qualquer estilo de cozinha. Ficha técnica: • Código: 4081660105 • Marca: Kenya • Conteúdo da Embalagem: 1 Bloco de Facas •Especificações do produto: Versátil Durabilidade e resistência Facilidade de armazenamento Lavar à mão com esponja macia e produtos não abrasivos Livre de BPA • Material: Bloco de facas em plástico PP e ABS, material interno em borracha TPR • Cor: Preto • Peso: 0,55kg • Dimensões: 22,7cm x 11,2cm x 11,2cm (AxLxP) • Garantia: 3 Meses - Contra defeito de fabricação",,169.00,"Spicy BR",30615,,,https://images2.productserve.com/?w=200&h=200&bg=white&trim=5&t=letterbox&url=ssl%3Aspicy.vteximg.com.br%2Farquivos%2Fids%2F227229_2&feedId=72009&k=359af73139613ad2090cc7d21bcc983f6308f912,BRL,,,https://www.spicy.com.br/bloco-de-facas-227x112cm-kenya-preto/p?idsku=33421,,,BRL169.00,72009,,,,4081660105,2020754,7899100679321
https://www.awin1.com/pclick.php?p=40831735390&a=3093907&m=30615,"3 Facas para Queijo em Acacia Kenya",40831735390,33422,https://spicy.vteximg.com.br/arquivos/ids/227233_2,"Desenvolvido pela Kenya, este conjunto de facas atende cada tipo de queijo, desde quebradiços e macios à queijos mais duros, cortando cada pedaço como se deve ser cortado. Produtos em acácia se destacam por sua riqueza em resinas, durabilidade e resistência. As lâminas em aço inox promovem melhor performance nos cortes. Perfeitos para fatiar variados tipos, oferecendo praticidade e corte ágil. Ficha técnica: • Código: 4081660106 • Marca: Kenya • Conteúdo da Embalagem: 1 Conjunto com 3 facas para queijo •Especificações do produto: Lâminas em aço inox Durabilidade e resistência Oferece praticidade e corte ágil Lavar à mão com esponja macia e produtos não abrasivos Garantir secagem completa do produto após uso e lavagem • Material: Lâminas em aço inox e cabos em acácia • Peso: 0,18kg • Dimensões: 2cm x 14cm x 23,5cm (AxLxP) • Garantia: 3 Meses - Contra defeito de fabricação",,169.00,"Spicy BR",30615,,,https://images2.productserve.com/?w=200&h=200&bg=white&trim=5&t=letterbox&url=ssl%3Aspicy.vteximg.com.br%2Farquivos%2Fids%2F227233_2&feedId=72009&k=da4768d45108275a1f06baa9d909a60161c696ea,BRL,,,https://www.spicy.com.br/3-facas-para-queijo-em-acacia-kenya/p?idsku=33422,,,BRL169.00,72009,,,,4081660106,2020755,7899100679338
https://www.awin1.com/pclick.php?p=44679159125&a=3093907&m=30615,"Tábua em Acácia 33x43cm Kenya",44679159125,33423,https://spicy.vteximg.com.br/arquivos/ids/227238_2,"Desenvolvida pela Kenya, esta tábua robusta em acácia possui trilho lateral para armazenar migalhas e suco das carnes. Produtos em acácia se destacam por sua riqueza em resinas, durabilidade e resistência. Perfeita para auxiliar preparos no espaço outdoor. Ficha técnica: • Código: 4081660107 • Marca: Kenya • Conteúdo da Embalagem: 1 Tábua •Especificações do produto: Possui trilho para migalhas e suco das carnes Durabilidade e resistência Design moderno Lavar à mão com esponja macia e produtos não abrasivos Garantir secagem completa do produto após uso e lavagem • Material: Acácia • Peso: 3kg • Dimensões: 3,8cm x 33cm x 43cm (AxLxP) • Garantia: 3 Meses - Contra defeito de fabricação",,499.00,"Spicy BR",30615,,,https://images2.productserve.com/?w=200&h=200&bg=white&trim=5&t=letterbox&url=ssl%3Aspicy.vteximg.com.br%2Farquivos%2Fids%2F227238_2&feedId=72009&k=56fcd829821085e48d9ae56743d23fc2fd977221,BRL,,,https://www.spicy.com.br/tabua-em-acacia-33x43cm-kenya/p?idsku=33423,,,BRL499.00,72009,,,,4081660107,2020756,7899100679345
https://www.awin1.com/pclick.php?p=34896491333&a=3093907&m=30615,"Bandeja para Queijo com Tampa em Bambu 23x14,5cm Kenya",34896491333,33427,https://spicy.vteximg.com.br/arquivos/ids/227262_2,"Desenvolvida pela Kenya, esta queijeira em bambu com tampa em acrílico auxilia a armazenagem de diversos tamanhos de queijo, garantindo as propriedades originais e durabilidade do alimento. Indo à mesa, conversa com diferentes moods e estilos. Produtos em bambu se destacam por suas propriedades antibacterianas, produzidos com material ecologicamente correto de alta qualidade contribuem para a mínima absorção de água, evitando umidade e a proliferação de fungos. Ficha técnica: • Código: 4081660110 • Marca: Kenya • Conteúdo da Embalagem: 1 Queijeira com tampa •Especificações do produto: Propriedades antibacterianas Durabilidade e resistência Versátil Lavar à mão com esponja macia e produtos não abrasivos Garantir secagem completa do produto após uso e lavagem • Material: Bambu com tampa em acrílico • Peso: 0,56kg • Dimensões: 14,5cm x 23cm x 23cm (AxLxP) • Garantia: 3 Meses - Contra defeito de fabricação",,149.00,"Spicy BR",30615,,,https://images2.productserve.com/?w=200&h=200&bg=white&trim=5&t=letterbox&url=ssl%3Aspicy.vteximg.com.br%2Farquivos%2Fids%2F227262_2&feedId=72009&k=c234c92fe724490f31833f1a2b4fb01a2e6e1317,BRL,,,https://www.spicy.com.br/bandeja-para-queijo-com-tampa-em-bambu-23x145cm-kenya/p?idsku=33427,,,BRL149.00,72009,,,,4081660110,2020760,7899100679383
https://www.awin1.com/pclick.php?p=44008519093&a=3093907&m=30615,"6 Garfos em Inox Champagne Laguiole Coutelerrie Neron",44008519093,33430,https://spicy.vteximg.com.br/arquivos/ids/225375_2,"Procurar pelo talher certo que seja elegante, e dure tempo suficiente pode ser difícil. As facas da Laguiole são desenvolvidas através de uma tradição de produzir itens duráveis e que tenha presença na sua mesa, Item da melhor qualidade para os melhores momentos. • Código: 4089010011 • Marca: Coutelerrie Neron •Conteúdo da Embalagem: 6 Garfos •Especificações do produto: Aço inox 15/10: Aço da melhor qualidade para usar um produto por mais tempo e com elegância. As facas são polidas e acabadas à mão para conforto e equilíbrio Talheres talhado à mão: Desenvolvido à mão enaltecendo cada detalhe. O logo é uma abelha, símbolo da faca Laguiole Lâminas serrilhadas: Ajuda a cortar da melhor maneira. Se aplica apenas ao conjunto de faca, os demais itens não tem lâmina serrilhada Lavar à mão • Material: Aço inox • Cor: Champagne • Peso do produto: 0,59kg • Dimensões: 27cm x 11,5cm x 2,3cm(AxLxP) • Garantia: 3 meses",,999.00,"Spicy BR",30615,,,https://images2.productserve.com/?w=200&h=200&bg=white&trim=5&t=letterbox&url=ssl%3Aspicy.vteximg.com.br%2Farquivos%2Fids%2F225375_2&feedId=72009&k=dcecde10fc679aa28a1a45cf34033c74cd1c94bb,BRL,,,https://www.spicy.com.br/6-garfos-em-inox-champagne-laguiole/p?idsku=33430,,,BRL999.00,72009,,,,4089010011,2020763,3308460675415
https://www.awin1.com/pclick.php?p=35979066429&a=3093907&m=30615,"Talheres Laguiole para Churrasco Inox Coutelerrie Neron Champagne 2 Peças",35979066429,33435,https://spicy.vteximg.com.br/arquivos/ids/225372_2,"Procurar pelo talher certo que seja elegante, e dure tempo suficiente pode ser difícil. As facas da Laguiole são desenvolvidas através de uma tradição de produzir itens duráveis e que tenha presença na sua mesa, Item da melhor qualidade para os melhores momentos. • Código: 4089010008 • Marca: Coutelerrie Neron • Conteúdo da Embalagem: 1 Faca 1 Garfo •Especificações do produto: Aço inox 15/10: Aço da melhor qualidade para usar um produto por mais tempo e com elegância. As facas são polidas e acabadas à mão para conforto e equilíbrio Talheres talhado à mão: Desenvolvido à mão enaltecendo cada detalhe. O logo é uma abelha, símbolo da faca Laguiole Lâminas serrilhadas: Ajuda a cortar da melhor maneira. Se aplica apenas ao conjunto de faca, os demais itens não tem lâmina serrilhada Lavar à mão • Material: Inox • Cor: Champagne • Peso do produto: 0,40kg • Dimensões: 35cm x 3cm x 8cm(AxLxP) • Garantia: 3 meses",,799.00,"Spicy BR",30615,,,https://images2.productserve.com/?w=200&h=200&bg=white&trim=5&t=letterbox&url=ssl%3Aspicy.vteximg.com.br%2Farquivos%2Fids%2F225372_2&feedId=72009&k=c48d0b3d9359fa3e4b9568aaa69ed1e4bcb4c839,BRL,,,https://www.spicy.com.br/garfo-e-faca-para-churrasco-em-inox-laguiole-champagne/p?idsku=33435,,,BRL799.00,72009,,,,4089010008,2020768,3308460205476
https://www.awin1.com/pclick.php?p=35979066430&a=3093907&m=30615,"2 Talheres Laguiole para Salada Inox Coutelerrie Neron Champagne",35979066430,33436,https://spicy.vteximg.com.br/arquivos/ids/225373_2,"Procurar pelo talher certo que seja elegante, e dure tempo suficiente pode ser difícil. As facas da Laguiole são desenvolvidas através de uma tradição de produzir itens duráveis e que tenha presença na sua mesa, Item da melhor qualidade para os melhores momentos. • Código: 4089010009 • Marca: Coutelerrie Neron • Conteúdo da Embalagem: 1 Colher 1 Garfo •Especificações do produto: Aço inox 15/10: Aço da melhor qualidade para usar um produto por mais tempo e com elegância. As facas são polidas e acabadas à mão para conforto e equilíbrio Talheres talhado à mão: Desenvolvido à mão enaltecendo cada detalhe. O logo é uma abelha, símbolo da faca Laguiole Lâminas serrilhadas: Ajuda a cortar da melhor maneira. Se aplica apenas ao conjunto de faca, os demais itens não tem lâmina serrilhada Lavar à mão • Material: Aço inox • Cor: Champagne • Peso do produto: 0,19kg • Dimensões: 24,5cm x 5cm x 5cm (AxLxP) • Garantia: 3 meses",,599.00,"Spicy BR",30615,,,https://images2.productserve.com/?w=200&h=200&bg=white&trim=5&t=letterbox&url=ssl%3Aspicy.vteximg.com.br%2Farquivos%2Fids%2F225373_2&feedId=72009&k=bab6c0fb9dfc7e33db9a232ac82c640f2400a71b,BRL,,,https://www.spicy.com.br/2-talheres-para-salada-em-inox-laguiole-champagne/p?idsku=33436,,,BRL599.00,72009,,,,4089010009,2020769,3308460205490
https://www.awin1.com/pclick.php?p=44623127645&a=3093907&m=30615,"6 Facas em Inox Laguiole Champagne Coutelerrie Neron",44623127645,33437,https://spicy.vteximg.com.br/arquivos/ids/225374_2,"Procurar pelo talher certo que seja elegante, e dure tempo suficiente pode ser difícil. As facas da Laguiole são desenvolvidas através de uma tradição de produzir itens duráveis e que tenha presença na sua mesa, Item da melhor qualidade para os melhores momentos. • Código: 4089010010 • Marca: Coutelerrie Neron •Conteúdo da Embalagem: 6 Facas •Especificações do produto: Aço inox 15/10: Aço da melhor qualidade para usar um produto por mais tempo e com elegância. As facas são polidas e acabadas à mão para conforto e equilíbrio Talheres talhado à mão: Desenvolvido à mão enaltecendo cada detalhe. O logo é uma abelha, símbolo da faca Laguiole Lâminas serrilhadas: Ajuda a cortar da melhor maneira. Se aplica apenas ao conjunto de faca, os demais itens não tem lâmina serrilhada Lavar à mão • Material: Aço inox • Cor: Champagne • Peso do produto: 0,53kg • Dimensões: 27cm x 11,5cm x 2,3cm(AxLxP) • Garantia: 3 meses",,999.00,"Spicy BR",30615,,,https://images2.productserve.com/?w=200&h=200&bg=white&trim=5&t=letterbox&url=ssl%3Aspicy.vteximg.com.br%2Farquivos%2Fids%2F225374_2&feedId=72009&k=01dcd5a2c2d1d34537e0d493e74f50b903bdfab2,BRL,,,https://www.spicy.com.br/6-facas-em-inox-laguiole-champagne/p?idsku=33437,,,BRL999.00,72009,,,,4089010010,2020770,3308460675408
https://www.awin1.com/pclick.php?p=35979066254&a=3093907&m=30615,"Dosador Duplo em Inox 67cm OXO",35979066254,34408,https://spicy.vteximg.com.br/arquivos/ids/223027_2,"O dosador tem dupla marcação, um lado que mede até 7ml e outro de até 37ml. O punho macio e antiderrapaente envolve o corpo de inox para uma pegada confortável. Ótimo e prático para medir e preparar qualquer bebida. Ficha técnica: • Código: 4080570735 • Marca: OXO • Conteúdo da Embalagem: 1 Dosador • Especificações do produto: Pode ir a lava louças • Material: Aço inox • Peso: 0,16kg • Dimensões: 17cm x 8,3cm x 5,8cm (AxLxP) • Garantia: 3 Meses - Contra defeito de fabricação",,179.00,"Spicy BR",30615,,,https://images2.productserve.com/?w=200&h=200&bg=white&trim=5&t=letterbox&url=ssl%3Aspicy.vteximg.com.br%2Farquivos%2Fids%2F223027_2&feedId=72009&k=81f504381e7d26bb1e02c3311ef9e470f795b5b8,BRL,,,https://www.spicy.com.br/dosador-duplo-em-inox-67cm-oxo/p?idsku=34408,,,BRL179.00,72009,,,,4080570735,2021755,719812050508
https://www.awin1.com/pclick.php?p=33496035529&a=3093907&m=30615,"Coador para Coquetel em Inox 7cm OXO",33496035529,34409,https://spicy.vteximg.com.br/arquivos/ids/223034_2,"O coador tem um sutil levantamento que ajuda o liquido a escorrer pelas molas, evitando pingos e poças. O descanso macio para os dedos oferece conforte durante o uso. Uitlize com facilidade para preparar sua bebida favorita. Ficha técnica: • Código: 4080570736 • Marca: OXO • Conteúdo da Embalagem: 1 Coador • Especificações do produto: Pode ir a lava louças • Material: Aço inox • Peso: 0,175kg • Dimensões: 17cm x 8,7cm x 3cm (AxLxP) • Garantia: 3 Meses - Contra defeito de fabricação",,149.00,"Spicy BR",30615,,,https://images2.productserve.com/?w=200&h=200&bg=white&trim=5&t=letterbox&url=ssl%3Aspicy.vteximg.com.br%2Farquivos%2Fids%2F223034_2&feedId=72009&k=daadc985f08d7ac4d59d3916aa95be49bb79b973,BRL,,,https://www.spicy.com.br/coador-para-coquetel-em-inox-7cm-oxo/p?idsku=34409,,,BRL149.00,72009,,,,4080570736,2021756,719812006413
https://www.awin1.com/pclick.php?p=35979066256&a=3093907&m=30615,"Coqueteleira em Inox 700ml OXO",35979066256,34410,https://spicy.vteximg.com.br/arquivos/ids/223051_2,"Crie coqueteis como um profissional. Mexa, agite e sirva com estilo com a elegante parede única de aço inox. Com coador embutido que evita qualquer pedaço de comida na sua bebida. E uma tampa com marcação de medição de até 44ml para ajudar a preparar qualquer bebida. Ficha técnica: • Código: 4080570740 • Marca: OXO • Conteúdo da Embalagem: 1 Coqueteleira • Especificações do produto: Pode ir a lava louças • Material: Aço inox com duas juntas de silicone • Capacidade: 700ml • Peso: 0,86kg • Dimensões: 24cm x 8,8cm (AxD) • Garantia: 3 Meses - Contra defeito de fabricação",,279.00,"Spicy BR",30615,,,https://images2.productserve.com/?w=200&h=200&bg=white&trim=5&t=letterbox&url=ssl%3Aspicy.vteximg.com.br%2Farquivos%2Fids%2F223051_2&feedId=72009&k=26b077dfeaba036ee67c0fe2b13083665fdd46e3,BRL,,,https://www.spicy.com.br/coqueteleira-em-inox-700ml-oxo/p?idsku=34410,,,BRL279.00,72009,,,,4080570740,2021757,719812051734
https://www.awin1.com/pclick.php?p=33215430625&a=3093907&m=30615,"Capa de Proteção Koda 12 Ooni",33215430625,34471,https://spicy.vteximg.com.br/arquivos/ids/222542_2,"Proteja o seu Ooni Koda 12 e leve-o facilmente para onde quiser com a nossa capa de transporte 100% à prova de água. Esta capa 2 em 1 apresenta um forro elástico para um ajuste confortável ao corpo do forno, além de alças acolchoadas. Seja onde for sua festa, seu Ooni Koda 12 estará com você. A alça de transporte é acolchoada com fivelas de alumínio fundido e possui uma presilha para proteger seu regulador de gás quando estiver em viagem. Ficha técnica: • Código: 4093500006 • Marca: Ooni • Modelo: Compatível com Koda 12 • Conteúdo da Embalagem: 1 Capa • Especificações do produto: À prova d'água O poliéster leve é totalmente à prova d'água, com um forro elástico para um ajuste confortável que impede a entrada de água Presilha de acessórios de gás Prenda o regulador de gás e a mangueira na parte externa da bolsa para facilitar o transporte Alças ajustáveis Mova as fivelas de alumínio para ajustar o comprimento da alça de transporte e fixe-as com a alça acolchoada para um transporte confortável Limpe a capa apenas com as mãos. Não utilize máquina de lavar roupa. Limpe levemente com água morna e detergente neutro. Seque ao ar livre Não passe a ferro, não use água sanitária e não lave a seco • Material: Capa em poliéster Oxford 210D com revestimento de poliuretano termoplástico e fivelas em alumínio fundido • Cor: Preto • Peso do produto sem embalagem: 0,40 Kg • Peso do produto com embalagem: 0,55 Kg • Dimensões do produto: 22 x 4 x 27 cm (AxLxP) • Dimensões com embalagem: 22 x 4 x 27 cm (AxLxP) • Garantia: 12 Meses",,599.00,"Spicy BR",30615,,,https://images2.productserve.com/?w=200&h=200&bg=white&trim=5&t=letterbox&url=ssl%3Aspicy.vteximg.com.br%2Farquivos%2Fids%2F222542_2&feedId=72009&k=58226614437262a5ba6c7eca5a501a0f0fc6e2fe,BRL,,,https://www.spicy.com.br/capa-de-protecao-koda-12-ooni/p?idsku=34471,,,BRL599.00,72009,,,,4093500006,2021818,602883997882
https://www.awin1.com/pclick.php?p=37116227771&a=3093907&m=30615,"Processador de Alimentos Up & Down 127V Oster Preto",37116227771,35601,https://spicy.vteximg.com.br/arquivos/ids/226073_2,"Perfeito para você fazer diversos tipos de receitas, até 2x mais rápido. E a tecnologia Up&Down permite que a lâmina suba e desça durante o uso, garantindo que o alimento seja processado por completo, sem pedaços maiores. Com design moderno e fácil de usar, oferece duas funções de processamento, contínuo e intermitente, para facilitar a sua rotina. Para garantir a segurança no preparo das suas receitas, o Processador Oster® Up&Down possui dupla trava de segurança, na tampa e na base. Além disso, o processador tem uma estrutura atóxica, pois o material do jarro é BPA Free e livre de Bisfenol A. Com capacidade de 900ml, Processador Oster® Up&Down é perfeito para preparar molhos, caldos e outros tipos de receitas. Na hora de lavar, é só desmontar. Na hora de guardar, o porta fio na base garante que nada fique fora de lugar. Ficha técnica: • Código: 4089670081 • Marca: Oster • Conteúdo da Embalagem: 1 Processador • Especificações do produto: 2x mais rápido Dupla trava de segurança Painel touch Fácil de lavar • Material: Aço inox • Voltagem: 127V • Potência: 300W • Consumo: 0,3kWh • Capacidade: 900ml • Cor: Cinza/Preto • Peso: 1,48kg • Dimensões: 24,5cm x 16cm x 23,5cm (AxLxP) • Garantia: 3 Meses - Contra defeito de fabricação • Certificado OCP 0040",,389.00,"Spicy BR",30615,,,https://images2.productserve.com/?w=200&h=200&bg=white&trim=5&t=letterbox&url=ssl%3Aspicy.vteximg.com.br%2Farquivos%2Fids%2F226073_2&feedId=72009&k=06bbf1b127baa30a7358406dfb6183e2da2ec3a2,BRL,,,https://www.spicy.com.br/processador-de-alimentos-up-e-down-127v-oster-preto/p?idsku=35601,,,BRL389.00,72009,,,,4089670081,2022951,7898615988850
https://www.awin1.com/pclick.php?p=44672363364&a=3093907&m=30615,"Chaleira Elétrica de Vidro com Infusor 1,8 Litros 127V Oster",44672363364,35603,https://spicy.vteximg.com.br/arquivos/ids/226090_2,"Um objeto de decoração, com design moderno e atual, a nova Chaleira Elétrica da Oster é mais do que uma chaleira e combina com sua cozinha. A nova Chaleira Elétrica Oster® possui um infusor para você poder fazer seu chá favorito diretamente na chaleira. Perfeita para utilizar durante o inverno, quando os chás auxiliam na imunidade durante o frio. A nova Chaleira Elétrica da Oster é muito mais higiênica: com o seu copo de vidro, ela tem capaciadade de 1,8 litros e não permite alteração no sabor da água. O LED acende automaticamente quando a chaleira for ligada e sua luz avisa que o aquecimento foi iniciado. Quando completar a fervura ou se você desligar o produto antes, a luz apagará. Ficha técnica: • Código: 4089670083 • Marca: Oster • Conteúdo da Embalagem: 1 Chaleira Elétrica • Especificações do produto: 2 em 1 Desligamento automático Sistema de desligamento automático Proteção contra superaquecimento, evitando acidentes Sistema Light-Color • Material: Aço inox/ Vidro • Voltagem: 127V • Potência: 1250W • Consumo: 1,25kWh • Capacidade: 1,8 Litros • Cor: Prata/Preto • Peso: 1,1kg • Dimensões: 22,1cm x 21,5cm x 15cm (AxLxP) • Garantia: 3 Meses - Contra defeito de fabricação • Certificado OCP 0040",,229.00,"Spicy BR",30615,,,https://images2.productserve.com/?w=200&h=200&bg=white&trim=5&t=letterbox&url=ssl%3Aspicy.vteximg.com.br%2Farquivos%2Fids%2F226090_2&feedId=72009&k=5b62fa21d292e3fa7af800cb4517c96bca94bbd1,BRL,,,https://www.spicy.com.br/chaleira-eletrica-de-vidro-com-infusor-18-litros-127v-oster/p?idsku=35603,,,BRL229.00,72009,,,,4089670083,2022953,7898615988027
https://www.awin1.com/pclick.php?p=42731220393&a=3093907&m=30615,"Forno Fritadeira Air Fryer 2x1 French Door 42 Litros 127V Oster",42731220393,35614,https://spicy.vteximg.com.br/arquivos/ids/226185_2,"Novo Forno 2 em 1 Oster: A praticidade de dois produtos em um só! Maximize suas opções na cozinha com o Forno e Fritadeira sem óleo French Door da Oster®. Seu design contemporâneo e funções pré programadas proporcionam maior facilidade para suas receitas. Seu novo aliado para receitas especiais. Possui 42 litros e sua capacidade pode ser duplicada, pois possui duas prateleiras. Ideal para o preparo de duas receitas ao mesmo tempo. Agora é possível preparar a entrada e o prato principal de uma só vez! O fundo curvo aliado aos 42 litros permite assar pizzas de até 40cm. Muito mais aproveitamento de espaço e pizzas para a família inteira em poucos minutos. Controle de temperatura ajustável de 90ºC a 230ºC que possibilita o preparo de carnes e uma grande variedade de alimentos na temperatura ideal. As portas possuem abertura compacta, ocupam menos espaço na bancada, deixando o espaço em frente às portas livre para utilizar de apoio para assadeiras e formas. Inclui bandeja, grelha e cesto para auxiliar em todos os preparos. Além da bandeja coletora de gordura, que trás praticidade para a limpeza. Ficha técnica: • Código: 4089670093 • Marca: Oster • Conteúdo da Embalagem: 1 Forno Fritadeira Air Fryer • Especificações do produto: 5 Funções pré programadas: Para tostar, assar, grelhar, assar por turbo convecção, esquentar e fritar sem óleo Função fritar sem óleo: Inclui função para fritar sem o uso de óleo, o que possibilita preparos mais saudáveis Função Convecção: Sua tecnologia para assar por convecção faz com que o ar quente circule por todo o forno, assando os alimentos de forma rápida e dourando de forma mais uniforme • Material: Aço inox • Voltagem: 127V • Potência: 1700W • Consumo: 1,7kWh • Temperatura: de 90ºC a 230ºC • Capacidade: 42 Litros • Cor: Prata/Preto • Peso: 9,65kg • Dimensões: 32,5cm x 55cm x 49cm (AxLxP) • Garantia: 3 Meses - Contra defeito de fabricação • Certificado OCP 0040",,999.00,"Spicy BR",30615,,,https://images2.productserve.com/?w=200&h=200&bg=white&trim=5&t=letterbox&url=ssl%3Aspicy.vteximg.com.br%2Farquivos%2Fids%2F226185_2&feedId=72009&k=73fa248a59ed29dffb4c7768311c578de7fa9495,BRL,,,https://www.spicy.com.br/forno-fritadeira-air-fryer-2x1-french-door-42-litros-127v-oster/p?idsku=35614,,,BRL999.00,72009,,,,4089670093,2022964,53891162586
https://www.awin1.com/pclick.php?p=35979066285&a=3093907&m=30615,"Escova para Roupa 25x7cm Brabantia Cinza",35979066285,35743,https://spicy.vteximg.com.br/arquivos/ids/225923_2,"Remover pêlos de animais, poeiras e fios indesejados em roupas e toalhas ficou muito mais fácil com esta incrível escova. Suas almofadas aveludadas permitem a utilização da esquerda para a direita e vice versa sem perder a eficácia, enquanto a alça macia e ergonômica garante conforto durante a utilização. Suas roupas limpas e prontas para uso em segundos! Ficha técnica: • Código: 4081301211 • Marca: Brabantia • Modelo: Ice Water • Conteúdo da Embalagem: 1 Escova • Material: Plástico • Peso: 0,08kg • Dimensões: 28,1cm x 6,7cm x 3,5cm (AxLxP) • Garantia: 2 Anos",,79.90,"Spicy BR",30615,,,https://images2.productserve.com/?w=200&h=200&bg=white&trim=5&t=letterbox&url=ssl%3Aspicy.vteximg.com.br%2Farquivos%2Fids%2F225923_2&feedId=72009&k=95b9538742de2ae5f57ec97d32dfbb120e8c882c,BRL,,,https://www.spicy.com.br/escova-para-roupa-25x7cm-brabantia-cinza/p?idsku=35743,,,BRL79.90,72009,,,,4081301211,2023093,8710755149382
https://www.awin1.com/pclick.php?p=33604495845&a=3093907&m=30615,"Espremedor de Alho Easy Clean em Plástico 24cm Zyliss Branco",33604495845,36927,https://spicy.vteximg.com.br/arquivos/ids/225437_2,"Fácil de apertar, a alça ergonômica foi projetada para uso confortável e sem esforço, com a borda reta na base para remover facilmente a quantidade máxima de alho prensado. Simplesmente raspe o alho do local de prensagem com a ponta de uma faca. Sua construção robusta com encaixe perfeito e placa de prensagem em aço inoxidável garantem sempre os melhores resultados. A prensa se encaixa perfeitamente nos orifícios da placa de inox maximizando a quantidade de alho prensado. Após o uso, a alça é removível para facilitar a limpeza. Se você quer espremer um dente ou uma cabeça de alho, o Zyliss Easy Clean Press oferece alho fresco picado em uma simples prensa. Uma alça ergonômica melhora o conforto enquanto adiciona estabilidade ao pressionar. Leve e fácil de usar, esta ferramenta possui uma câmara extragrande que é capaz de espremer mais de um dente de alho por vez. O espremedor de alho Zyliss Easy Clean realmente faz jus ao seu nome com a adição de uma alça removível que permite uma limpeza rápida e fácil. Ficha técnica: • Código: 4088590648 • Marca: Zyliss • Modelo: Easy Clean • Conteúdo da Embalagem: 1 Espremedor de alho • Especificações do produto: Basta puxar o corpo, a alça e ambas as peças podem ser colocadas na máquina de lavar louças Recomenda se lavar à mão Projetado para maximizar o rendimento do alho e minimizar o desperdício Punho ergonómico com pega antiderrapante para fácil manuseio Câmara extra grande para pressionar vários dentes de alho ao mesmo tempo A alça superior desencaixa para facilitar a limpeza Pode ser lavado na máquina de lavar louça • Material: Plástico • Cor: Branco • Peso: 127kg • Dimensões: 24,5cm x 9,5cm x 4,5cm (AxLxP) • Garantia: 5 anos - Contra defeitos de material e fabricação",,129.00,"Spicy BR",30615,,,https://images2.productserve.com/?w=200&h=200&bg=white&trim=5&t=letterbox&url=ssl%3Aspicy.vteximg.com.br%2Farquivos%2Fids%2F225437_2&feedId=72009&k=c47f5bc604f70beccbf10aa7dbbccd0f85be170e,BRL,,,https://www.spicy.com.br/espremedor-de-alho-easy-clean-em-plastico-24cm-zyliss-branco/p?idsku=36927,,,BRL129.00,72009,,,,4088590648,2024277,5011268857270
https://www.awin1.com/pclick.php?p=34286534493&a=3093907&m=30615,"Refil de Gás Fogareiro 400ml Baston",34286534493,36936,https://spicy.vteximg.com.br/arquivos/ids/226534_2,"O Gás para fogareiro Domline é indicado para fogareiros e maçaricos que utilizam refil de gás. O refil é compatível com os maçaricos vendidos na Spicy e é fácil de montar. Só precisa rosquear o cilindro do gás no maçarico. Instruções de Uso: Usar este tubo sempre na posição deitada (horizontal) com a parte da válvula aberta virada para cima para evitar vazamentos e aproveitar todo o gás do cartucho. Encaixe o bico da válvula no local indicado pelo seu fogareiro. Nunca utilize um fogareiro ao lado de outro. Manter em local coberto e ventilado (temperatura inferior a 50°C). Cuidado, Inflamável! Não ingerir. Evite a inalação ou aspiração, contato com os olhos e a pele. Lave bem as mãos após o uso. Mantenha longe dos olhos durante a aplicação. Não fure a lata, mesmo vazia. Não jogue no fogo ou incinerador. Não exponha a embalagem a temperatura superior a 50°C. Em caso de contato com os olhos e a pele lave imediatamente com água em abundância. Se ingerido não provoque vômito e procure a unidade de saúde mais próxima. Suporte Técnico: O Departamento Técnico/Comercial da Baston Aerossóis tem experiência prática na utilização dos produtos e processos de fabricação. Solicite assistência através de nossa equipe de vendas. Havendo necessidade de esclarecimentos técnicos ligue (42) 3252 - 1705. Em caso de emergência consulte o Disque Intoxicação 0800 7226001. Ficha técnica: • Código: 4082420005 • Marca: Baston • Conteúdo da Embalagem: 1 Produto • Especificações do produto: Compatibilidade com o Maçarico Culinário 14cm Kenya Preto (4080700020) • Capacidade: 400ml/ 200g • Peso: 0,2kg • Dimensões: 20cm x 6,5cm x 6,5cm (AxLxP) • Garantia: 3 Meses - Contra defeito de fabricação",,24.90,"Spicy BR",30615,,,https://images2.productserve.com/?w=200&h=200&bg=white&trim=5&t=letterbox&url=ssl%3Aspicy.vteximg.com.br%2Farquivos%2Fids%2F226534_2&feedId=72009&k=f27c7674cf2721e20783af5a3775b61baca7f14c,BRL,,,https://www.spicy.com.br/refil-de-gas-fogareiro-400ml-baston/p?idsku=36936,,,BRL24.90,72009,,,,4082420005,2024286,7899674003119
https://www.awin1.com/pclick.php?p=35852303690&a=3093907&m=30615,"Cilindro Extra de CO2 60 Litros Máquinas Terra/Duo/Art/Gaia Sodastream Rosa",35852303690,36952,https://spicy.vteximg.com.br/arquivos/ids/231629_2,"IMPORTANTE: Este Cilindro Click Connect (rótulo rosa) é compatível somente com as máquinas: TERRA, DUO, ART e GAIA. Tudo o que você precisa para manter sua máquina borbulhando! A mesma eficiência de sempre, agora com muito mais praticidade. Os Cilindros SodaStream mudaram, mas mudaram para melhor. Com o sistema de conexão rápida (CQC) basta o simples levantar e abaixar de uma alavanca e você já terá cilindro instalado em sua máquina. Desenvolvido pela israelense Sodastream, o Cilindro Extra é perfeito para quem ama água com gás, além disso, você pode realizar a troca do Cilindro refil enquanto utiliza o seu Cilindro Extra. Com rendimento de até 3 meses dependendo da frequência de consumo, os cilindros são testados diversas vezes para garantir a segurança do consumidor, portanto não recomendamos utilizar cilindros de gás (CO2) de origem desconhecida. Trocas de cilindros de origem desconhecida, danificados, provenientes da Austrália e Nova Zelândia não serão aceitos pelos nossos entregadores. Se você possui uma máquina da SodaStream oriunda da Austrália ou Nova Zelândia, não siga em frente com essa compra. Respeitando a legislação local, as máquinas e cilindros desses dois países possuem uma modificação que as torna incompatíveis com as máquinas e cilindros comercializados no Brasil e no restante do mundo. Especificações do produto: • Sustentável e retornável • Rápido e fácil • Triplo controle de qualidade a cada recarga • Gás certificado de grau alimentar • IMPORTANTE: Este Cilindro Rosa Rosqueável é compatível apenas com as máquinas: TERRA, DUO e ART Ficha técnica: • Código: 4088930200 • Marca: Sodastream • Conteúdo da Embalagem: 1 Cilindro Extra Rosa • Capacidade: 60 Litros • Peso do produto: 1,1kg • Dimensões do produto: 36,5cm x 6cm x 6cm (AxLxP) • Peso com embalagem: 1,2kg • Dimensões com embalagem: 37cm x 7cm x 7cm (AxLxP) • Garantia: 3 Anos",,399.00,"Spicy BR",30615,,,https://images2.productserve.com/?w=200&h=200&bg=white&trim=5&t=letterbox&url=ssl%3Aspicy.vteximg.com.br%2Farquivos%2Fids%2F231629_2&feedId=72009&k=9c5f9216c78c0526b284c1a1ca85c9c699ac9bf2,BRL,,,https://www.spicy.com.br/cilindro-extra-de-co2-60-litros-sodastream-rosa/p?idsku=36952,,,BRL399.00,72009,,,,4088930200,2024302,8719128118499
https://www.awin1.com/pclick.php?p=35907585540&a=3093907&m=30615,"Máquina para Gaseificar Água Terra Sodastream Branca",35907585540,36953,https://spicy.vteximg.com.br/arquivos/ids/244399_2,"Apresentando a Terra, a máquina de água com gás mais vendida da SodaStream. Transforme água comum em água com gás fresca em segundos. Projetada para cozinhas modernas, possui a nova tecnologia Quick Connect para inserção rápida e fácil do cilindro de CO2. Do jeito que você quiser, quando quiser, na liberdade da sua casa: tenha sempre suas bebidas favoritas feitas na hora! Sempre disponível, sem o incômodo de carregar fardos de garrafas. 84% dos consumidores bebem mais água e adotam um estilo de vida mais saudável após comprarem a máquina. Especificações do produto: • A Terra é compatível com o cilindro de sistema Quick Connect de 60 litros de Rótulo Rosa. • Não compatível com cilindro rosqueável de 60 Litros de Rótulo Azul • Sem BPA • Garrafa plástica lavável em lava louçaso • Não necessita energia elétrica • Acionamento Manual • Encaixe de garrafa: sistema Snap n’lock Ficha técnica: • Código: 4088930203 • Marca: Sodastream • Modelo: Terra • Conteúdo da embalagem: 1 Máquina para gaseificar água 1 Cilindro de gás 1 Garrafa com capacidade de 1 litro • Material: Plástico • Capacidade: 1 litro garrafa • Cor: Branca • Peso com embalagem: 3,35kg • Peso do produto: 2,93kg • Dimensões do produto: 44,7cm x 18,4cm x 29,7cm (AxLxP) • Garantia: 2 anos. Use apenas cilindros e acessórios originais SodaStream",,939.00,"Spicy BR",30615,,,https://images2.productserve.com/?w=200&h=200&bg=white&trim=5&t=letterbox&url=ssl%3Aspicy.vteximg.com.br%2Farquivos%2Fids%2F244399_2&feedId=72009&k=824389c89f262ec3e5811688534cadbc3ed833bf,BRL,,,https://www.spicy.com.br/maquina-para-gaseificar-agua-terra-sodastream-branca/p?idsku=36953,,,BRL939.00,72009,,,,4088930203,2024303,7899100686947
https://www.awin1.com/pclick.php?p=35907585541&a=3093907&m=30615,"Máquina para Gaseificar Água Terra Sodastream Preta",35907585541,36954,https://spicy.vteximg.com.br/arquivos/ids/234230_2,"Apresentando a Terra, a máquina de água com gás mais vendida da SodaStream. Transforme água comum em água com gás fresca em segundos. Projetada para cozinhas modernas, possui a nova tecnologia Quick Connect para inserção rápida e fácil do cilindro de CO2. Do jeito que você quiser, quando quiser, na liberdade da sua casa: tenha sempre suas bebidas favoritas feitas na hora! Sempre disponível, sem o incômodo de carregar fardos de garrafas. 84% dos consumidores bebem mais água e adotam um estilo de vida mais saudável após comprarem a máquina. Especificações do produto: • A Terra é compatível com o cilindro de sistema Quick Connect de 60 litros de Rótulo Rosa. • Não compatível com cilindro rosqueável de 60 Litros de Rótulo Azul • Sem BPA • Garrafa plástica lavável em lava louçaso • Não necessita energia elétrica • Acionamento Manual • Encaixe de garrafa: sistema Snap n’lock Ficha técnica: • Código: 4088930205 • Marca: Sodastream • Modelo: Terra • Conteúdo da embalagem: 1 Máquina para gaseificar água 1 Cilindro de gás 1 Garrafa com capacidade de 1 litro • Material: Plástico • Capacidade: 1 litro garrafa • Cor: Preta • Peso com embalagem: 3,35kg • Peso do produto: 2,93kg • Dimensões do produto: 44,7cm x 18,4cm x 29,7cm (AxLxP) • Garantia: 2 anos. Use apenas cilindros e acessórios originais SodaStream",,939.00,"Spicy BR",30615,,,https://images2.productserve.com/?w=200&h=200&bg=white&trim=5&t=letterbox&url=ssl%3Aspicy.vteximg.com.br%2Farquivos%2Fids%2F234230_2&feedId=72009&k=ba7e0f8f32c25220e2c3b92eef35b672b0fb2368,BRL,,,https://www.spicy.com.br/maquina-para-gaseificar-agua-terra-sodastream-preta/p?idsku=36954,,,BRL939.00,72009,,,,4088930205,2024304,7899100686954
https://www.awin1.com/pclick.php?p=35852303691&a=3093907&m=30615,"Máquina para Gaseificar Água ART Sodastream Preta",35852303691,36957,https://spicy.vteximg.com.br/arquivos/ids/244361_2,"A nova Máquina de Água com Gás SodaStream Art celebra a arte de fazer suas próprias bebidas com gás em casa. Com um pequeno empurrão na alavanca, transforme água comum em uma refrescante água com gás e a personalize ao seu gosto. A Art apresenta um design de aparência retrô, por possuir a exclusiva alavanca de gaseificação. Do jeito que você quiser, quando quiser, na liberdade da sua casa: tenha sempre suas bebidas favoritas feitas na hora! Sempre disponível, sem o incômodo de carregar fardos de garrafas. 84% dos consumidores bebem mais água e adotam um estilo de vida mais saudável após comprarem a máquina. Especificações do Produto: • Alavanca segura e ergonômica para acionamento do gás • A ART é compatível com o cilindro de sistema Quick Connect de 60 litros de Rótulo Rosa • 84% dos consumidores bebem mais água e adotam um estilo de vida mais saudável após comprarem a máquina • Não compatível com o Cilindro Rosqueável de 60 Litros de Rótulo Azul • Conveniência sem fio, leve para onde quiser • Customize suas bebidas, com mais ou menos gás • Contribui com o meio ambiente, evitando o descarte desnecessário de garrafas plásticas • A garrafa que acompanha vai à lava louças Ficha Técnica: • Código: 4088930211 • Marca: Sodastream • Modelo: Art • Conteúdo da Embalagem: 1 Máquina para Gaseificar Água 1 Cilindro de Gás 1 Garrafa com Capacidade de 1 Litro • Material: Plástico • Capacidade: 1 Litro Garrafa • Cor: Preta • Peso do Produto: 2,93kg • Peso com Embalagem: 3,35kg • Dimensões: 44,7cm x 18,4cm x 29,7cm (AxLxP) • Garantia: 2 Anos (Contra defeito de fabricação)",,1259.00,"Spicy BR",30615,,,https://images2.productserve.com/?w=200&h=200&bg=white&trim=5&t=letterbox&url=ssl%3Aspicy.vteximg.com.br%2Farquivos%2Fids%2F244361_2&feedId=72009&k=d95120a030db7c4a2509cd094439bf26e4607291,BRL,,,https://www.spicy.com.br/maquina-para-gaseificar-agua-art-sodastream-preta/p?idsku=36957,,,BRL1259.00,72009,,,,4088930211,2024307,7290113764439
https://www.awin1.com/pclick.php?p=35040088933&a=3093907&m=30615,"Organizador de Talheres Gaveta 3 Compartimentos 41x14cm OXO",35040088933,36962,https://spicy.vteximg.com.br/arquivos/ids/226992_2,"O novo organizador de gavetas da OXO é perfeito para cozinhas com gavetas apertadas e rasas. Nosso Organizador é dividido em seções que garantem que seus utensílios permaneçam empilhados para economizar espaço. Os pés antiderrapantes mantêm o Organizador no lugar quando você abre e fecha a gaveta. O design que maximiza o espaço apresenta cantos quadrados para eliminar lacunas e oferecer uma aparência limpa e personalizada em suas gavetas. A bandeja é removível para uma limpeza completa. Ficha técnica: • Código: 4080570753 • Marca: OXO • Conteúdo da Embalagem: 1 Organizador • Especificações do produto: Seções divididas que mantêm seus utensílios bem empilhados e organizados Pés antiderrapantes que mantêm o organizador no lugar no abrir e fechar da gaveta Cantos quadrados eliminam lacunas nas gavetas para uma aparência limpa Bandeja removível para limpeza fácil e completa • Material: Plástico • Peso: 0,48kg • Dimensões com embalagem: 6,35 x 41,78 x 17,02CM (AxLxP) • Dimensões do produto: 5,9 cm x 17,1 x 41,5cm (AxLxC) • Garantia: 90 Dias - Contra defeito de fabricação",,129.00,"Spicy BR",30615,,,https://images2.productserve.com/?w=200&h=200&bg=white&trim=5&t=letterbox&url=ssl%3Aspicy.vteximg.com.br%2Farquivos%2Fids%2F226992_2&feedId=72009&k=cf0f9d8af6cf228843a8081e25df312e641a530d,BRL,,,https://www.spicy.com.br/organizador-de-talheres-para-gaveta-expansivel-com-3-compartimentos-6x41x14cm-oxo/p?idsku=36962,,,BRL129.00,72009,,,,4080570753,2024312,840097701127
https://www.awin1.com/pclick.php?p=41951057730&a=3093907&m=30615,"Organizador de Utensílios para Gaveta Expansível com 5 Compartimentos 6x45x41cm OXO",41951057730,36963,https://spicy.vteximg.com.br/arquivos/ids/227001_2,"O novo organizador de gavetas da OXO te ajuda a arrumar gavetas de qualquer tamanho. Os suportes de utensílios economizam espaço, mantendo os utensílios bem empilhados, e a área grande e extensível é ideal para ferramentas de cozinha de forma irregular, como abridores de latas. O Organizador inclui até mesmo uma divisória menor para gadgets pequenos e difíceis de armazenar, como rolhas de vinho e suportes de milho. Os pés antiderrapantes mantêm o organizador no lugar quando você abre e fecha a gaveta. O design que maximiza o espaço apresenta cantos quadrados para eliminar lacunas e oferecer uma aparência limpa e personalizada em suas gavetas. As bandejas são removíveis para uma limpeza completa. Ficha técnica: • Código: 4080570754 • Marca: OXO • Conteúdo da Embalagem: 1 Organizador • Especificações do produto: Design expansível para um ajuste perfeito nas gavetas da cozinha Os suportes de utensílios mantêm os utensílios bem empilhados e podem ser facilmente retirados Área grande e aberta perfeita para ferramentas de cozinha de forma irregular Divisória menor que é ideal para suportes de milho e rolhas de vinho Bandejas removíveis para uma limpeza fácil e completa Cantos quadrados eliminam lacunas nas gavetas para uma aparência limpa • Material: Plástico • Peso: 0,95kg • Dimensões com embalagem: 6,48 x 42,04 x 25,27cm (AxLxP) • Dimensões do produto: 6,3 cm x 25,6 x 41,5cm (AxLxC) • Dimensões do produto expandido: 6,3 cm x 45,9 x 41,5cm (AxLxP) • Garantia: 90 Dias - Contra defeito de fabricação",,149.00,"Spicy BR",30615,,,https://images2.productserve.com/?w=200&h=200&bg=white&trim=5&t=letterbox&url=ssl%3Aspicy.vteximg.com.br%2Farquivos%2Fids%2F227001_2&feedId=72009&k=4163bb7bbe09e6857c70dff7a83bca0785aa5388,BRL,,,https://www.spicy.com.br/organizador-de-utensilios-para-gaveta-expansivel-com-5-compartimentos-6x45x41cm-oxo/p?idsku=36963,,,BRL149.00,72009,,,,4080570754,2024313,840097701097
https://www.awin1.com/pclick.php?p=35040088937&a=3093907&m=30615,"Organizador 5 Facas para Gaveta Expansível 6x41x14cm OXO",35040088937,36964,https://spicy.vteximg.com.br/arquivos/ids/227007_2,"O novo organizador de facas da OXO é a maneira segura e arrumada de criar uma gaveta de facas com um visual personalizado. Nosso Organizador segura cinco facas pequenas e quatro grandes em uma bandeja limpa e compacta para mantê lo seguro ao entrar em gavetas e proteger suas lâminas para ajudá-las a durar mais tempo. Os pés antiderrapantes mantêm o Organizador no lugar quando você abre e fecha a gaveta. O design que maximiza o espaço apresenta cantos quadrados para eliminar lacunas e oferecer uma aparência limpa em suas gavetas. A bandeja é removível para uma limpeza completa. Ficha técnica: • Código: 4080570755 • Marca: OXO • Conteúdo da Embalagem: 1 Organizador • Especificações do produto: Guarde as facas com segurança e limpeza nas gavetas para economizar espaço na bancada Ranhuras designadas para até 5 facas pequenas e 4 facas grandes Bandeja removível para limpeza fácil e completa Cantos quadrados que eliminam lacunas nas gavetas para uma aparência limpa Pés antiderrapantes mantêm o organizador no lugar • Material: Plástico • Peso: 0,52kg • Dimensões com embalagem: 6,35 x 41,78 x 14,22cm (AxLxP) • Dimensões do produto: 5,9 cm x 14,1 x 41,2cm (AxLxC) • Garantia: 90 Dias - Contra defeito de fabricação",,129.00,"Spicy BR",30615,,,https://images2.productserve.com/?w=200&h=200&bg=white&trim=5&t=letterbox&url=ssl%3Aspicy.vteximg.com.br%2Farquivos%2Fids%2F227007_2&feedId=72009&k=f6ad5a56e21e568544035cf3b92d0d5253e4d7d0,BRL,,,https://www.spicy.com.br/organizador-5-facas-para-gaveta-expansivel-6x41x14cm-oxo/p?idsku=36964,,,BRL129.00,72009,,,,4080570755,2024314,840097701134
https://www.awin1.com/pclick.php?p=35040088941&a=3093907&m=30615,"Escumadeira com Cabo em Aço Inox Antiderrapante 37,6cm OXO",35040088941,36966,https://spicy.vteximg.com.br/arquivos/ids/227021_2,"Se você está fervendo, branqueando ou fritando, o OXO Good Grips Scoop Strain Skimmer é a ferramenta perfeita para remover massas, legumes ou alimentos fritos, deixando todo o líquido para trás. Com um design que garante que até mesmo os alimentos mais delicados não sejam danificados, a cesta profunda e aberta da escumadeira é construída para maior eficiência. Uma alça mais longa e angular atualizada e uma aderência macia e antiderrapante aumentam a segurança da escumadeira mantendo as mãos longe do óleo quente ou da água Lavável na lava louças. Ficha técnica: • Código: 4080570757 • Marca: OXO • Conteúdo da Embalagem: 1 Escumadeira • Especificações do produto: Escorrer e pegar facilmente alimentos escaldados, cozidos ou fritos O design liso evita danos aos alimentos Cesta profunda e aberta construída para maior eficiência Alça longa e angular Alça macia e antiderrapante Livre de BPA Lavável na máquina de lavar louça • Material: Aço Inox • Peso: 0,18kg • Dimensões com embalagem: 37,7 x 13,72 x 10,92CM (AxLxP) • Dimensões do produto: 37,6 cm x 13,9 x 10,92cm (AxLxC) • Garantia: 90 Dias - Contra defeito de fabricação",,199.00,"Spicy BR",30615,,,https://images2.productserve.com/?w=200&h=200&bg=white&trim=5&t=letterbox&url=ssl%3Aspicy.vteximg.com.br%2Farquivos%2Fids%2F227021_2&feedId=72009&k=8445c522db0f8728d212d3b6956abd6f3119f774,BRL,,,https://www.spicy.com.br/escumadeira-com-cabo-em-aco-inox-antiderrapante-376cm-oxo/p?idsku=36966,,,BRL199.00,72009,,,,4080570757,2024316,840097702728
https://www.awin1.com/pclick.php?p=39893638147&a=3093907&m=30615,"Escorredor de Louça em Alumínio Expansível OXO",39893638147,36967,https://spicy.vteximg.com.br/arquivos/ids/227337_2,"Esse escorredor foi projetado para cozinhas que precisam aproveitar os seus espaços. É construído em alumínio durável que nunca enferruja. Expanda os braços do escorredor para caber em diferentes tamanhos de pia e escorra seus pratos diretamente na pia para economizar espaço e manter-se organizado. Os braços também podem ser retraídos para usar o escorredor dentro da pia ou em um tapete de secagem na bancada. Os suportes de pratos mantêm os pratos e tigelas na posição vertical, e o porta utensílios dividido é removível para facilitar a limpeza. Ficha técnica: • Código: 4080570758 • Marca: OXO • Conteúdo da embalagem: 1 Escorredor • Material: Alumínio • Peso: 1,62kg • Dimensões do produto: 29,46cm x 37,85cm x 15m (AxLxP) • Garantia: 3 meses",,699.00,"Spicy BR",30615,,,https://images2.productserve.com/?w=200&h=200&bg=white&trim=5&t=letterbox&url=ssl%3Aspicy.vteximg.com.br%2Farquivos%2Fids%2F227337_2&feedId=72009&k=33e0a68528156a1cc73748be83b5187e91110f07,BRL,,,https://www.spicy.com.br/escorredor-de-louca-em-aluminio-expansivel-oxo/p?idsku=36967,,,BRL699.00,72009,,,,4080570758,2024317,840097700335
https://www.awin1.com/pclick.php?p=35040088945&a=3093907&m=30615,"Espátula para Bolo em Aço Inox 26x7cm OXO",35040088945,36968,https://spicy.vteximg.com.br/arquivos/ids/227028_2,"Depois de se esforçar para fazer uma torta linda, a única parte difícil que resta é levá-la do prato aos pratos de sobremesa e é aí que entra o OXO Steel Pie Server. Tem bordas serrilhadas em ambos os lados para corte no local (por cozinheiros canhotos e destros) e uma cabeça de aço inoxidável forte, mas flexível, que pode facilmente deslizar sob alimentos frágeis e levantá-los. É suave o suficiente para cavar sob uma crosta de quiche amanteigada e forte o suficiente para transportar com segurança uma fatia de torta superdensa, cheia de frutas e crosta dupla. Além disso, a alça é tão confortável quanto elegante. Ficha técnica: • Código: 4080570759 • Marca: OXO • Conteúdo da Embalagem: 1 Espátula • Especificações do produto: Bordas serrilhadas em ambos os lados para que canhotos ou destros cortem facilmente A cabeça flexível e resistente que pode facilmente deslizar sob a comida e levantá-la Ótimo para bolo, torta, quiche, pizza e muito mais O elegante cabo de aço inoxidável se adapta confortavelmente na sua mão Lavável na máquina de lavar louça • Material: Aço Inox • Peso: 0,17kg • Dimensões com embalagem: 33,27 x 6,86 x 5,08CM (AxLxP) • Dimensões do produto: 26,4 cm x 6,99 x 5,08cm (AxLxC) • Garantia: 90 Dias - Contra defeito de fabricação",,209.00,"Spicy BR",30615,,,https://images2.productserve.com/?w=200&h=200&bg=white&trim=5&t=letterbox&url=ssl%3Aspicy.vteximg.com.br%2Farquivos%2Fids%2F227028_2&feedId=72009&k=912f3b93b8b78ddd8a3a34bc4a5c41bdf856c618,BRL,,,https://www.spicy.com.br/espatula-para-bolo-em-aco-inox-26x7cm-oxo/p?idsku=36968,,,BRL209.00,72009,,,,4080570759,2024318,719812052113
https://www.awin1.com/pclick.php?p=35040088947&a=3093907&m=30615,"Espátula para Lasanha em Aço Inox 27x6cm OXO",35040088947,36969,https://spicy.vteximg.com.br/arquivos/ids/227032_2,"O OXO Steel Lasagna Turner é ótimo para mais do que apenas fatiar e servir massas assadas, pode preparar quiche e brownies, virar hambúrgueres e vegetais, e muito mais. A cabeça angulada de aço inoxidável é flexível o suficiente para deslizar sob macarrão frágil, mas resistente o suficiente para aguentar uma porção amontoada de uma lasanha densa e cheia. O design cônico adiciona mais estabilidade para que tudo possa fazer o seu caminho com segurança da travessa ao prato E a alça foi moldada com o conforto em mente. Ficha técnica: • Código: 4080570760 • Marca: OXO • Conteúdo da Embalagem: 1 Espátula • Especificações do produto: Corta e serve lasanha, tortas, quiche e muito mais A cabeça flexível e robusta e angulada penetra sob a comida e a levanta com segurança Design cônico adiciona suporte extra O cabo se encaixa confortavelmente em mãos de todos os tamanhos Feito de aço inoxidável durável e atemporal Lavável na máquina de lavar louças • Material: Aço Inox • Peso: 0,19kg • Dimensões com embalagem: 32,77 x 6,48 x 5,46cm (AxLxP) • Dimensões do produto: 27,31 cm x 6,35 x 5,46cm (AxLxC) • Garantia: 90 Dias - Contra defeito de fabricação",,199.00,"Spicy BR",30615,,,https://images2.productserve.com/?w=200&h=200&bg=white&trim=5&t=letterbox&url=ssl%3Aspicy.vteximg.com.br%2Farquivos%2Fids%2F227032_2&feedId=72009&k=ae90068d8868d58d6efa191015680403e7c5efd4,BRL,,,https://www.spicy.com.br/espatula-para-lasanha-em-aco-inox-27x6cm-oxo/p?idsku=36969,,,BRL199.00,72009,,,,4080570760,2024319,719812052120
https://www.awin1.com/pclick.php?p=35576616683&a=3093907&m=30615,"4 Copos Baixos Noblesse em Vidro Cristal 245ml Nachtmann",35576616683,37016,https://spicy.vteximg.com.br/arquivos/ids/228115_2,"Estes versáteis copos NACHTMANN Noblesse são universalmente úteis, são copos perfeitos para mostrar bebidas alcoólicas e refrigerantes, pois são feitos com o melhor vidro de cristal que dá brilho e elegância a peça, os tornando essenciais para quem procura adicionar aquele glamour especial à sua mesa. Ficha técnica: • Código: 4080200070 • Marca: Nachtmann • Modelo: Noblesse • Conteúdo da Embalagem: 4 Copos •Especificações do produto: Pode ir a lava louças • Material: Vidro Cristal • Capacidade: 245ml (cada) • Peso: 1,34kg • Dimensões: 9,3cm x 16,5cm x 16,5cm (AxLxP) • Garantia: 3 Meses - Contra defeito de fabricação",,379.00,"Spicy BR",30615,,,https://images2.productserve.com/?w=200&h=200&bg=white&trim=5&t=letterbox&url=ssl%3Aspicy.vteximg.com.br%2Farquivos%2Fids%2F228115_2&feedId=72009&k=f6443f9b0613e45d9d2b59aa60f1dc964c9ee200,BRL,,,https://www.spicy.com.br/4-copos-baixos-noblesse-em-vidro-cristal-245ml-nachtmann/p?idsku=37016,,,BRL379.00,72009,,,,4080200070,2024366,4003762266802
https://www.awin1.com/pclick.php?p=35576616685&a=3093907&m=30615,"4 Copos Altos Noblesse em Vidro Cristal 250ml Nachtmann",35576616685,37018,https://spicy.vteximg.com.br/arquivos/ids/228117_2,"Estes versáteis copos NACHTMANN Noblesse são universalmente úteis, são copos perfeitos para mostrar bebidas alcoólicas e refrigerantes, pois são feitos com o melhor vidro de cristal que dá brilho e elegância a peça, os tornando essenciais para quem procura adicionar aquele glamour especial à sua mesa. Ficha técnica: • Código: 4080200072 • Marca: Nachtmann • Modelo: Noblesse • Conteúdo da Embalagem: 4 Copos •Especificações do produto: Pode ir a lava louças • Material: Vidro Cristal • Capacidade: 250ml (cada) • Peso: 1,75kg • Dimensões: 15,6cm x 15,8cm x 15,8cm (AxLxP) • Garantia: 3 Meses - Contra defeito de fabricação",,229.00,"Spicy BR",30615,,,https://images2.productserve.com/?w=200&h=200&bg=white&trim=5&t=letterbox&url=ssl%3Aspicy.vteximg.com.br%2Farquivos%2Fids%2F228117_2&feedId=72009&k=8edcc9614d4cc2a66dc3537688005e09aef0e3f2,BRL,,,https://www.spicy.com.br/4-copos-altos-noblesse-em-vidro-cristal-250ml-nachtmann/p?idsku=37018,,,BRL229.00,72009,,,,4080200072,2024368,4003762283236
https://www.awin1.com/pclick.php?p=45885997732&a=3093907&m=30615,"Grill e Churrasqueira Elétrica Portátil Smokeless 127V Carl Schmidt Sohn",45885997732,37019,https://spicy.vteximg.com.br/arquivos/ids/226045_2,"Sua comida com muito mais sabor, rapidez e o gostinho da comida caseira! Com a Churrasqueira Elétrica Grill com tecnologia Smokeless da Carl Schmidt Sohn, é possível preparar refeições em locais fechados sem se preocupar com a fumaça! Prática e portátil, conta com tampa de vidro temperado, placa antiaderente 2 em 1 removível, tecnologia de extração turbo de fumaça, 6 tipos de controle de temperatura, base antiaderente e laváveis em lava louças. Ficha técnica: • Código: 4083060001 • Marca: Carl Schmidt Sohn • Modelo: Smokeless • Conteúdo da Embalagem: 1 Grill e Churrasqueira • Especificações do produto: Muito mais sabor, sem fumaça Possui ventilador embutido Fácil de limpar Aquece rapidamente Placa de alumínio do grill antiaderente • Material: Material: Aço Inox/Vidro • Voltagem: 127V • Potência: 1500W • Frequência: 60Hz • Peso: 6,50kg • Dimensões: 40,5cm x 54,5cm x 21,5cm (AxLxP) • Garantia: 3 Meses - Contra defeito de fabricação • Certificação Inmetro OCP 0098",,1399.00,"Spicy BR",30615,,,https://images2.productserve.com/?w=200&h=200&bg=white&trim=5&t=letterbox&url=ssl%3Aspicy.vteximg.com.br%2Farquivos%2Fids%2F226045_2&feedId=72009&k=2d62fb0a76d64a51da90e174788a2cb2a445f213,BRL,,,https://www.spicy.com.br/grill-e-churrasqueira-eletrica-portatil-smokeless-127v-carl-schmidt-sohn/p?idsku=37019,,,BRL1399.00,72009,,,,4083060001,2024369,4029096091460
https://www.awin1.com/pclick.php?p=42120887432&a=3093907&m=30615,"Forno, Air Fryer E Grill 12 Litros 220V Hamilton Beach Preto",42120887432,37030,https://spicy.vteximg.com.br/arquivos/ids/226401_2,"Você pode assar por convecção, grelhar, tostar, dourar e, claro, fritar usando até 99,5% menos óleo. Cozinhe com apenas um toque: batatas fritas, carnes, frango, peixes, camarão, aves, vegetais e desidratados. O painel de controle é simples e permite definir o tempo de cozimento em até 60 minutos. Ficha técnica: • Código: 4088690075 • Marca: Hamilton Beach • Conteúdo da Embalagem: 1 Forno • Especificações do produto: Versatilidade em menos espaço Timer de 60 minutos • Material: Polipropileno/Aço Inox • Voltagem: 220V • Potência: 1700W • Temperatura: até 200°C • Capacidade: 12 litros • Cor: Prata • Peso: 5kg • Dimensões: 36,5cm x 38,8cm x 31,5cm (AxLxP) • Garantia: 3 Anos • Certificação Inmetro OCP 0159",,1199.00,"Spicy BR",30615,,,https://images2.productserve.com/?w=200&h=200&bg=white&trim=5&t=letterbox&url=ssl%3Aspicy.vteximg.com.br%2Farquivos%2Fids%2F226401_2&feedId=72009&k=c2e085fd80fd2b506090c596ac22517a73eb4ebf,BRL,,,https://www.spicy.com.br/forno-air-fryer-e-grill-12-litros-220v-hamilton-beach-preto-/p?idsku=37030,,,BRL1199.00,72009,,,,4088690075,2024380,618231568444
https://www.awin1.com/pclick.php?p=35576616687&a=3093907&m=30615,"Cafeteira Portátil em Pó Minipresso 50ml Wacaco Preta",35576616687,37087,https://spicy.vteximg.com.br/arquivos/ids/227842_2,"Com pó de café, você pode desfrutar do seu cafézinho a qualquer momento e em até 4 horas, já que o copo térmico da linha Wacaco mantém a temperatura quente por todo esse tempo (vendido separadamente), mas acompanha copinho do mesmo material externo da máquina, além de ser fácil de operar e limpar. Especificações do produto:  • Produto compacto e leve, pode ser levado facilmente em uma bolsa ou mochila • Não é necessário nenhuma bateria ou energia elétrica, ela funciona apenas com a pressão das mãos sem esforço • Acompanha copinho do mesmo material externo da máquina • Pode ir a lava louças Ficha Técnica: • Código: 4083100001 • Marca: Wacaco • Modelo: Minipresso • Conteúdo da Embalagem: 1 Cafeteira Portátil Wacaco em Pó • Material: Cafeteira em Plástico • Capacidade de Cada Preparo: 50ml • Cor: Preto • Peso: 470g • Dimensões: 20,5cm x 7,5cm x 7,5cm (AxLxP) • Garantia: 1 Ano (Contra defeito de fabricação)",,399.00,"Spicy BR",30615,,,https://images2.productserve.com/?w=200&h=200&bg=white&trim=5&t=letterbox&url=ssl%3Aspicy.vteximg.com.br%2Farquivos%2Fids%2F227842_2&feedId=72009&k=77d27046fbba9c613c0fbaa98ca984c65eba2222,BRL,,,https://www.spicy.com.br/cafeteira-portatil-em-po-minipresso-50ml-wacaco-preta/p?idsku=37087,,,BRL399.00,72009,,,,4083100001,2024434,4897066230016
https://www.awin1.com/pclick.php?p=35880363988&a=3093907&m=30615,"Galheteiro para Vinagre/Óleo/Azeite de Vidro 250ml Kenya",35880363988,37109,https://spicy.vteximg.com.br/arquivos/ids/241861_2,"A marca brasileira Kenya oferece produtos com excelente custo-benefício para os principais ambientes da casa, tendo seu portfólio dividido em Table, Wine, BareKitchen. Simplicidade e elegância compõem o DNA da marca, que traz em cada coleção, novidades alinhadas com as últimas tendências do mercado internacional. Ficha técnica: • Código: 4081460284 • Marca: Kenya • Conteúdo da Embalagem: 1 Galheteiro • Especificações do produto: Não vai a lava louças, lavar a mão • Material: Vidro • Capacidade: 250ml • Peso: 0,29kg • Dimensões: 26cm x 4,8cm x 4,8cm (AxLxP) • Garantia: 3 Meses - Contra defeito de fabricação",,49.90,"Spicy BR",30615,,,https://images2.productserve.com/?w=200&h=200&bg=white&trim=5&t=letterbox&url=ssl%3Aspicy.vteximg.com.br%2Farquivos%2Fids%2F241861_2&feedId=72009&k=01d9798f1586814181c95dcaa162dd2bd15e17c8,BRL,,,https://www.spicy.com.br/galheteiro-para-vinagre-oleo-azeite-de-vidro-250ml-kenya/p?idsku=37109,,,BRL49.90,72009,,,,4081460284,2024456,7899100680464
https://www.awin1.com/pclick.php?p=35880363989&a=3093907&m=30615,"Infusor de Ervas 550ml Kenya",35880363989,37110,https://spicy.vteximg.com.br/arquivos/ids/227493_2,"A marca brasileira Kenya oferece produtos com excelente custo-benefício para os principais ambientes da casa, tendo seu portfólio dividido em Table, Wine, BareKitchen. Simplicidade e elegância compõem o DNA da marca, que traz em cada coleção, novidades alinhadas com as últimas tendências do mercado internacional. Ficha técnica: • Código: 4081460285 • Marca: Kenya • Conteúdo da Embalagem: 1 Infusor (Galheteiro) • Especificações do produto: Não vai a lava louças, lavar a mão • Material: Vidro • Capacidade: 550ml • Peso: 0,42kg • Dimensões: 31,5cm x 7,9cm x 7,9cm (AxLxP) • Garantia: 3 Meses - Contra defeito de fabricação",,99.90,"Spicy BR",30615,,,https://images2.productserve.com/?w=200&h=200&bg=white&trim=5&t=letterbox&url=ssl%3Aspicy.vteximg.com.br%2Farquivos%2Fids%2F227493_2&feedId=72009&k=706fa00d3d37658b130eda333bf40b7679543e4d,BRL,,,https://www.spicy.com.br/infusor-de-ervas-550ml-kenya/p?idsku=37110,,,BRL99.90,72009,,,,4081460285,2024457,7899100680471
https://www.awin1.com/pclick.php?p=35775506112&a=3093907&m=30615,"Bloco de Facas 14 Peças Aço Inox Kenya",35775506112,37117,https://spicy.vteximg.com.br/arquivos/ids/231332_2,"O Bloco de Facas da Kenya é perfeito para completar os utensílios da sua cozinha. Ele conta com design moderno, lâminas em aço inox e um suporte em bambu que promove praticidade e elegância para armazenar suas facas. Conjunto completo, atendendo diferentes necessidades. Cabo ergonômico, material de alta qualidade promovendo a melhor performance nos cortes e durabilidade. Especificações do Produto: • Lavar a mão • Não utilizar produtos abrasivos na lavagem • Bloco de facas robusto, poderá ser utilizado para complementar a decoração da cozinha Conteúdo da Embalagem: • 1 Faca do Chef com 20cm • 1 Faca de pão com 20cm • 1 Faca Santoku com 17cm • 1 Faca utilitária com 12cm • 1 Faca para descascar com 8cm • 6 Facas serrilhadas com 10cm • 1 Chaira (afiador) com 20cm • 1 Tesoura • 1 Bloco Ficha Técnica: • Código: 4081660111 • Marca: Kenya • Material: Bloco em bambu e 13 peças em aço inox e cabo de plástico • Peso: 2,36kg • Dimensões: 36,5cm x 12,5cm x 22,5cm (AxLxP) • Garantia: 3 Meses - Contra defeito de fabricação",,499.00,"Spicy BR",30615,,,https://images2.productserve.com/?w=200&h=200&bg=white&trim=5&t=letterbox&url=ssl%3Aspicy.vteximg.com.br%2Farquivos%2Fids%2F231332_2&feedId=72009&k=9b7e58cfd2f4beb3f88b391589fb57678eac141b,BRL,,,https://www.spicy.com.br/bloco-de-facas-14-pecas-aco-inox-kenya/p?idsku=37117,,,BRL499.00,72009,,,,4081660111,2024460,7899100680501
https://www.awin1.com/pclick.php?p=35629881052&a=3093907&m=30615,"Recipiente Moedor Finapod ProPlus para Temperos e Especiarias Pequenas FinaMill",35629881052,37126,https://spicy.vteximg.com.br/arquivos/ids/227970_2,"Um moinho, muitos FinaPods! Apenas um Finamill funciona com todos os seus FinaPods. Refil sem bagunça: Abertura com ampla capacidade. Chega de temperos derramados! Design durável: Os elementos de moagem de cerâmica patenteados duram anos. Ajustável sem esforço: Gire o botão de ajuste para controlar o tamanho da moagem para cada tempero. Organize, armazene e empilhe temperos em seus próprios FinaPods dedicados para facilitar a organização. O FinaPod Pro Plus é bom para moer: Nibs de cacau, sementes de cardamomo, sementes de aipo, semente de coentro, semente de cominho, semente de endro, sementes de erva-doce, gengibre seco e picado, sal grosso, sal marinho rosa havaiano, sementes de cânhamo , Sal rosa do Himalaia, Tempero Montreal, Sementes de mostarda, Pimenta preta, verde, rosa, branca, Sal marinho, Sementes de gergelim, Sementes de girassol, Pimenta Tellicherry, Alho torrado, Cebola tostada. Sucesso entre os especialistas e vencedor de 3 prêmios!! FinaMill obteve sucesso entre os especialistas: -""Super fácil de usar e confiável."" (Forbes) -""Design engenhoso."" (Boston Globe) -""Revolucione a maneira como você prepara a comida."" (Mashable) Seu design elegante e minimalista ganhou 2 prêmios Red Dot em 2022 e o Platinum Award da A'Design for Cookware & Bakeware em 2020. Ficha técnica: • Código: 4083120005 • Marca: FinaMill • Modelo: Finapod Pro Plus • Conteúdo da Embalagem: 1 Finapods Pro Plus • Especificações do produto: Lavar à mão com esponja macia e produtos não abrasivos Não vai a lava louças • Capacidade: 51ml • Peso: 0,8kg • Dimensões: 7,8cm x 8,5cm x 8,5cm (AxLxP) • Garantia: 2 anos de garantia",,149.00,"Spicy BR",30615,,,https://images2.productserve.com/?w=200&h=200&bg=white&trim=5&t=letterbox&url=ssl%3Aspicy.vteximg.com.br%2Farquivos%2Fids%2F227970_2&feedId=72009&k=ec9ea884cd08ed08495c3c874bccdefc71b631f6,BRL,,,https://www.spicy.com.br/recipiente-moedor-finapod-proplus-para-temperos-e-especiarias-pequenas-finamill-/p?idsku=37126,,,BRL149.00,72009,,,,4083120005,2024469,722152650376
https://www.awin1.com/pclick.php?p=35629881053&a=3093907&m=30615,"Recipiente Moedor Finapod MAX para Temperos e Especiarias Grandes FinaMill",35629881053,37127,https://spicy.vteximg.com.br/arquivos/ids/227966_2,"Um moinho, muitos FinaPods! Apenas um Finamill funciona com todos os seus FinaPods. Refil sem bagunça: Abertura com ampla capacidade. Chega de temperos derramados! Design durável: Os elementos de moagem de cerâmica patenteados duram anos. Ajustável sem esforço: Gire o botão de ajuste para controlar o tamanho da moagem para cada tempero. Organize, armazene e empilhe temperos em seus próprios FinaPods dedicados para facilitar a organização. O FinaPod MAX é bom para moer: ervas secas grandes e especiarias maiores, como pimenta da Jamaica. Ele moe até grãos de café ex?presso. Sucesso entre os especialistas e vencedor de 3 prêmios!! FinaMill obteve sucesso entre os especialistas: -""Super fácil de usar e confiável."" (Forbes) -""Design engenhoso."" (Boston Globe) -""Revolucione a maneira como você prepara a comida."" (Mashable) Seu design elegante e minimalista ganhou 2 prêmios Red Dot em 2022 e o Platinum Award da A'Design for Cookware & Bakeware em 2020. Ficha técnica: • Código: 4083120006 • Marca: FinaMill • Modelo: Finapod Max • Conteúdo da Embalagem: 1 Finapods Max • Especificações do produto: Lavar à mão com esponja macia e produtos não abrasivos Não vai a lava louças • Capacidade: 51ml • Peso: 0,13kg • Dimensões: 7,8cm x 8,5cm x 8,5cm (AxLxP) • Garantia: 2 anos de garantia",,179.00,"Spicy BR",30615,,,https://images2.productserve.com/?w=200&h=200&bg=white&trim=5&t=letterbox&url=ssl%3Aspicy.vteximg.com.br%2Farquivos%2Fids%2F227966_2&feedId=72009&k=e021372d9fa41b5e0d07e918ee0b9398ecd25ba2,BRL,,,https://www.spicy.com.br/recipiente-moedor-finapod-max-para-temperos-e-especiarias-grandes-finamill/p?idsku=37127,,,BRL179.00,72009,,,,4083120006,2024470,722152600043
https://www.awin1.com/pclick.php?p=35784015644&a=3093907&m=30615,"Tapete para Pia em Silicone 31x30cm OXO Cinza",35784015644,37132,https://spicy.vteximg.com.br/arquivos/ids/228411_2,"O tapete da OXO fornece uma almofada para proteger as superfícies da pia e a louça contra lascas e arranhões. O design robusto fornece estrutura enquanto os pés de silicone antiderrapantes mantêm o tapete no lugar. Os pés também elevam o tapete para promover o fluxo de água e ar para secagem rápida. Ficha técnica: • Código: 4080570767 • Marca: OXO • Conteúdo da Embalagem: 1 Tapete para pia • Especificações do produto: Tapete resistente ao mofo e é fácil de limpar • Material: Silicone, sem PVC • Peso: 0,25kg • Dimensões: 31,24cm x 30,73cm x 2,16cm (AxLxP) • Garantia: 3 Meses – Contra defeito de fabricação",,209.00,"Spicy BR",30615,,,https://images2.productserve.com/?w=200&h=200&bg=white&trim=5&t=letterbox&url=ssl%3Aspicy.vteximg.com.br%2Farquivos%2Fids%2F228411_2&feedId=72009&k=9d7247ed86ec140f687c2c43ecb9bd8f0bf25a25,BRL,,,https://www.spicy.com.br/tapete-para-pia-em-silicone-31x30cm-oxo-cinza/p?idsku=37132,,,BRL209.00,72009,,,,4080570767,2024475,719812049076
https://www.awin1.com/pclick.php?p=35784015645&a=3093907&m=30615,"Saca Rolhas Vertical 3 Peças em Inox OXO Preto",35784015645,37133,https://spicy.vteximg.com.br/arquivos/ids/228416_2,"Não deixe uma rolha ficar entre você e seu vinho favorito. O saca-rolhas de alavanca vertical OXO remove as rolhas de forma suave e rápida com dois movimentos fáceis. A alça de zinco fundido com alças macias e antiderrapantes oferece alavancagem para uso confortável, e o parafuso antiaderente desliza facilmente na cortiça. A rolha se solta do saca-rolhas com um simples movimento da alavanca. O corta lacre armazena no saca-rolhas para acesso rápido e armazenamento conveniente. Ficha técnica: • Código: 4080570768 • Marca: OXO • Conteúdo da Embalagem: 1 Saca Rolhas 1 Corta lacre 1 Espiral • Material: Aço inox • Peso: 0,08kg • Dimensões: 26,92cm x 11,43cm x 2,16cm (AxLxP) • Garantia: 3 Meses – Contra defeito de fabricação",,539.00,"Spicy BR",30615,,,https://images2.productserve.com/?w=200&h=200&bg=white&trim=5&t=letterbox&url=ssl%3Aspicy.vteximg.com.br%2Farquivos%2Fids%2F228416_2&feedId=72009&k=a19d0a371438a1ce154ae852184e2521ca0eab68,BRL,,,https://www.spicy.com.br/saca-rolhas-vertical-3-pecas-em-inox-oxo-preto/p?idsku=37133,,,BRL539.00,72009,,,,4080570768,2024476,719812043647
https://www.awin1.com/pclick.php?p=35909208916&a=3093907&m=30615,"4 Xícaras Medidoras em Inox com Imã OXO",35909208916,37144,https://spicy.vteximg.com.br/arquivos/ids/231732_2,"O recurso magnético exclusivo permite que você remova facilmente uma xícara por vez. Este recurso também mantém os copos bem empilhados juntos para armazenamento. As xícaras medidoras de aço inoxidável são projetadas para facilitar o nivelamento dos ingredientes com maior precisão. Possuem marcações de medida permanentes e gravadas e têm alças macias, confortáveis e antiderrapantes. Ficha técnica: • Código: 4080570778 • Marca: OXO • Conteúdo da Embalagem: 4 Xícaras Medidoras • Especificações do produto: Estrutura de aço inoxidável resistente As alças magnéticas mantêm os copos juntos para armazenamento e permitem a remoção de um copo por vez Projetado para facilitar o nivelamento de ingredientes com maior precisão Marcações de medição permanente Alças macias, confortáveis e antiderrapantes O conjunto inclui: 1/4 xícara, 1/3 xícara, 1/2 xícara e 1 xícara Lavável na máquina de lavar louça • Material: Aço Inox • Cor: Aço Inox polido • Peso: 360kg • Dimensões: 7,6cm x 22,1cm x 12,7cm (AxLxP) • Garantia: 3 Meses - Contra defeito de fabricação",,169.00,"Spicy BR",30615,,,https://images2.productserve.com/?w=200&h=200&bg=white&trim=5&t=letterbox&url=ssl%3Aspicy.vteximg.com.br%2Farquivos%2Fids%2F231732_2&feedId=72009&k=38fc231046ea04b4cb8934f072bdb56df35604ab,BRL,,,https://www.spicy.com.br/4-xicaras-medidoras-em-inox-com-ima-oxo/p?idsku=37144,,,BRL169.00,72009,,,,4080570778,2024487,719812043210
https://www.awin1.com/pclick.php?p=35909208919&a=3093907&m=30615,"4 Clipes Magnéticos Sortidos com Imã OXO",35909208919,37149,https://spicy.vteximg.com.br/arquivos/ids/231699_2,"Clipes resistentes com alças macias e confortáveis. As pontas são antiderrapantes e seguram os itens com segurança. Os orifícios permitem que os clipes sejam pendurados em um prego, gancho, estaca ou linha. O ímã na parte de trás permite armazenamento ou exibição conveniente. Ficha técnica: • Código: 4080570783 • Marca: OXO • Conteúdo da Embalagem: 4 Clipes Magnéticos • Especificações do produto: Clipes multiuso fecham com segurança sacos de lanches, alimentos congelados e muito mais Pendure facilmente panos de prato, blocos de notas ou um calendário Cada clipe é antiderrapante e oferece uma aderência segura Ímã nas costas Os clipes podem ser pendurados em pregos, ganchos, pinos ou uma linha usando o orifício • Material: Plástico resistente • Cor: Sortido • Peso: 11kg • Dimensões do produto: 7,6cm x 3,1cm x 4,1cm (AxLxP) • Dimensões com embalagem: 18,9cm x 10,1cm x 4,5cm (AxLxP) • Garantia: 3 Meses - Contra defeito de fabricação",,119.00,"Spicy BR",30615,,,https://images2.productserve.com/?w=200&h=200&bg=white&trim=5&t=letterbox&url=ssl%3Aspicy.vteximg.com.br%2Farquivos%2Fids%2F231699_2&feedId=72009&k=82149dcf4344dd38fc84c128176413d15dbe2f51,BRL,,,https://www.spicy.com.br/4-clipes-magneticos-sortidos-com-ima-oxo/p?idsku=37149,,,BRL119.00,72009,,,,4080570783,2024492,840097701745
https://www.awin1.com/pclick.php?p=46004836975&a=3093907&m=30615,"Máquina para Café Vertuo Pop 220V Nespresso Vermelha",46004836975,37204,https://spicy.vteximg.com.br/arquivos/ids/242709_2,"Adicione um toque de cor a sua vida com a nova máquina de café Nespresso Vertuo POP. São 6 variedades de cores vibrantes que se adaptam ao seu estilo e oferecem uma variedade de experiências em cafés: extraia até 5 medidas de xícaras (Espresso 40ml, Double Espresso 80ml, Gran Lungo 150ml, Mug 230ml e Carafe 535ml), com mais de 30 opções de cápsulas disponíveis. O inovador sistema Vertuo lê o código de barras da sua cápsula, ajusta os parâmetros de extração e através da tecnologia Centrifusion ™, a cápsula é rotacionada em alta velocidade e extrai um café perfeito, revelando todos os sabores escondidos, do aroma ao crema. Basta escolher seu café Vertuo Nespresso e ao toque de um botão ele está pronto! Toda a inovação num formato leve, moderno e compacto, adaptado a todos os ambientes. Escolha entre as 6 cores que mais combinam com você e descubra qual é a sua POP! O que é o sistema Vertuo e a tecnologia Centrifusion? Os especialistas em café da Nespresso escolheram cuidadosamente a origem e os parâmetros de torrefação de cada variedade de café para que pudessem funcionar perfeitamente com a nova tecnologia Centrifusion ™. Depois que o cliente insere a cápsula, fecha a alavanca e pressiona o botão de extração única, ocorre a infusão e, em seguida, a centrifugação. A cápsula pode girar em até 4 mil rotações por minuto, produzindo o creme perfeito para você saborear um café de qualidade em diversos formatos. O que os códigos de barras presentes nas cápsulas fazem? O sistema Vertuo escaneia o código de barras das cápsulas para identificar qual café está preparando. Em seguida, ajusta a quantidade e a temperatura da água, o tempo de preparo e o nível de rotação da cápsula, além de outros parâmetros para extrair o café ideal. Abaixo está o processo em fases: 1) Leitura: a cápsula é lida e todos os parâmetros de extração são definidos e ajustados; 2) Infusão: o sistema injeta água na cápsula; 3) Centrifugação: o sistema gira a cápsula enquanto injeta continuamente água para extrair todos os aromas do café e criar o creme perfeito; 4) Finalização: a rotação chega a até 4.000 rotações por minuto para extrair totalmente o café e secar a cápsula. Ficha técnica: • Código: 4088650149 • Marca: Nespresso • Modelo: Vertuo Pop • Conteúdo da Embalagem: 1 Máquina de café • Especificações do produto: Container de Cápsulas: 8 cápsulas Espresso ou 5 Mug A sustentabilidade faz seu café ser mais especial: A Nespresso participa e estimula ações locais para que as comunidades produtoras de café tenham as melhores condições de vida, ao lado da proteção da natureza ao redor das plantações. Só as cápsulas Nespresso são 100% recicláveis. O alumínio se transforma em novos materiais e a borra de café, adubo orgânico. Você faz parte da Reciclagem Nespresso, é só levar suas cápsulas até um ponto de coleta ou descartar na coleta seletiva mais próxima de você Pioneira: Vertuo POP é uma cafeteira inteligente e inovadora graças à sua Tecnologia Centrifusion que lê o código de barras único de cada cápsula e ajusta todos os parâmetros para extração máxima de cada café Versátil: Não uma, nem duas, mas sim uma grande variedade de medidas de xícaras para saborear o seu café. Com a Vertuo POP, você pode desfrutar os seus cafés sempre que quiser; Minimalista: A Vertuo POP é compacta, ideal para qualquer ambiente de sua casa, além de ter um design leve e moderno •Material: Inox • Voltagem: 220V •Potência: 1300-1500W (Classe de consumo de energia A+) • Capacidade do Reservatório: 600ML • Cor: Vermelho • Peso: 3,5kg • Dimensões: 25cm x 13,6cm x 42,6cm (AxLxP) • Garantia: 1 Ano • Certificação Inmetro TUV 20.1796 - OCP 0004",,499.00,"Spicy BR",30615,,,https://images2.productserve.com/?w=200&h=200&bg=white&trim=5&t=letterbox&url=ssl%3Aspicy.vteximg.com.br%2Farquivos%2Fids%2F242709_2&feedId=72009&k=1e6d2f22501361557df0575b7ebbe566250fa317,BRL,,,https://www.spicy.com.br/maquina-para-cafe-vertuo-pop-220v-nespresso-vermelha/p?idsku=37204,,,BRL499.00,72009,,,,4088650149,2024545,7630311562954
https://www.awin1.com/pclick.php?p=35629881055&a=3093907&m=30615,"Cafeteira Moka Espresso 6 Xícaras 270ml Bialetti Preta",35629881055,37239,https://spicy.vteximg.com.br/arquivos/ids/228022_2,"A cafeteira italiana ou moka é um método de preparo de café muito utilizada em diversos países da Europa. Este modelo de cafeteira foi criado por Alfonso Bialetti em 1933, e se tornou popular ao redor do mundo, perdurando seu sucesso até hoje, produzindo um café similar ao expresso, muito saboroso, em poucos minutos. Neste modelo, apresentamos a cor preta para agradar os clientes mais sofisticados e exigentes. Possui uma válvula patenteada Bialetti, que é de grande importância para a sua segurança. Ficha técnica: • Código: 4088090080 • Marca: Bialetti • Conteúdo da Embalagem: 1 Cafeteira Moka • Material: Alumínio • Capacidade: 270ml • Cor: Preto • Peso: 0,61kg • Dimensões: 10cm x 20cm x 20cm (AxLxP) • Garantia: 1 Ano • Certificação Inmetro 3501/2018-PAN-3-1",,499.00,"Spicy BR",30615,,,https://images2.productserve.com/?w=200&h=200&bg=white&trim=5&t=letterbox&url=ssl%3Aspicy.vteximg.com.br%2Farquivos%2Fids%2F228022_2&feedId=72009&k=8243382d47cad76b223ddc5832bcd32e669ff476,BRL,,,https://www.spicy.com.br/cafeteira-moka-espresso-6-xicaras-270ml-bialetti-preta/p?idsku=37239,,,BRL499.00,72009,,,,4088090080,2024580,8006363018418
https://www.awin1.com/pclick.php?p=35852303692&a=3093907&m=30615,"Cilindro Refil de CO2 60 Litros Máquinas Terra/Duo/Art/Gaia Sodastream Rosa",35852303692,37242,https://spicy.vteximg.com.br/arquivos/ids/234365_2,"IMPORTANTE: Este Cilindro Click Connect (rótulo rosa) é compatível somente com as máquinas: TERRA, DUO e ART e GAIA. Agora você e sua família podem aproveitar a Máquina Sodastream trocando o cilindro de gás carbônico (CO2) On-line. Cada cilindro rende até 60 litros de água com gás, perfeito para quem ama sua água sempre fresquinha e cheia de bolhas, ou para facilitar na sua rotina, eliminando idas ao supermercado e salvando espaço no armário. Os cilindros originais SodaStream passam por um triplo controle de qualidade e garantem a sua segurança. POR FAVOR, LEIA ATENTAMENTE OS PROCEDIMENTOS: Sua máquina ficou sem gás? Peça um refil e continue a produzir água com gás fresquinha em casa, é muito fácil: 1º Faça o pedido de refil de gás on line 2º Selecione o tipo de frete desejado 3º Por se tratar de um refil, precisaremos do seu cilindro de volta. Fique atento ao seu e-mail, você receberá todas as instruções de como realizar o retorno do seu cilindro vazio de acordo com a modalidade de frete selecionada -Embale seu cilindro vazio e o mantenha disponível, os correios passarão no endereço selecionado no momento da compra para retirá-lo; -Quando o retorno do seu cilindro for confirmado, enviaremos um cilindro reabastecido até você; -Enviaremos por email a confirmação de envio do seu refil de gás; -Nosso motoboy irá até seu endereço com um cilindro novo; -Tenha seu cilindro vazio à mão ou disponibilize na portaria de seu prédio ou a um responsável; -No ato da entrega do seu refil de gás o cilindro vazio será retirado. *O prazo de entrega pode variar de 01 a 20 dias da data de recebimento do cilindro vazio, dependendo da localidade.  IMPORTANTE: Este Cilindro Quick Connect (rótulo rosa) pode ser utilizado apenas nas máquinas TERRA, DUO, ART e GAIA, (exceto pelas máquinas adquiridas no território da Austrália e Nova Zelândia). Trocas de cilindros de origem desconhecida, danificados, provenientes da Austrália e Nova Zelândia ou o Cilindro Rosqueável (rótulo azul) não serão aceitos pelos nossos entregadores. Se você possui uma máquina da SodaStream oriunda da Austrália ou Nova Zelândia, não siga em frente com essa compra. Respeitando a legislação local, as máquinas e cilindros desses dois países possuem uma modificação que as torna incompatíveis com as máquinas e cilindros comercializados no Brasil e no restante do mundo. Ficha Técnica: • Código: 4088930201 • Marca: Sodastream • Conteúdo da Embalagem: 1 Cilindro Refil Rosa • Peso: 425g • Dimensões: 37cm x 7cm x 7cm (AxLxP) • Garantia: 3 Meses (Contra defeito de fabricação)",,169.90,"Spicy BR",30615,,,https://images2.productserve.com/?w=200&h=200&bg=white&trim=5&t=letterbox&url=ssl%3Aspicy.vteximg.com.br%2Farquivos%2Fids%2F234365_2&feedId=72009&k=2e1c48cef0b8885eb8796c6cfa4652d465495bf0,BRL,,,https://www.spicy.com.br/cilindro-refil-de-co2-60-litros-sodastream-rosa/p?idsku=37242,,,BRL169.90,72009,,,,4088930201,2024583,8719128118734
https://www.awin1.com/pclick.php?p=35784015653&a=3093907&m=30615,"6 Taças para Água Cameratta em Vidro 365ml L'Hermitage",35784015653,37269,https://spicy.vteximg.com.br/arquivos/ids/228430_2,"A linha Cameratta serve para trazer a versatilidade na hora de servir seus convidados, seja no café da manhã, almoço ou janta. Com elegância no design canelado e um vidro robusto, utilize para decorar sua mesa da maneira que quiser! Ficha técnica: • Código: 4089180188 • Marca: L'Hermitage • Modelo: Cameratta • Conteúdo da Embalagem: 6 Taças • Especificações do produto: Vai a lava louças • Material: Vidro Cristal • Capacidade: 365ml (cada) • Peso do produto: 2,4kg • Dimensões sem embalagem: 16,3cm x 8,8cm x 8,8cm (AxLxP) • Peso com embalagem: 2,62kg • Dimensões com embalagem: 17,1cm x 17,8cm x 26cm (AxLxP) • Garantia: 3 Meses – Contra defeito de fabricação",,99.90,"Spicy BR",30615,,,https://images2.productserve.com/?w=200&h=200&bg=white&trim=5&t=letterbox&url=ssl%3Aspicy.vteximg.com.br%2Farquivos%2Fids%2F228430_2&feedId=72009&k=97f233a63cc6b9b9f0daefaf876de1e88da1dfb5,BRL,,,https://www.spicy.com.br/6-tacas-para-agua-cameratta-em-vidro-365ml-l-hermitage/p?idsku=37269,,,BRL99.90,72009,,,,4089180188,2024610,7893220295577
https://www.awin1.com/pclick.php?p=35749155995&a=3093907&m=30615,"6 Taças para Champanhe Xtra em Cristal 210ml Bohemia",35749155995,37271,https://spicy.vteximg.com.br/arquivos/ids/232783_2,"A linha de taças da Bohemia se destaca com seu material em cristal de titânio, livre de metais pesados como chumbo e bário. Material de alta durabilidade e resistentes à quebra. Tenha uma ampla linha para os momentos importantes do vinho e do bar. Especificações do produto:  • Não vai a lava louças • Lavar a mão sem produtos abrasivos Ficha técnica: • Código: 4089180190 • Marca: Bohemia • Modelo: Xtra • Conteúdo da Embalagem: 6 Taças • Material: Vidro Cristal • Capacidade: 210ml (cada) • Peso do produto: 0,85kg • Dimensões sem embalagem: 26,5cm x 4,5cm x 4,5cm (AxLxP) • Peso com embalagem: 1,12kg • Dimensões com embalagem: 26,8cm x 14,4cm x 21,6cm (AxLxP) • Garantia: 3 Meses – Contra defeito de fabricação",,179.00,"Spicy BR",30615,,,https://images2.productserve.com/?w=200&h=200&bg=white&trim=5&t=letterbox&url=ssl%3Aspicy.vteximg.com.br%2Farquivos%2Fids%2F232783_2&feedId=72009&k=88d5383f1f3f30b160907ab8276e907ba7529884,BRL,,,https://www.spicy.com.br/6-tacas-para-champanhe-xtra-em-cristal-210ml-bohemia/p?idsku=37271,,,BRL179.00,72009,,,,4089180190,2024612,8593401964917
https://www.awin1.com/pclick.php?p=35749155996&a=3093907&m=30615,"6 Taças para Vinho Tinto Xtra em Cristal 460ml Bohemia",35749155996,37272,https://spicy.vteximg.com.br/arquivos/ids/233032_2,"A linha de taças da Bohemia se destaca com seu material em cristal de titânio, livre de metais pesados como chumbo e bário. Material de alta durabilidade e resistentes à quebra. Tenha uma ampla linha para os momentos importantes do vinho e do bar. Ficha técnica: • Código: 4089180191 • Marca: Bohemia • Modelo: Xtra • Conteúdo da Embalagem: 6 Taças • Especificações do produto: Não vai a lava louças Lavar a mão sem produtos abrasivos • Material: Vidro Cristal • Capacidade: 460ml (cada) • Peso do produto: 1,07kg • Dimensões sem embalagem: 24cm x 7cm x 7cm (AxLxP) • Peso com embalagem: 1,47kg • Dimensões com embalagem: 24,8cm x 19,4cm x 29,1cm (AxLxP) • Garantia: 3 Meses – Contra defeito de fabricação",,259.00,"Spicy BR",30615,,,https://images2.productserve.com/?w=200&h=200&bg=white&trim=5&t=letterbox&url=ssl%3Aspicy.vteximg.com.br%2Farquivos%2Fids%2F233032_2&feedId=72009&k=a278343e6bae11686540baf380bdac47611562b9,BRL,,,https://www.spicy.com.br/6-tacas-para-vinho-tinto-em-cristal-460ml-bohemia/p?idsku=37272,,,BRL259.00,72009,,,,4089180191,2024613,8593401964931
https://www.awin1.com/pclick.php?p=35749155997&a=3093907&m=30615,"6 Taças para Água Xtra em Cristal 560ml Bohemia",35749155997,37273,https://spicy.vteximg.com.br/arquivos/ids/234514_2,"A linha de taças da Bohemia se destaca com seu material em cristal de titânio, livre de metais pesados como chumbo e bário. Material de alta durabilidade e resistentes à quebra. Tenha uma ampla linha para os momentos importantes do vinho e do bar. Especificações do Produto:  • Não vai a lava louças • Lavar a mão sem produtos abrasivos Ficha Técnica: • Código: 4089180192 • Marca: Bohemia • Modelo: Xtra • Conteúdo da Embalagem: 6 Taças • Material: Vidro Cristal • Capacidade: 560ml • Peso unitário da taça: 166g • Dimensões da taça: 24,5cm x 7cm x 7m (AxLxP) • Peso com embalagem: 1,4kg • Dimensões com embalagem: 25cm x 20,2cm x 30,3cm (AxLxP) • Garantia: 3 Meses (Contra defeito de fabricação)",,269.00,"Spicy BR",30615,,,https://images2.productserve.com/?w=200&h=200&bg=white&trim=5&t=letterbox&url=ssl%3Aspicy.vteximg.com.br%2Farquivos%2Fids%2F234514_2&feedId=72009&k=f884569edab874f8d5d5517e528d8eece28c65e1,BRL,,,https://www.spicy.com.br/6-tacas-para-agua-xtra-em-cristal-560ml-bohemia/p?idsku=37273,,,BRL269.00,72009,,,,4089180192,2024614,8593401964948
https://www.awin1.com/pclick.php?p=35749155998&a=3093907&m=30615,"6 Taças para Coquetel Xtra em Cristal 220ml Bohemia",35749155998,37274,https://spicy.vteximg.com.br/arquivos/ids/233033_2,"A linha de taças da Bohemia se destaca com seu material em cristal de titânio, livre de metais pesados como chumbo e bário. Material de alta durabilidade e resistentes à quebra. Tenha uma ampla linha para os momentos importantes do vinho e do bar. Ficha técnica: • Código: 4089180193 • Marca: Bohemia • Modelo: Xtra • Conteúdo da Embalagem: 6 Taças • Especificações do produto: Não vai a lava louças Lavar a mão sem produtos abrasivos • Material: Vidro Cristal • Capacidade: 220ml (cada) • Peso do produto: 0,93kg • Dimensões sem embalagem: 17cm x 8,5cm x 8,5cm (AxLxP) • Peso com embalagem: 1,18kg • Dimensões com embalagem: 17,6cm x 20,2cm x 30,3cm (AxLxP) • Garantia: 3 Meses – Contra defeito de fabricação",,269.00,"Spicy BR",30615,,,https://images2.productserve.com/?w=200&h=200&bg=white&trim=5&t=letterbox&url=ssl%3Aspicy.vteximg.com.br%2Farquivos%2Fids%2F233033_2&feedId=72009&k=97b03fe75d78423c8ec249dfc696651d5cdf71d9,BRL,,,https://www.spicy.com.br/6-tacas-para-coquetel-xtra-em-cristal-220ml-bohemia/p?idsku=37274,,,BRL269.00,72009,,,,4089180193,2024615,8593401964870
https://www.awin1.com/pclick.php?p=35749155999&a=3093907&m=30615,"6 Copos Baixo Xtra em Cristal 350ml Bohemia",35749155999,37275,https://spicy.vteximg.com.br/arquivos/ids/233034_2,"A linha de taças da Bohemia se destaca com seu material em cristal de titânio, livre de metais pesados como chumbo e bário. Material de alta durabilidade e resistentes à quebra. Tenha uma ampla linha para os momentos importantes do vinho e do bar. Ficha técnica: • Código: 4089180194 • Marca: Bohemia • Modelo: Xtra • Conteúdo da Embalagem: 6 Copos • Especificações do produto: Não vai a lava louças Lavar a mão sem produtos abrasivos • Material: Vidro Cristal • Capacidade: 350ml (cada) • Peso do produto: 1,02kg • Dimensões sem embalagem: 10cm x 6,9cm x 4,6cm (AxLxP) • Peso com embalagem: 1,15kg • Dimensões com embalagem: 10,7cm x 18,8cm x 28,2cm (AxLxP) • Garantia: 3 Meses – Contra defeito de fabricação",,239.00,"Spicy BR",30615,,,https://images2.productserve.com/?w=200&h=200&bg=white&trim=5&t=letterbox&url=ssl%3Aspicy.vteximg.com.br%2Farquivos%2Fids%2F233034_2&feedId=72009&k=a30d2b27539647df0cc01b2d74e98d6946ee0076,BRL,,,https://www.spicy.com.br/6-copos-baixo-xtra-em-cristal-350ml-bohemia/p?idsku=37275,,,BRL239.00,72009,,,,4089180194,2024616,8593401938307
https://www.awin1.com/pclick.php?p=35749156000&a=3093907&m=30615,"6 Copos Alto Xtra em Cristal 400ml Bohemia",35749156000,37276,https://spicy.vteximg.com.br/arquivos/ids/234495_2,"A linha de taças da Bohemia se destaca com seu material em cristal de titânio, livre de metais pesados como chumbo e bário. Material de alta durabilidade e resistentes à quebra. Tenha uma ampla linha para os momentos importantes do vinho e do bar. Especificações do Produto:  • Não vai a lava louças • Lavar a mão sem produtos abrasivos Ficha Técnica: • Código: 4089180195 • Marca: Bohemia • Modelo: Xtra • Conteúdo da Embalagem: 6 Copos • Material: Vidro Cristal • Capacidade: 400ml • Peso do conjunto: 1,05kg • Peso do copo unitário: 155kg • Dimensões sem embalagem: 12,5cm x 6,6cm x 4,7cm (AxLxP) • Dimensões com embalagem: 13,2cm x 18,6cm x 27,9cm (AxLxP) • Garantia: 3 Meses (Contra defeito de fabricação)",,239.00,"Spicy BR",30615,,,https://images2.productserve.com/?w=200&h=200&bg=white&trim=5&t=letterbox&url=ssl%3Aspicy.vteximg.com.br%2Farquivos%2Fids%2F234495_2&feedId=72009&k=6994c9477df24dcb2186c0499fda6d69d4a80970,BRL,,,https://www.spicy.com.br/6-copos-alto-xtra-em-cristal-400ml-bohemia/p?idsku=37276,,,BRL239.00,72009,,,,4089180195,2024617,8593401938314
https://www.awin1.com/pclick.php?p=44672363366&a=3093907&m=30615,"Decanter Aerador para Vinho de Vidro 1,5 Litros Mimo",44672363366,37277,https://spicy.vteximg.com.br/arquivos/ids/228426_2,"Com três funções, esse decanter é completo para os amantes de vinho: A era para acelerar a oxigenação do vinho. Decanta normalmente para processar os sedimentos do vinho. E armazena, com a tampa que ajuda manter as propriedades do vinho, podendo guardá-lo por mais tempo. Ficha técnica: • Código: 4082910012 • Marca: Mimo • Conteúdo da Embalagem: 1 Decanter com aerador • Especificações do produto: Vai a lava louças • Material: Decanter em vidro com Aerador de inox • Capacidade: 1,5 Litros • Peso: 0,418kg • Dimensões: 34cm x 11,5cm x 20cm (AxLxP) • Garantia: 3 Meses – Contra defeito de fabricação",,199.00,"Spicy BR",30615,,,https://images2.productserve.com/?w=200&h=200&bg=white&trim=5&t=letterbox&url=ssl%3Aspicy.vteximg.com.br%2Farquivos%2Fids%2F228426_2&feedId=72009&k=c90ed4cac18e797143f4c4c5b26921c49ba1cd2b,BRL,,,https://www.spicy.com.br/decanter-aerador-para-vinho-de-vidro-15-litros-mimo/p?idsku=37277,,,BRL199.00,72009,,,,4082910012,2024618,7908216112513
https://www.awin1.com/pclick.php?p=38972376112&a=3093907&m=30615,"Garrafa Térmica Quencher 2.0 Cream 887ml Stanley Branca",38972376112,37305,https://spicy.vteximg.com.br/arquivos/ids/231503_2,"Cada jornada é única e resultado das suas próprias escolhas, por isso entre os desafios e conquistas do dia a dia não dá para esquecer de cuidar daquilo que é o mais importante: você. Manter a saúde do corpo e da mente é fundamental para não perder o ritmo e a Garrafa/Copo Quencher 2.0 Stanley chega como a escolha perfeita para garantir o bem-estar da sua melhor versão. Com design moderno, é ideal para te acompanhar nos diferentes momentos do dia, desde a agitação do trabalho até as horas de lazer. O canudo é um aliado e ajuda a tornar o hábito de beber água mais fácil e espontâneo, enquanto a alça robusta facilita no transporte, garantindo a sua hidratação em qualquer lugar. Sucesso de vendas nos Estados Unidos, o Copo/Garrafa Quencher 2.0 Stanley é a melhor combinação entre estilo e praticidade, pensado especialmente para ser a companhia ideal em cada momento da sua jornada lendária. Especificações do produto: • 9 Horas gelado • 40 horas com gelo • 5 Horas quente • Isolamento à vácuo de parede dupla • Tampa em 3 posições para evitar o respingo de água • Canudo removível e lavável • Alça emborrachada • Livre de BPA • Seguro de lavar na máquina lava-louças Ficha Técnica: • Código: 4082970032 • Marca: Stanley • Modelo: Quencher • Cor: Cream/Branco • Conteúdo da Embalagem: 1 Garrafa Térmica • Material: Aço inoxidável 18/8, tampa e canudo em plástico 90% reciclado • Capacidade: 887ml • Peso: 620g • Dimensões: 25cm x 9,1cm x 14cm (AxLxP) • Garantia: 3 Meses (Contra defeito de fabricação)",,319.00,"Spicy BR",30615,,,https://images2.productserve.com/?w=200&h=200&bg=white&trim=5&t=letterbox&url=ssl%3Aspicy.vteximg.com.br%2Farquivos%2Fids%2F231503_2&feedId=72009&k=9a07f8ecdbe46d5a24558eda48213841fd568438,BRL,,,https://www.spicy.com.br/garrafa-termica-quencher-2-0-cream-887ml-stanley-branca/p?idsku=37305,,,BRL319.00,72009,,,,4082970032,2024646,7891108081502
https://www.awin1.com/pclick.php?p=38140519677&a=3093907&m=30615,"Fritadeira Air Fryer sem Óleo 4,6 Litros 220V Oster",38140519677,37800,https://spicy.vteximg.com.br/arquivos/ids/232825_2,"Praticidade ou espaço? A Fritadeira Oster 4,6 litros oferece os dois! Por fora, um design compacto que deixa sua cozinha mais prática e muito mais bonita. Por dentro, ampla capacidade. Revestimento interno antiaderente com uma capacidade perfeita para as receitas que a sua família adora, e muito mais saudáveis. Ficha técnica: • Código: 4089670108 • Marca: Oster • Conteúdo da Embalagem: 1 Fritadeira • Especificações do produto: Grelha Easy Clean: Removível e mais fácil de limpar Design Compacto: Melhor aproveitamento do espaço interno e facilidade na hora de guardar Ajuste de temperatura: Prepare receitas saudáveis na temperatura ideal • Voltagem: 220V • Potência: 1500W • Consumo: 1,30kWh • Temperatura: de 80º a 200ºC • Capacidade: 4,6 Litros • Peso: 4,8kg • Dimensões: 25,2cm x 28,2cm x 36,3cm (AxLxP) • Garantia: 12 Meses • Certificado Inmetro SGS - OCP0040",,599.00,"Spicy BR",30615,,,https://images2.productserve.com/?w=200&h=200&bg=white&trim=5&t=letterbox&url=ssl%3Aspicy.vteximg.com.br%2Farquivos%2Fids%2F232825_2&feedId=72009&k=e00f3b0260c398bbc606c290437231188b1bb70f,BRL,,,https://www.spicy.com.br/fritadeira-sem-oleo-46-litros-220v-oster/p?idsku=37800,,,BRL599.00,72009,,,,4089670108,2025142,7898700217681
https://www.awin1.com/pclick.php?p=38770921187&a=3093907&m=30615,"Secador de Cabelo Lisos e Ondulados 110V SpeedStyle Shark",38770921187,38682,https://spicy.vteximg.com.br/arquivos/ids/243145_2,"O secador Shark SpeedStyle® foi projetado para fornecer velocidade e potência em um sistema de modelagem compacto e dinâmico. Leva o cabelo do molhado ao seco, ultrarrápido e sem danos extremos pelo calor. Escolha entre os diversos acessórios e consiga um acabamento sedoso e naturalmente brilhante com até 6 vezes menos frizz. Compacto e poderoso, o Secador Shark SpeedStyle é a resposta para um estilo rápido e fácil! Especificações do Produto:  • Alta velocidade: Obtenha um penteado ultrarrápido do molhado ao seco • Acabamento brilhante: Obtenha um acabamento de alto brilho em cabelos secos e lisos com o finalizador RapidGloss • Sem danos extremos por calor: Mede e regula a temperatura 1.000 vezes por segundo, nunca excedendo 110°C (230°F) e nunca se aproximando da temperatura prejudicial pelo calor de 150°C (302°F) • Acabamento sedoso e sem frizz: Libera íons negativos para cabelos macios e com aparência saudável vs. secagem ao ar • Características: Seco e Estilizar • Regulação de temperatura: Inclui 4 configurações de calor • Proporciona uma secagem rápida mantendo o calor baixo, medindo e regulando a temperatura 1.000 vezes por segundo para garantir uma temperatura do ar constante. Em vez de ficar mais quente durante a operação, o Shark minimiza a exposição ao calor e regula a temperatura • Explore diferentes estilos dependendo do seu tipo de cabelo: secar, dar volume e suavizar Ficha Técnica:  • Código: 4133250002 • Marca: Shark • Modelo: SpeedStyle • Conteúdo da Embalagem: 1 secador Shark SpeedStyle 1 Pincel QuickSmooth: Sua resposta para estilos retos e volumosos: seco, volumizador e suave, tudo ao mesmo tempo Inclui uma combinação de cerdas de javali volumizadoras e suavizantes para agarrar, suavizar e dar brilho 1 Finalizador RapidGloss: Suaviza o frizz e os fios rebeldes em segundos com a tecnologia Coanda 1 Bocal Concentrador: Fluxo de ar de alta velocidade para modelagem rápida e precisa, com o bico giratório proporcionando melhor controle de ângulo durante a modelagem e secagem Manual do usuário • Potência: 1.700 watts • Voltagem: 127V • Peso do Produto: 0,75kg • Dimensões do Produto: 20cm x 4,77cm x 16,51cm (AxLxP) • Dimensões com embalagem: 20,7cm x 21,79cm x 36,6cm (AxLxP) • Garantia: 2 anos contra defeitos de fábrica • Certificação Inmetro: UL-BR 24.0777",,1332.22,"Spicy BR",30615,,,https://images2.productserve.com/?w=200&h=200&bg=white&trim=5&t=letterbox&url=ssl%3Aspicy.vteximg.com.br%2Farquivos%2Fids%2F243145_2&feedId=72009&k=0ea877fe00ed96b70b567a9cdc49ebedd1558dcf,BRL,,,https://www.spicy.com.br/secador-de-cabelo-lisos-e-ondulados-127v-speedstyle-shark/p?idsku=38682,,,BRL1332.22,72009,,,,4133250002,2026019,622356294522
https://www.awin1.com/pclick.php?p=38770921189&a=3093907&m=30615,"Secador de Cabelo Cacheados e Crespos 110V SpeedStyle Shark",38770921189,38684,https://spicy.vteximg.com.br/arquivos/ids/243150_2,"O secador Shark SpeedStyle® foi projetado para fornecer velocidade e potência em um sistema de modelagem compacto e dinâmico. Leva o cabelo do molhado ao seco, ultrarrápido e sem danos extremos pelo calor. Escolha entre os diversos acessórios e consiga um acabamento sedoso e naturalmente brilhante com até 6 vezes menos frizz. Compacto e poderoso, Shark SpeedStyle® é a resposta para um estilo rápido e fácil. Especificações do Produto:  • Alta velocidade: Obtenha um penteado ultrarrápido do molhado ao seco • Acabamento brilhante: Obtenha um acabamento de alto brilho em cabelos secos e lisos com o finalizador RapidGloss • Sem danos extremos por calor: Mede e regula a temperatura 1.000 vezes por segundo, nunca excedendo 110°C (230°F) e nunca se aproximando da temperatura prejudicial pelo calor de 150°C (302°F) • Acabamento sedoso e sem frizz: Libera íons negativos para cabelos macios e com aparência saudável vs. secagem ao ar • Características: Seco e Estilizar • Regulação de temperatura: Inclui 4 configurações de calor • Proporciona uma secagem rápida mantendo o calor baixo, medindo e regulando a temperatura 1.000 vezes por segundo para garantir uma temperatura do ar constante. Em vez de ficar mais quente durante a operação, o Shark minimiza a exposição ao calor e regula a temperatura • Explore diferentes estilos dependendo do seu tipo de cabelo: secar, dar volume e suavizar Ficha Técnica:  • Código: 4133250004 • Marca: Shark • Modelo: SpeedStyle • Conteúdo da Embalagem: 1 Secador Shark SpeedStyle 1 Difusor DefrizzFast: Obtenha cachos definidos e secagem rápida e uniforme da raiz às pontas. Além disso, as pontas extensíveis adicionam volume a qualquer comprimento de cabelo. 1 Pincel QuickSmooth: Sua resposta para estilos retos e volumosos: seco, volumizador e suave, tudo ao mesmo tempo. Inclui uma combinação de cerdas de javali volumizadoras e suavizantes para agarrar, suavizar e dar brilho 1 Finalizador RapidGloss: Suaviza o frizz e os fios rebeldes em segundos com a tecnologia Coanda Manual do usuário • Potência: 1.700 watts • Voltagem: 127V • Peso do Produto: 0,75kg • Dimensões do Produto: 20cm x 4,77cm x 16,51cm (AxLxP) • Dimensões com embalagem: 20,7cm x 26,11cm x 30,81cm (AxLxP) • Garantia: 2 anos contra defeitos de fábrica • Certificação Inmetro: UL-BR 24.0777",,1332.22,"Spicy BR",30615,,,https://images2.productserve.com/?w=200&h=200&bg=white&trim=5&t=letterbox&url=ssl%3Aspicy.vteximg.com.br%2Farquivos%2Fids%2F243150_2&feedId=72009&k=7192fda87bfc43c282b97b4dfc657ce51bcdb9b6,BRL,,,https://www.spicy.com.br/secador-de-cabelo-cacheados-e-crespos-127v-speedstyle-shark/p?idsku=38684,,,BRL1332.22,72009,,,,4133250004,2026021,622356294508
https://www.awin1.com/pclick.php?p=38770921190&a=3093907&m=30615,"Secador de Cabelo Cacheados e Crespos 220V SpeedStyle Shark",38770921190,38685,https://spicy.vteximg.com.br/arquivos/ids/243156_2,"O secador Shark SpeedStyle® foi projetado para fornecer velocidade e potência em um sistema de modelagem compacto e dinâmico. Leva o cabelo do molhado ao seco, ultrarrápido e sem danos extremos pelo calor. Escolha entre os diversos acessórios e consiga um acabamento sedoso e naturalmente brilhante com até 6 vezes menos frizz. Compacto e poderoso, Shark SpeedStyle® é a resposta para um estilo rápido e fácil. Especificações do Produto:  • Alta velocidade: Obtenha um penteado ultrarrápido do molhado ao seco • Acabamento brilhante: Obtenha um acabamento de alto brilho em cabelos secos e lisos com o finalizador RapidGloss • Sem danos extremos por calor: Mede e regula a temperatura 1.000 vezes por segundo, nunca excedendo 110°C (230°F) e nunca se aproximando da temperatura prejudicial pelo calor de 150°C (302°F) • Acabamento sedoso e sem frizz: Libera íons negativos para cabelos macios e com aparência saudável vs. secagem ao ar • Características: Seco e Estilizar • Regulação de temperatura: Inclui 4 configurações de calor • Proporciona uma secagem rápida mantendo o calor baixo, medindo e regulando a temperatura 1.000 vezes por segundo para garantir uma temperatura do ar constante. Em vez de ficar mais quente durante a operação, o Shark minimiza a exposição ao calor e regula a temperatura • Explore diferentes estilos dependendo do seu tipo de cabelo: secar, dar volume e suavizar Ficha Técnica:  • Código: 4133250005 • Marca: Shark • Modelo: SpeedStyle • Conteúdo da Embalagem: 1 Secador Shark SpeedStyle 1 Difusor DefrizzFast: Obtenha cachos definidos e secagem rápida e uniforme da raiz às pontas. Além disso, as pontas extensíveis adicionam volume a qualquer comprimento de cabelo. 1 Pincel QuickSmooth: Sua resposta para estilos retos e volumosos: seco, volumizador e suave, tudo ao mesmo tempo. Inclui uma combinação de cerdas de javali volumizadoras e suavizantes para agarrar, suavizar e dar brilho 1 Finalizador RapidGloss: Suaviza o frizz e os fios rebeldes em segundos com a tecnologia Coanda Manual do usuário • Potência: 1.700 watts • Voltagem: 220V • Peso do Produto: 0,75kg • Dimensões do Produto: 20cm x 4,77cm x 16,51cm (AxLxP) • Dimensões com embalagem: 20,7cm x 26,11cm x 30,81cm (AxLxP) • Garantia: 2 anos contra defeitos de fábrica • Certificação Inmetro: UL-BR 24.0777",,1332.22,"Spicy BR",30615,,,https://images2.productserve.com/?w=200&h=200&bg=white&trim=5&t=letterbox&url=ssl%3Aspicy.vteximg.com.br%2Farquivos%2Fids%2F243156_2&feedId=72009&k=392dbeadd2102ebd7bbfabbac8fd9f25f6ffd624,BRL,,,https://www.spicy.com.br/secador-de-cabelo-cacheados-e-crespos-220v-speedstyle-shark/p?idsku=38685,,,BRL1332.22,72009,,,,4133250005,2026022,622356294492
https://www.awin1.com/pclick.php?p=38770921191&a=3093907&m=30615,"Modelador de Cabelo Lisos e Ondulados 110V FlexStyle Shark",38770921191,38686,https://spicy.vteximg.com.br/arquivos/ids/243271_2,"Com o sistema de secagem e modelagem Shark FlexStyle®, você pode facilmente transformar entre um secador de cabelo e um modelador múltiplo sem danos extremos pelo calor. Basta uma volta para ir de um para o outro. Escolha entre diferentes acessórios e desbloqueie a capacidade de enrolar, dar volume, alisar e secar. Leve e poderoso, Shark FlexStyle® é a resposta para um estilo rápido e fácil. Especificações do Produto:  • Ferramenta multiuso: gire o poderoso secador de cabelo e transforme-o em um modelador multiuso • Explore diferentes estilos dependendo do seu tipo de cabelo: enrole, dê volume, alise e seque • Cuidados com o cabelo: Obtenha resultados profissionais sem danos causados pelo calor extremo graças à regulação da temperatura • Secagem potente e rápida: O sistema compacto e leve (2kg) oferece potência e velocidade para um desempenho ultrarrápido • Características: Crimpagem, dê volume, suave e seco • Acabamento sedoso e sem frizz: use o botão Cool Shot para fechar a cutícula • Fluxo de ar: 3 fluxos de ar que podem ser aumentados ou diminuídos manualmente de acordo com suas preferências • Regulação de temperatura: Inclui 4 configurações de calor. Proporciona uma secagem rápida mantendo o calor baixo, medindo e regulando a temperatura 1.000 vezes por segundo para garantir uma temperatura do ar constante. Em vez de ficar mais quente durante a operação, o Shark minimiza a exposição ao calor e regula a temperatura Ficha Técnica:  • Código: 4133250006 • Marca: Shark • Modelo: FlexStyle • Conteúdo da Embalagem: 1 Sistema de secagem e modelagem de ar FlexStyle 2 Encrespadores automáticos Shark FlexStyle com 30 mm de diâmetro: Envolve, enrola e fixa automaticamente usando a tecnologia Coanda. Inclui 2 rolos para enrolar em direções diferentes 1 Pincel redondo Shark FlexStyle 43 mm: Projetado para modelar franjas e criar volume. Cerdas de nylon para desembaraçar e cerdas naturais para maciez e brilho 1 Escova alisadora Shark FlexStyle: Para alisar e conseguir uma secagem rápida e fácil adicionando volume. Cerdas de nylon para desembaraçar e cerdas naturais para maciez e brilho 1 Bocal Concentrador: Fluxo de ar de alta velocidade para modelagem rápida e precisa, com o bico giratório proporcionando melhor controle de ângulo durante a modelagem e secagem Manual do usuário • Potência: 1.300 watts • Voltagem: 127V • Peso do Produto: 0,69kg • Dimensões do Produto: 34cm x 4,5cm x 4,5cm (AxLxP) • Dimensões com embalagem: 21cm x 11cm x 37cm (AxLxP) • Garantia: 2 anos contra defeitos de fábrica • Certificação Inmetro: UL-BR 24.0778",,1999.00,"Spicy BR",30615,,,https://images2.productserve.com/?w=200&h=200&bg=white&trim=5&t=letterbox&url=ssl%3Aspicy.vteximg.com.br%2Farquivos%2Fids%2F243271_2&feedId=72009&k=2fa0aa20add3ec68fc009a85a3b2ac6ff2bb9332,BRL,,,https://www.spicy.com.br/modelador-de-cabelo-lisos-e-ondulados-127v-flexstyle-shark/p?idsku=38686,,,BRL1999.00,72009,,,,4133250006,2026023,622356294430
https://www.awin1.com/pclick.php?p=38770921192&a=3093907&m=30615,"Modelador de Cabelo Lisos e Ondulados 220V FlexStyle Shark",38770921192,38687,https://spicy.vteximg.com.br/arquivos/ids/243278_2,"Com o sistema de secagem e modelagem Shark FlexStyle®, você pode facilmente transformar entre um secador de cabelo e um modelador múltiplo sem danos extremos pelo calor. Basta uma volta para ir de um para o outro. Escolha entre diferentes acessórios e desbloqueie a capacidade de enrolar, dar volume, alisar e secar. Leve e poderoso, Shark FlexStyle® é a resposta para um estilo rápido e fácil. Especificações do Produto:  • Ferramenta multiuso: gire o poderoso secador de cabelo e transforme-o em um modelador multiuso • Explore diferentes estilos dependendo do seu tipo de cabelo: enrole, dê volume, alise e seque • Cuidados com o cabelo: Obtenha resultados profissionais sem danos causados ??pelo calor extremo graças à regulação da temperatura • Secagem potente e rápida: O sistema compacto e leve (2kg) oferece potência e velocidade para um desempenho ultrarrápido • Características: Crimpagem, dê volume, suave e seco • Acabamento sedoso e sem frizz: use o botão Cool Shot para fechar a cutícula • Fluxo de ar: 3 fluxos de ar que podem ser aumentados ou diminuídos manualmente de acordo com suas preferências • Regulação de temperatura: Inclui 4 configurações de calor. Proporciona uma secagem rápida mantendo o calor baixo, medindo e regulando a temperatura 1.000 vezes por segundo para garantir uma temperatura do ar constante. Em vez de ficar mais quente durante a operação, o Shark minimiza a exposição ao calor e regula a temperatura Ficha Técnica:  • Código: 4133250007 • Marca: Shark • Modelo: FlexStyle • Conteúdo da Embalagem: 1 Sistema de secagem e modelagem de ar FlexStyle 2 Encrespadores automáticos Shark FlexStyle com 30 mm de diâmetro: Envolve, enrola e fixa automaticamente usando a tecnologia Coanda. Inclui 2 rolos para enrolar em direções diferentes 1 Pincel redondo Shark FlexStyle 43 mm: Projetado para modelar franjas e criar volume. Cerdas de nylon para desembaraçar e cerdas naturais para maciez e brilho 1 Escova alisadora Shark FlexStyle: Para alisar e conseguir uma secagem rápida e fácil adicionando volume. Cerdas de nylon para desembaraçar e cerdas naturais para maciez e brilho 1 Bocal Concentrador: Fluxo de ar de alta velocidade para modelagem rápida e precisa, com o bico giratório proporcionando melhor controle de ângulo durante a modelagem e secagem Manual do usuário • Potência: 1.300 watts • Voltagem: 220V • Peso do Produto: 0,69kg • Dimensões do Produto: 34cm x 4,5cm x 4,5cm (AxLxP) • Dimensões com embalagem: 21cm x 11cm x 37cm (AxLxP) • Garantia: 2 anos contra defeitos de fábrica • Certificação Inmetro: UL-BR 24.0778",,1999.00,"Spicy BR",30615,,,https://images2.productserve.com/?w=200&h=200&bg=white&trim=5&t=letterbox&url=ssl%3Aspicy.vteximg.com.br%2Farquivos%2Fids%2F243278_2&feedId=72009&k=40825a35a99eae21c1e1ff1b15bb6d7b602ef73f,BRL,,,https://www.spicy.com.br/modelador-de-cabelo-lisos-e-ondulados-220v-flexstyle-shark/p?idsku=38687,,,BRL1999.00,72009,,,,4133250007,2026024,622356294461
https://www.awin1.com/pclick.php?p=38770921193&a=3093907&m=30615,"Modelador de Cabelo Cacheados e Crespos 110V FlexStyle Shark",38770921193,38688,https://spicy.vteximg.com.br/arquivos/ids/243285_2,"Com o sistema de secagem e modelagem Shark FlexStyle®, você pode facilmente transformar entre um secador de cabelo e um modelador múltiplo sem danos extremos pelo calor. Basta uma volta para ir de um para o outro. Escolha entre diferentes acessórios e desbloqueie a capacidade de enrolar, dar volume, alisar e secar. Leve e poderoso, Shark FlexStyle® é a resposta para um estilo rápido e fácil. Especificações do Produto:  • Ferramenta multiuso: gire o poderoso secador de cabelo e transforme-o em um modelador multiuso • Explore diferentes estilos dependendo do seu tipo de cabelo: enrole, dê volume, alise e seque • Cuidados com o cabelo: Obtenha resultados profissionais sem danos causados pelo calor extremo graças à regulação da temperatura • Secagem potente e rápida: O sistema compacto e leve (2kg) oferece potência e velocidade para um desempenho ultrarrápido • Características: Enrola, dá volume, suaviza e seca • Acabamento sedoso e sem frizz: use o botão Cool Shot para fechar a cutícula • Fluxo de ar: 3 fluxos de ar que podem ser aumentados ou diminuídos manualmente de acordo com suas preferências • Regulação de temperatura: Inclui 4 configurações de calor. Proporciona uma secagem rápida mantendo o calor baixo, medindo e regulando a temperatura 1.000 vezes por segundo para garantir uma temperatura do ar constante. Em vez de ficar mais quente durante a operação, o Shark minimiza a exposição ao calor e regula a temperatura Ficha Técnica:  • Código: 4133250008 • Marca: Shark • Modelo: FlexStyle • Conteúdo da Embalagem: 1 Sistema de secagem e modelagem de ar FlexStyle 2 Encrespadores automáticos Shark FlexStyle com 30 mm de diâmetro: Envolve, enrola e fixa automaticamente usando a tecnologia Coanda. Inclui 2 rolos para enrolar em direções diferentes 1 Pincel redondo Shark FlexStyle 43 mm: Projetado para modelar franjas e criar volume. Cerdas de nylon para desembaraçar e cerdas naturais para maciez e brilho 1 Difusor Ajustável Shark FlexStyle: As pontas ajustáveis ??permitem secar desde a raiz, adicionar volume ou realçar as ondas naturais secando suavemente 1 Bocal Concentrador: Fluxo de ar de alta velocidade para modelagem rápida e precisa, com o bico giratório proporcionando melhor controle de ângulo durante a modelagem e secagem Manual do usuário • Potência: 1.300 watts • Voltagem: 127V • Peso do Produto: 0,69kg • Dimensões do Produto: 34cm x 4,5cm x 4,5cm (AxLxP) • Dimensões com embalagem: 21cm x 11cm x 37cm (AxLxP) • Garantia: 2 anos contra defeitos de fábrica • Certificação Inmetro: UL-BR 24.0778",,1999.00,"Spicy BR",30615,,,https://images2.productserve.com/?w=200&h=200&bg=white&trim=5&t=letterbox&url=ssl%3Aspicy.vteximg.com.br%2Farquivos%2Fids%2F243285_2&feedId=72009&k=89a07358217191ca9cf353048deb790b4ef4adcc,BRL,,,https://www.spicy.com.br/modelador-de-cabelo-cacheados-e-crespos-127v-flexstyle-shark/p?idsku=38688,,,BRL1999.00,72009,,,,4133250008,2026025,622356294454
https://www.awin1.com/pclick.php?p=38770921194&a=3093907&m=30615,"Modelador de Cabelo Cacheados e Crespos 220V FlexStyle Shark",38770921194,38689,https://spicy.vteximg.com.br/arquivos/ids/243293_2,"Com o sistema de secagem e modelagem Shark FlexStyle®, você pode facilmente transformar entre um secador de cabelo e um modelador múltiplo sem danos extremos pelo calor. Basta uma volta para ir de um para o outro. Escolha entre diferentes acessórios e desbloqueie a capacidade de enrolar, dar volume, alisar e secar. Leve e poderoso, Shark FlexStyle® é a resposta para um estilo rápido e fácil. Especificações do Produto:  • Ferramenta multiuso: gire o poderoso secador de cabelo e transforme-o em um modelador multiuso • Explore diferentes estilos dependendo do seu tipo de cabelo: enrole, dê volume, alise e seque • Cuidados com o cabelo: Obtenha resultados profissionais sem danos causados pelo calor extremo graças à regulação da temperatura • Secagem potente e rápida: O sistema compacto e leve (2kg) oferece potência e velocidade para um desempenho ultrarrápido • Características: Enrola, dá volume, suaviza e seca • Acabamento sedoso e sem frizz: use o botão Cool Shot para fechar a cutícula • Fluxo de ar: 3 fluxos de ar que podem ser aumentados ou diminuídos manualmente de acordo com suas preferências • Regulação de temperatura: Inclui 4 configurações de calor. Proporciona uma secagem rápida mantendo o calor baixo, medindo e regulando a temperatura 1.000 vezes por segundo para garantir uma temperatura do ar constante. Em vez de ficar mais quente durante a operação, o Shark minimiza a exposição ao calor e regula a temperatura Ficha Técnica:  • Código: 4133250009 • Marca: Shark • Modelo: FlexStyle • Conteúdo da Embalagem: 1 Sistema de secagem e modelagem de ar FlexStyle 2 Encrespadores automáticos Shark FlexStyle com 30 mm de diâmetro: Envolve, enrola e fixa automaticamente usando a tecnologia Coanda. Inclui 2 rolos para enrolar em direções diferentes 1 Pincel redondo Shark FlexStyle 43 mm: Projetado para modelar franjas e criar volume. Cerdas de nylon para desembaraçar e cerdas naturais para maciez e brilho 1 Difusor Ajustável Shark FlexStyle: As pontas ajustáveis ??permitem secar desde a raiz, adicionar volume ou realçar as ondas naturais secando suavemente 1 Bocal Concentrador: Fluxo de ar de alta velocidade para modelagem rápida e precisa, com o bico giratório proporcionando melhor controle de ângulo durante a modelagem e secagem Manual do usuário • Potência: 1.300 watts • Voltagem: 220V • Peso do Produto: 0,69kg • Dimensões do Produto: 34cm x 4,5cm x 4,5cm (AxLxP) • Dimensões com embalagem: 21cm x 11cm x 37cm (AxLxP) • Garantia: 2 anos contra defeitos de fábrica • Certificação Inmetro: UL-BR 24.0778",,1999.00,"Spicy BR",30615,,,https://images2.productserve.com/?w=200&h=200&bg=white&trim=5&t=letterbox&url=ssl%3Aspicy.vteximg.com.br%2Farquivos%2Fids%2F243293_2&feedId=72009&k=a938619a4b47aa0f05a77be90ec7782a64183531,BRL,,,https://www.spicy.com.br/modelador-de-cabelo-cacheados-e-crespos-220v-flexstyle-shark/p?idsku=38689,,,BRL1999.00,72009,,,,4133250009,2026026,622356294423
https://www.awin1.com/pclick.php?p=45324621680&a=3093907&m=30615,"Moedor de Pimenta Click em Acrílico 18cm Maxwell & Williams",45324621680,1710,https://spicy.vteximg.com.br/arquivos/ids/234525_2,"Os moedores Maxwell & Williams são ideais para moer aquelas especiarias que darão um toque final na sua receita, garantindo pratos saborosos e com temperos na medida certa. Ideais para serem utilizados diretamente à mesa ou no preparo de seus pratos preferidos. Elegantes, funcionais e perfeitos para qualquer ocasião. Praticidade e facilidade de uso, durabilidade e alta performance do material, seus mecanismos de aço carbono cortam, não amassam: preservando nutrientes, sabores e aromas. Especificações do Produto:  • Não usar produtos abrasivos na lavagem • Lavar a mão • Mecanismo de aço carbono Ficha Técnica: • Código: 4080330012 • Marca: Maxwell & Williams • Modelo: Click • Conteúdo da Embalagem: 1 Moedor • Material: Acrílico • Peso: 300g • Dimensões: 18cm x 5cm x 5cm (AxLxP) • Garantia: 3 Meses (Contra defeito de fabricação)",,99.90,"Spicy BR",30615,,,https://images2.productserve.com/?w=200&h=200&bg=white&trim=5&t=letterbox&url=ssl%3Aspicy.vteximg.com.br%2Farquivos%2Fids%2F234525_2&feedId=72009&k=bcfc7a48165266fc9cf574a0848552f84057bd36,BRL,,,https://www.spicy.com.br/moedor-de-pimenta-click-em-acrilico-18cm-maxwell-williams/p?idsku=1710,,,BRL99.90,72009,,,,4080330012,2644,9315121862859
https://www.awin1.com/pclick.php?p=45324621681&a=3093907&m=30615,"Moedor para Sal em Acrílico 18cm Click Maxwell & Williams",45324621681,1711,https://spicy.vteximg.com.br/arquivos/ids/234529_2,"Moedor para sal produzido em acrílico transparente de alta qualidade com sistema de moagem em cerâmica. Perfeito para servir à mesa ou como auxiliar no preparo de diversas receitas. Os moedores com mecanismo em cerâmica se destacam por sua eficiência em extrair facilmente a especiaria e liberar óleos naturais contidos em seu interior, garantindo muito mais sabor. Produzido pela Australiana Maxwell & Williams em materiais de altíssima qualidade. Elegante, funcional e perfeito para qualquer ocasião. Ficha técnica: • Código: 4080330013 • Marca: Maxwell & Williams • Modelo: Click • Conteúdo da Embalagem: 1 Moedor • Material: Acrílico • Peso: 360g • Dimensões: 18cm x 5cm x 5cm (AxLxP) • Garantia: 3 Meses - Contra defeito de fabricação",,99.90,"Spicy BR",30615,,,https://images2.productserve.com/?w=200&h=200&bg=white&trim=5&t=letterbox&url=ssl%3Aspicy.vteximg.com.br%2Farquivos%2Fids%2F234529_2&feedId=72009&k=94d8696e22f72e56fc95efed86b51accdb33b3fd,BRL,,,https://www.spicy.com.br/moedor-para-sal-em-acrilico-18cm-click-maxwell-williams/p?idsku=1711,,,BRL99.90,72009,,,,4080330013,2645,9315121862866
https://www.awin1.com/pclick.php?p=36020138347&a=3093907&m=30615,"Conjunto de Talheres Boston com 30 Peças WMF",36020138347,8567,https://spicy.vteximg.com.br/arquivos/ids/213588_2,"Puro, simples e descomplicado. O designer da WMF, Peter Bäurle, projetou este modelo com isso em mente e assim, os talheres são particularmente atraentes devido à sua simplicidade: os detalhes foram deliberadamente omitidos, apenas bordas arredondadas são discretamente visíveis. As facas monobloco são feitas com lâminas curvas que oferecem um bom apoio ao corte. Graças ao seu design atemporal e uma grande variedade de acessórios, os talheres Boston são versáteis e deixam uma impressão brilhante com a sua superfície polida. Ficha técnica: • Código: 4080010286 • Marca: WMF • Modelo: Boston Conteúdo da Embalagem: 6 Colheres de mesa 6 Garfos de mesa 6 Facas de mesa 6 Colheres de chá 6 Garfos para bolos •Especificações do produto: Aço Cromargan 18/10 As facas de mesa são sólidas, feitas de aço, forjadas em uma única peça e endurecidas como um todo Acabamento brilhante Não enferruja Lavável na máquina de lavar louças Dimensões equilibradas Higiênico Resistente a ácidos e indestrutível Projetado pelo Designer Peter Bäurle • Material: Aço inox • Peso: 1,83kg • Dimensões: 5cm x 27cm x 4,5cm (AxLxP) • Garantia: 90 dias em loja ou SAC Spicy",,1199.00,"Spicy BR",30615,,,https://images2.productserve.com/?w=200&h=200&bg=white&trim=5&t=letterbox&url=ssl%3Aspicy.vteximg.com.br%2Farquivos%2Fids%2F213588_2&feedId=72009&k=705c3f86ba1c7a6314ab7a6273b9740fa58e43a4,BRL,,,https://www.spicy.com.br/conjunto-de-talheres-boston-com-30-pecas-wmf/p?idsku=8567,,,BRL1199.00,72009,,,,4080010286,336,4000530321985
https://www.awin1.com/pclick.php?p=33152873333&a=3093907&m=30615,"Peeler com Cabo Emborrachado 18cm OXO",33152873333,3879,https://spicy.vteximg.com.br/arquivos/ids/168085_2,"Utensílio indispensável para facilitar seu dia a dia. Peeler em aço inox de alta qualidade para descascar frutas e vegetais de forma útil, prática e sem cavar a fruta. Este excelente peeler possui cabo emborrachado que fornece conforto e firmeza em seu manuseio, mesmo após a ação repetitiva do peeling, ou com as mãos molhadas. Fabricado pela Americana OXO Good Grips, reconhecida mundialmente por buscar conceito de design inovador e alta qualidade em todos os produtos. Ficha técnica: • Código: 4080570013 • Marca: OXO • Conteúdo da Embalagem: 1 Peeler com cabo • Material: Aço inox • Cor: Preto • Peso: 65g • Dimensões: 18cm x 3cm x 3cm (AxLxP) • Garantia: 3 Meses - Contra defeito de fabricação",,79.90,"Spicy BR",30615,,,https://images2.productserve.com/?w=200&h=200&bg=white&trim=5&t=letterbox&url=ssl%3Aspicy.vteximg.com.br%2Farquivos%2Fids%2F168085_2&feedId=72009&k=405c20f5e7a46dbdbae8bb6ba5153bea68a57658,BRL,,,https://www.spicy.com.br/peeler-com-cabo-emborrachado-18cm-oxo/p?idsku=3879,,,BRL79.90,72009,,,,4080570013,5607,719812200811
https://www.awin1.com/pclick.php?p=33152873347&a=3093907&m=30615,"Espremedor para Batata em Aço Inox OXO",33152873347,3885,https://spicy.vteximg.com.br/arquivos/ids/155733_2,"Este espremedor de batata é ideal para tornar suas receitas muito mais práticas, otimizando e aperfeiçoando suas tarefas na cozinha. Alças macias e fundo antiderrapante. Prepare rapidamente receitas de purês e nhoques com este excelente espremedor de batatas desenvolvido em aço inox de alta qualidade. Suas alças emborrachadas e fundo antiderrapante facilitam e proporcionam segurança no manuseio. Fabricado pela Americana OXO Good Grips, reconhecida mundialmente por buscar o conceito de design inovador e alta qualidade. Ficha técnica: • Código: 4080570021 • Marca: OXO • Conteúdo da Embalagem: 1 Espremedor • Material: Aço inox • Peso: 610g • Dimensões: 30cm x 10cm x 8cm (AxLxP) • Garantia: 3 Meses - Contra defeito de fabricação",,239.00,"Spicy BR",30615,,,https://images2.productserve.com/?w=200&h=200&bg=white&trim=5&t=letterbox&url=ssl%3Aspicy.vteximg.com.br%2Farquivos%2Fids%2F155733_2&feedId=72009&k=26dd98c0a009a4f3b558e8af70fdf2e312a3f3dc,BRL,,,https://www.spicy.com.br/espremedor-para-batata-em-aco-inox-oxo/p?idsku=3885,,,BRL239.00,72009,,,,4080570021,5615,719812269818
https://www.awin1.com/pclick.php?p=33152873343&a=3093907&m=30615,"Batedor em Aço Inox 27cm Balloon OXO",33152873343,3887,https://spicy.vteximg.com.br/arquivos/ids/158058_2,"Desenvolvido pela Americana OXO Good Grips, batedor em aço inox com cabo macio e emborrachado que proporcionam o manuseio seguro da peça. Projetado com design funcional para um perfeito movimento de rotação, obtendo cremes lisos e homogêneos sem deixar caroços graças a flexibilidade dos fios que alcançam todo interior do recipiente, além de fácil higienização. Perfeito para ovos, chantilly, massas de bolo, entre outros alimentos. Ficha técnica: • Código: 4080570023 • Marca: OXO • Modelo: Balloon • Conteúdo da Embalagem: 1 Batedor • Material: Aço inox • Cor: Preto • Peso: 115g • Dimensões: 28cm x 5cm x 5cm (AxLxP) • Garantia: 3 Meses - Contra defeito de fabricação",,129.00,"Spicy BR",30615,,,https://images2.productserve.com/?w=200&h=200&bg=white&trim=5&t=letterbox&url=ssl%3Aspicy.vteximg.com.br%2Farquivos%2Fids%2F158058_2&feedId=72009&k=9df7dc1d41f54b23d27e1976d1e44ed253eaf381,BRL,,,https://www.spicy.com.br/batedor-em-aco-inox-27cm-balloon-oxo/p?idsku=3887,,,BRL129.00,72009,,,,4080570023,5617,719812742915
https://www.awin1.com/pclick.php?p=33152873345&a=3093907&m=30615,"Jarra de Medidas 1 Litro em Acrílico OXO",33152873345,3891,https://spicy.vteximg.com.br/arquivos/ids/170047_2,"Acessório indispensável na cozinha. Jarra em policarbonato excelente para auxiliar em diversas receitas que necessite de precisão em medidas. Resistente a altas temperaturas, esta jarra conta com design perfeito para medição. Com marcação dupla de quantidade, sendo possível a verificação pela parte de cima ou de lado. Ainda conta com cabo emborrachado que torna o manuseio mais seguro e confortável evitando o deslizamento nas mãos. Fabricado pela Americana OXO Good Grips em policarbonato de alta qualidade. Ficha técnica: • Código: 4080570034 • Marca: OXO • Modelo: Good Grips • Conteúdo da Embalagem: 1 Jarra de medidas • Material: Acrílico • Capacidade: 1 Litro • Peso: 300g • Dimensões: 22cm x 13cm x 13cm (AxLxP) • Garantia: 3 Meses - Contra defeito de fabricação",,199.00,"Spicy BR",30615,,,https://images2.productserve.com/?w=200&h=200&bg=white&trim=5&t=letterbox&url=ssl%3Aspicy.vteximg.com.br%2Farquivos%2Fids%2F170047_2&feedId=72009&k=4144745a25961c641634492db3489bd42fa7b9f4,BRL,,,https://www.spicy.com.br/jarra-de-medidas-1-litro-em-acrilico-oxo/p?idsku=3891,,,BRL199.00,72009,,,,4080570034,5628,719812002019
https://www.awin1.com/pclick.php?p=41951057731&a=3093907&m=30615,"Organizador de Pia em Aço Inox OXO",41951057731,3933,https://spicy.vteximg.com.br/arquivos/ids/159536_2,"Este organizador é perfeito para otimizar espaço em sua pia. Armazene de uma só vez detergente, esponja e escovas com ou sem cabo. Sua base de acomodação possui diversos orifícios que permitem a drenagem da água, mantendo os acessórios sempre secos. Fabricado em aço inox com bandeja removível especialmente para facilitar a higienização do acessório. Produzido pela Americana OXO, marca mundialmente reconhecida por buscar o conceito de design inovador e alta qualidade em seus produtos. Ficha técnica: • Código: 4080570114 • Marca: OXO • Conteúdo da Embalagem: 1 Organizador de pia • Material: Aço inox • Peso: 260g • Dimensões: 8cm x 11cm x 26cm (AxLxP) • Garantia: 3 Meses - Contra defeito de fabricação",,229.00,"Spicy BR",30615,,,https://images2.productserve.com/?w=200&h=200&bg=white&trim=5&t=letterbox&url=ssl%3Aspicy.vteximg.com.br%2Farquivos%2Fids%2F159536_2&feedId=72009&k=59f1995238828dced9a643ddc58535a6e584d0f9,BRL,,,https://www.spicy.com.br/organizador-de-pia-em-aco-inox-oxo/p?idsku=3933,,,BRL229.00,72009,,,,4080570114,5708,719812015750
https://www.awin1.com/pclick.php?p=33152873337&a=3093907&m=30615,"Lava e Seca Saladas 5 Litros em Aço Inox OXO",33152873337,3944,https://spicy.vteximg.com.br/arquivos/ids/158482_2,"Excelente lava e seca saladas com bowl em aço inox e base antiderrapante. Sua tampa possui cabo retrátil e eficiente botão de frenagem rápida facilitando o manuseio. As lava e seca saladas se destacam por sua agilidade em higienizar diversos alimentos como folhas ou frutas rapidamente graças ao eficiente escorredor interno. Design funcional e tampa com mecanismo preciso para a secagem rápida. Produzida pela Americana OXO, mundialmente reconhecida por buscar um conceito universal com produtos fáceis de manipular. Ficha técnica: • Código: 4080570127 • Marca: OXO • Conteúdo da Embalagem: 1 Lava e seca saladas • Material: Aço inox • Capacidade: 5 Litros • Peso: 1,500kg • Dimensões: 19cm x 26cm x 26cm (AxLxP) • Garantia: 3 Meses - Contra defeito de fabricação",,479.00,"Spicy BR",30615,,,https://images2.productserve.com/?w=200&h=200&bg=white&trim=5&t=letterbox&url=ssl%3Aspicy.vteximg.com.br%2Farquivos%2Fids%2F158482_2&feedId=72009&k=40eed77cad6283a20b64d62774c4ea929db4518c,BRL,,,https://www.spicy.com.br/lava-e-seca-saladas-5-litros-em-aco-inox-oxo/p?idsku=3944,,,BRL479.00,72009,,,,4080570127,5721,719812018294
https://www.awin1.com/pclick.php?p=35040088781&a=3093907&m=30615,"Socador para Caipirinha em Aço Inox 22cm OXO",35040088781,4048,https://spicy.vteximg.com.br/arquivos/ids/227294_2,"Desenvolvido especialmente para macerar com facilidade uma grande variedade de frutas utilizadas em drinks. Batedor em aço inox com cabo macio e base de contato em nylon, é eficiente para preparar o melhor drink! Seja ele mojitos, caipirinhas, mint juleps e muito mais. Com 22cm, este utensílio é considerado um grande aliado no preparo das mais diversas receitas como: caipirinha, caipiroska ou até mesmo mojito. Sua base de contato tritura facilmente a fruta diretamente no copo sem danificá-lo. Fabricado pela Americana Oxo, mundialmente reconhecida por buscar um conceito universal com produtos fáceis de manipular. Ficha técnica: • Código: 4080570237 • Marca: OXO • Conteúdo da Embalagem: 1 Socador • Especificações do produto: Fundido com zinco aumentando o ciclo útil do seu produto Revestimento de náilon antiderrapente Cabeça de náilon que não risca o seu copo É perfeito para preparar ervas frescas e frutas cítricas Pode ir a lava louças • Material: Aço Inox com evestimento de zinco e náilon • Peso: 0,14kg • Dimensões: 22cm x 4cm x 4cm (AxLxP) • Altura: 14cm • Garantia: 3 Meses - Contra defeito de fabricação",,199.00,"Spicy BR",30615,,,https://images2.productserve.com/?w=200&h=200&bg=white&trim=5&t=letterbox&url=ssl%3Aspicy.vteximg.com.br%2Farquivos%2Fids%2F227294_2&feedId=72009&k=199c2a1a6ec635b26abaa9cf1c3527b96b907497,BRL,,,https://www.spicy.com.br/socador-para-caipirinha-em-aco-inox-22cm-oxo/p?idsku=4048,,,BRL199.00,72009,,,,4080570237,5831,719812050492
https://www.awin1.com/pclick.php?p=35979066239&a=3093907&m=30615,"Conjunto de 3 Tigelas OXO Brancas",35979066239,4142,https://spicy.vteximg.com.br/arquivos/ids/181457_2,"Produzido pela Americana OXO Good Grips, excelente conjunto de tigelas em plástico de alta qualidade, com alças macias e fundo antiderrapante. Conjunto de 3 tigelas em tamanhos diferentes para auxiliar no preparo de massas, saladas, ou servir direto à mesa. Alças coloridas e macias e fundo antiderrapante que garantem conforto e segurança no manuseio. Design diferenciado com bico inteligente para a retirada do alimento evitando que haja desperdício e sujeira. Perfeito para misturar massas, marinadas, e muito mais. O seu interior curvo permite fácil mistura e limpeza. Recurso confortáveis, alças macias, antiderrapantes e fundos que continuam estabilizados durante o uso. Laváveis. Ficha técnica: • Código: 4080570349 • Marca: OXO • Conteúdo da Embalagem: 1 Bowl de 14cm x 17cm com capacidade de 1,5 litros 1 Bowl de 14cm x 22cm com capacidade de 3 litros 1 Bowl de 14cm x 23cm com capacidade de 4,7 litros • Material: Plástico • Cor: Branco (detalhes coloridos sortidos) • Peso: 1,100kg • Dimensões: 30cm x 25cm x 14cm (AxLxP) • Garantia: 3 Meses - Contra defeito de fabricação",,209.00,"Spicy BR",30615,,,https://images2.productserve.com/?w=200&h=200&bg=white&trim=5&t=letterbox&url=ssl%3Aspicy.vteximg.com.br%2Farquivos%2Fids%2F181457_2&feedId=72009&k=a37e6ecadaff53020fe149639c0019bc22c65773,BRL,,,https://www.spicy.com.br/conjunto-de-3-tigelas-oxo-brancas/p?idsku=4142,,,BRL209.00,72009,,,,4080570349,5943,840097701219
https://www.awin1.com/pclick.php?p=41211143172&a=3093907&m=30615,"Baleiro com Tampa Hermética 2,8 Litros Pop OXO",41211143172,4205,https://spicy.vteximg.com.br/arquivos/ids/155796_2,"Prático baleiro com tampa em acrílico de alta qualidade desenvolvido pela Americana OXO Good Grips. Excelente para armazenar alimentos secos. Parte da linha Pop, baleiro com capacidade para 2,8 litros. Com eficaz sistema de fechamento que proporciona a vedação com apenas o toque de um botão contido na tampa. Design prático e compacto que contribui para manter sua despensa, bancada ou armário sempre organizados. Ficha técnica: • Código: 4080570412 • Marca: OXO • Modelo: Pop • Conteúdo da Embalagem: 1 Baleiro • Material: Plástico • Capacidade: 2,8 Litros • Peso: 420g • Dimensões: 12cm x 19cm x 21cm (AxLxP) • Garantia: 3 Meses - Contra defeito de fabricação",,149.00,"Spicy BR",30615,,,https://images2.productserve.com/?w=200&h=200&bg=white&trim=5&t=letterbox&url=ssl%3Aspicy.vteximg.com.br%2Farquivos%2Fids%2F155796_2&feedId=72009&k=539b5a0f151b78aaa50ee25aa27e231d0e4a0e94,BRL,,,https://www.spicy.com.br/baleiro-em-acrilico-com-tampa-hermetica-28-litros-pop-oxo/p?idsku=4205,,,BRL149.00,72009,,,,4080570412,6006,719812032856
https://www.awin1.com/pclick.php?p=33152873361&a=3093907&m=30615,"Vassoura e Pá Compacta OXO Branco e Laranja",33152873361,4229,https://spicy.vteximg.com.br/arquivos/ids/158805_2,"Esta vassoura é fabricada em plástico de alta qualidade e conta com cerdas macias e eficientes. A pá se encaixa perfeitamente no acessório, facilitando o transporte e armazenamento, mantendo a área de serviço sempre organizada.  Perfeita para diversos ambientes da casa, removendo com eficiência resíduos contidos em cantos de difícil acesso. Produzida pela Americana Oxo, mundialmente reconhecida por buscar um conceito universal, desenvolvendo produtos fáceis de manipular. Ficha técnica: • Código: 4080570444 • Marca: OXO • Conteúdo da Embalagem: 1 Vassoura e 1 Pá • Material: Plástico • Cor: Branco e Laranja • Peso: 0,210kg • Dimensões: 26,5cm x 18,8cm x 4,8cm (AxLxP) • Garantia: 3 Meses - Contra defeito de fabricação",,109.00,"Spicy BR",30615,,,https://images2.productserve.com/?w=200&h=200&bg=white&trim=5&t=letterbox&url=ssl%3Aspicy.vteximg.com.br%2Farquivos%2Fids%2F158805_2&feedId=72009&k=846b347867980ea578bc22b9ae7199fb28d609d9,BRL,,,https://www.spicy.com.br/vassoura-e-pa-compacta-oxo-branco-e-laranja/p?idsku=4229,,,BRL109.00,72009,,,,4080570444,6032,719812033426
https://www.awin1.com/pclick.php?p=45841683774&a=3093907&m=30615,"Lava e Seca Saladas Transparente 5 Litros OXO",45841683774,8422,https://spicy.vteximg.com.br/arquivos/ids/170349_2,"Excelente lava e seca saladas com bowl transparente e base antiderrapante. Sua tampa possui cabo retrátil e eficiente botão de frenagem rápida facilitando o manuseio. Este acessório se destaca por sua facilidade em higienizar os alimentos graças ao design inteligente e eficiente escorredor interno. A tampa possui um mecanismo que ao ser pressionado gira com precisão o bowl, secando rapidamente. Produzida pela Americana OXO, mundialmente reconhecida por buscar um conceito universal com produtos fáceis de manipular. Ficha técnica: • Código: 4080570458 • Marca: OXO • Conteúdo da Embalagem: 1 Lava e seca • Material: Plástico • Capacidade: 5 Litros • Peso: 1,500kg • Dimensões: 19cm x 26cm x 26cm (AxLxP) • Garantia: 3 Meses - Contra defeito de fabricação",,249.00,"Spicy BR",30615,,,https://images2.productserve.com/?w=200&h=200&bg=white&trim=5&t=letterbox&url=ssl%3Aspicy.vteximg.com.br%2Farquivos%2Fids%2F170349_2&feedId=72009&k=58e6bcd4f51a28f147701342959891f3e9e7d68a,BRL,,,https://www.spicy.com.br/lava-e-seca-saladas-transparente-5-litros-oxo/p?idsku=8422,,,BRL249.00,72009,,,,4080570458,6046,0719812035154
https://www.awin1.com/pclick.php?p=34434876209&a=3093907&m=30615,"Copo Alto em Policarbonato 560ml Bloom Kenya",34434876209,8318,https://spicy.vteximg.com.br/arquivos/ids/158582_2,"Desenvolvido pela brasileira Kenya, este copo alto da linha Bloom são extremamente resistentes e possui design contemporâneo. Feitos em Policarbonato e com design slim, são tão bonitos quanto copos feitos em vidro, indicados para uso em barcos, piscinas e eventos ao ar livre. Ficha técnica: • Código: 4081110082 • Marca: Kenya • Modelo: Bloom • Conteúdo da Embalagem: 1 Copo • Material: Policarbonato • Capacidade: 560ml • Cor: Transparente • Peso: 140g • Dimensões: 7,5cm x 7,5cm x 15cm (AxLxP) • Garantia: 3 Meses - Contra defeito de fabricação",,64.90,"Spicy BR",30615,,,https://images2.productserve.com/?w=200&h=200&bg=white&trim=5&t=letterbox&url=ssl%3Aspicy.vteximg.com.br%2Farquivos%2Fids%2F158582_2&feedId=72009&k=063a6022e8b2e813c2eeaa43456c74759f39f63a,BRL,,,https://www.spicy.com.br/copo-alto-em-policarbonato-560ml-bloom-kenya/p?idsku=8318,,,BRL64.90,72009,,,,4081110082,8077,7899100626035
https://www.awin1.com/pclick.php?p=33152871683&a=3093907&m=30615,"Copo Baixo em Policarbonato Bloom 415ml Kenya",33152871683,8319,https://spicy.vteximg.com.br/arquivos/ids/158583_2,"Desenvolvido pela brasileira Kenya, este copo baixo da linha Bloom são extremamente resistentes e possui design contemporâneo. Feitos em Policarbonato e com design slim, são tão bonitos quanto copos feitos em vidro, indicados para uso em barcos, piscinas e eventos ao ar livre. Ficha técnica: • Código: 4081110083 • Marca: Kenya • Modelo: Bloom • Conteúdo da Embalagem: 1 Copo • Material: Policarbonato • Capacidade: 415ml • Peso: 130g • Dimensões: 8,5cm x 8,5cm x 9,5cm (AxLxP) • Garantia: 3 Meses - Contra defeito de fabricação",,54.90,"Spicy BR",30615,,,https://images2.productserve.com/?w=200&h=200&bg=white&trim=5&t=letterbox&url=ssl%3Aspicy.vteximg.com.br%2Farquivos%2Fids%2F158583_2&feedId=72009&k=a208d431c67b3e5d9a1b70608e94214f77d0f1fb,BRL,,,https://www.spicy.com.br/copo-baixo-em-policarbonato-bloom-415ml-kenya/p?idsku=8319,,,BRL54.90,72009,,,,4081110083,8078,7899100626042
https://www.awin1.com/pclick.php?p=44476331528&a=3093907&m=30615,"Máquina para Waffle em Aço Escovado 127V Cuisinart",44476331528,5450,https://spicy.vteximg.com.br/arquivos/ids/158114_2,"A Máquina de Waffle Cuisinart é produzida em aço escovado de alta qualidade e potência de 1000W. Esta máquina para Waffe é simples e prática para utilizar. Possui pés emborrachados e indicador luminoso. Prepare waffles doces ou salgados com essa excelente máquina. Possui também botão de seleção para dourar com 5 níveis de ajustes; quanto maior o número, mais dourado ficará o waffle. O indicador luminoso da Máquina de Waffle Cuisinart acende quando a máquina está aquecida para uso ou quando o alimento estiver pronto e sua tampa possui o peso ideal que se mantém firme durante todo o processo. Ficha técnica: • Código: 4081270041 • Marca: Cuisinart • Modelo: Wmr-Ca • Conteúdo da Embalagem: 1 Máquina para Waffle • Especificações do produto: Botão de seleção para dourar, é possível ajustá-lo de 5 maneiras diferentes, quanto maior a numeração, mais dourado ficará o waffle Indicador luminoso liga quando a máquina está pronta para o uso ou quando o waffle está pronto Tampa com peso: não necessita de fecho e não se levanta durante o processo Base com pés de borracha mantém o aparelho fixo à mesa • Material: Aço escovado • Voltagem: 127V • Potência: 1000W • Peso: 1,730kg • Dimensões: 8,5cm x 20cm x 25cm (AxLxP) • Garantia: 1 Ano • Certificação Inmetro - Produto possui certificação de segurança compulsória, certificado pelo IFBQ, organismo acreditado pela CGCRE do Inmetro",,589.00,"Spicy BR",30615,,,https://images2.productserve.com/?w=200&h=200&bg=white&trim=5&t=letterbox&url=ssl%3Aspicy.vteximg.com.br%2Farquivos%2Fids%2F158114_2&feedId=72009&k=f84cfadd8b2dd489576e568fb042c0978e8b25a2,BRL,,,https://www.spicy.com.br/maquina-para-waffle-em-aco-escovado-127v-wmr-ca-cuisinart/p?idsku=5450,,,BRL589.00,72009,,,,4081270041,8409,86279153135
https://www.awin1.com/pclick.php?p=34434876201&a=3093907&m=30615,"Panela para Fondue em Aço Escovado 127V Cuisinart",34434876201,5463,https://spicy.vteximg.com.br/arquivos/ids/217916_2,"Excelente panela para fondue desenvolvida pela Americana Cuisinart em aço inox escovado. A Panela de Fondue Cuisinart possui 1000W de potência, fio removível e resistência encapsulada. Com excelente interior antiaderente, pode ser utilizada como panela elétrica ou rechaud, a resistência de aquecimento fica na base do produto, sendo lavável em água corrente. Prático termostato de ajustes de temperatura. Especificações do produto: • Resistência de aquecimento na base do produto • Totalmente anti aderente • Termostato com ajustes de temperatura • Com fio removível que facilita o deslocamento • Fácil limpeza • Resistência encapsulada, pode ser lavado em água corrente Conteúdo da Embalagem:  • 1 Panela • 8 Garfos • 1 Bandeja • 1 Suporte e tampa • 1 Manual de instruções Ficha técnica: • Código: 4081270546 • Marca: Cuisinart • Modelo: Cfo50cb • Material: Aço inox • Voltagem: 127V • Potência: 1000W • Peso: 3,500kg • Dimensões: 17cm x 25cm x 20cm (AxLxP) • Garantia: 1 Ano",,999.00,"Spicy BR",30615,,,https://images2.productserve.com/?w=200&h=200&bg=white&trim=5&t=letterbox&url=ssl%3Aspicy.vteximg.com.br%2Farquivos%2Fids%2F217916_2&feedId=72009&k=a1f68bcc625931b8d5ce08421861a14143b06b6b,BRL,,,https://www.spicy.com.br/panela-para-fondue-cfo50cb-em-aco-escovado-127v-cuisinart/p?idsku=5463,,,BRL999.00,72009,,,,4081270099,8467,86279023933
https://www.awin1.com/pclick.php?p=44476331529&a=3093907&m=30615,"Máquina para Waffle em Aço Escovado 220V Cuisinart",44476331529,5540,https://spicy.vteximg.com.br/arquivos/ids/155885_2,"A Máquina de Waffle Cuisinart é produzida em aço escovado de alta qualidade e potência de 1000W. Esta máquina para Waffe é simples e prática para utilizar. Possui pés emborrachados e indicador luminoso. Prepare waffles doces ou salgados com essa excelente máquina. Possui também botão de seleção para dourar com 5 níveis de ajustes; quanto maior o número, mais dourado ficará o waffle. O indicador luminoso da Máquina de Waffle Cuisinart acende quando a máquina está aquecida para uso ou quando o alimento estiver pronto e sua tampa possui o peso ideal que se mantém firme durante todo o processo. Ficha técnica: • Código: 4081270537 • Marca: Cuisinart • Modelo: Wmr-Ca • Conteúdo da Embalagem: 1 Máquina para Waffle • Especificações do produto: Botão de seleção para dourar, é possível ajustá-lo de 5 maneiras diferentes, quanto maior a numeração, mais dourado ficará o waffle Indicador luminoso liga quando a máquina está pronta para o uso ou quando o waffle está pronto Tampa com peso: não necessita de fecho e não se levanta durante o processo Base com pés de borracha mantém o aparelho fixo à mesa • Material: Aço escovado • Voltagem: 220V • Potência: 1000W • Peso: 1,730kg • Dimensões: 8,5cm x 20cm x 25cm (AxLxP) • Garantia: 1 Ano • Certificação Inmetro - Produto possui certificação de segurança compulsória, certificado pelo IFBQ, organismo acreditado pela CGCRE do Inmetro",,649.00,"Spicy BR",30615,,,https://images2.productserve.com/?w=200&h=200&bg=white&trim=5&t=letterbox&url=ssl%3Aspicy.vteximg.com.br%2Farquivos%2Fids%2F155885_2&feedId=72009&k=17ceaeb48dafbd0610caad6182fe4825791de62d,BRL,,,https://www.spicy.com.br/maquina-para-waffle-em-aco-escovado-220v-cuisinart/p?idsku=5540,,,BRL649.00,72009,,,,4081270537,8626,86279050403
https://www.awin1.com/pclick.php?p=33152871613&a=3093907&m=30615,"Panela para Fondue em Aço Escovado 220V Cuisinart",33152871613,5548,https://spicy.vteximg.com.br/arquivos/ids/217925_2,"Excelente panela para fondue desenvolvida pela Americana Cuisinart em aço inox escovado. A Panela de Fondue Cuisinart possui 1000W de potência, fio removível e resistência encapsulada. Com excelente interior antiaderente, pode ser utilizada como panela elétrica ou rechaud, a resistência de aquecimento fica na base do produto, sendo lavável em água corrente. Prático termostato de ajustes de temperatura. Especificações do produto: • Resistência de aquecimento na base do produto • Totalmente anti aderente • Termostato com ajustes de temperatura • Com fio removível que facilita o deslocamento • Fácil limpeza • Resistência encapsulada, pode ser lavado em água corrente Conteúdo da Embalagem:  • 1 Panela • 8 Garfos • 1 Bandeja • 1 Suporte e tampa • 1 Manual de instruções Ficha técnica: • Código: 4081270546 • Marca: Cuisinart • Modelo: Cfo50cb • Material: Aço inox • Voltagem: 220V • Potência: 1000W • Peso: 3,500kg • Dimensões: 17cm x 25cm x 20cm (AxLxP) • Garantia: 1 Ano",,999.00,"Spicy BR",30615,,,https://images2.productserve.com/?w=200&h=200&bg=white&trim=5&t=letterbox&url=ssl%3Aspicy.vteximg.com.br%2Farquivos%2Fids%2F217925_2&feedId=72009&k=e41f6cfa7035fbdf1db9f4af213a2ed121d63f3c,BRL,,,https://www.spicy.com.br/panela-para-fondue-em-aco-escovado-220v-cuisinart/p?idsku=5548,,,BRL999.00,72009,,,,4081270546,8635,86279050397
https://www.awin1.com/pclick.php?p=44883159913&a=3093907&m=30615,"Saca Rolhas Elétrico com Fechamento a Vácuo Bivolt Wc400br Cuisinart",44883159913,5587,https://spicy.vteximg.com.br/arquivos/ids/160366_2,"Fabricado pela americana Cuisinart, saca-rolhas elétrico bivolt com fechamento a vácuo. Foi desenvolvido para garantir praticidade na hora de servir o vinho de sua preferência. Com sofisticado acabamento o em aço e com design moderno, o Saca rolhas Elétrico Cuisinart possui corta-cápsulas, duas rolhas de vinho, abre até 50 garrafas com a carga completa, o preservador remove o ar das garrafas abertas apertando apenas um botão, mantendo o vinho fresco. Abra suas garrafas sem nenhum esforço com o Saca rolhas Elétrico Cuisinart WC400. Ainda conta com potência de 3W. Ficha técnica: • Código: 4081270614 • Marca: Cuisinart • Modelo: Wc400br • Conteúdo da Embalagem: 1 Saca Rolhas elétrico 1 Preservador 1 Base 2 Rolhas 1 Corta cápsula 1 Manual de instruções • Material: Aço • Voltagem: Bivolt • Potência 3W • Peso: 2,250kg • Dimensões: 21cm x 20cm x 12cm (AxLxP) • Garantia: 1 Ano • Certificação Inmetro - Produto possui certificação de segurança compulsória, certificado pelo IFBQ, organismo acreditado pela CGCRE do Inmetro",,749.90,"Spicy BR",30615,,,https://images2.productserve.com/?w=200&h=200&bg=white&trim=5&t=letterbox&url=ssl%3Aspicy.vteximg.com.br%2Farquivos%2Fids%2F160366_2&feedId=72009&k=c294dc9a6fd63efab4939aa0da2575b16403dd52,BRL,,,https://www.spicy.com.br/saca-rolhas-eletrico-com-fechamento-a-vacuo-bivolt-wc400br-cuisinart/p?idsku=5587,,,BRL749.90,72009,,,,4081270614,8696,86279153166
https://www.awin1.com/pclick.php?p=44476331530&a=3093907&m=30615,"Grill Panini em Aço Escovado GR-4NBR 127V Cuisinart",44476331530,5588,https://spicy.vteximg.com.br/arquivos/ids/160491_2,"Produzido pela Americana Cuisinart com design clássico e moderno, este grill é extremamente leve. Ideal para o preparo de carnes, legumes, deliciosos paninis, fritar alimentos como ovos, bacon e outros. Conta com 1500W de potência, chapas antiaderentes e alça térmica que proporciona segurança e conforto durante o manuseio. O prático e compacto Grill Panini Cuisinart em aço inox possui um sofisticado acabamento cromado. Suas chapas antiaderentes se ajustam à altura dos alimentos e impedem a aderência no aparelho. Possui luzes indicadoras e temperatura pré estabelecida. Leve e fácil de transportar ou armazenar. O Grill Panini Cuisinart em aço acompanha espátula para a higienização. Especificações do produto: • Grill Multifuncional • Tamanho ideal para grelhar para toda a família • Seletor de funções • Dois controles de temperatura • Acompanha duas placas, (placa com canal de gordura e placa lisa) • Base em aço inox escovado • Prático pegador que não esquenta • Ajuste que permite a total abertura das placas Ficha técnica: • Código: 4081270616 • Marca: Cuisinart • Modelo: GR-4NBR • Conteúdo da Embalagem: 1 Grill • Material: Aço escovado • Voltagem: 127V • Potência: 1500W • Peso: 5,900kg • Dimensões: 35,5cm x 35,5cm x 41cm (AxLxP) • Garantia: 1 Ano • Certificação Inmetro - Produto possui certificação de segurança compulsória, certificado pelo IFBQ, organismo acreditado pela CGCRE do Inmetro",,1599.00,"Spicy BR",30615,,,https://images2.productserve.com/?w=200&h=200&bg=white&trim=5&t=letterbox&url=ssl%3Aspicy.vteximg.com.br%2Farquivos%2Fids%2F160491_2&feedId=72009&k=9aae98cbcaa0fd95c269d61cc6789b08e36a4bbf,BRL,,,https://www.spicy.com.br/grill-panini-em-aco-escovado-gr-4nbr-127v-cuisinart/p?idsku=5588,,,BRL1599.00,72009,,,,4081270616,8698,86279153142
https://www.awin1.com/pclick.php?p=33152871621&a=3093907&m=30615,"Capa para Tábua de Passar em Algodão Metalizado 124cm x 38cm Brabantia b",33152871621,5653,https://spicy.vteximg.com.br/arquivos/ids/168163_2,"Capa para tábua de passar roupa tamanho B produzida em algodão metalizado, que reflete o calor, otimizando tempo ao passar ou engomar suas roupas. Perfeita para utilizar em ferro a seco ou a vapor. Com sistema de fixação diferenciado com ajuste perfeito que mantém a capa firme e esticada, proporcionando maior eficiência e segurança durante a utilização. Desenvolvida pela Holandesa Brabantia, marca com mais de 90 anos de tradição, reconhecida internacionalmente pela inovação e qualidade de seus produtos. Ficha técnica: • Tamanho: 124cm x 38cm • Garantia: 2 anos",,219.00,"Spicy BR",30615,,,https://images2.productserve.com/?w=200&h=200&bg=white&trim=5&t=letterbox&url=ssl%3Aspicy.vteximg.com.br%2Farquivos%2Fids%2F168163_2&feedId=72009&k=f50db9a37ef23ec99fe825dfe71a2fc6b1d6f092,BRL,,,https://www.spicy.com.br/capa-para-tabua-de-passar-em-algodao-metalizado-124cm-x-38cm-brabantia-b/p?idsku=5653,,,BRL219.00,72009,,,,4081300082,8853,8710755317705
https://www.awin1.com/pclick.php?p=44726366043&a=3093907&m=30615,"Lixeira em Aço Inox Fpp Touch Bin 3 Litros Brabantia",44726366043,5668,https://spicy.vteximg.com.br/arquivos/ids/156643_2,"Excelente lixeira Touch Bin produzida pela Holandesa Brabantia em aço inox com sofisticado acabamento escovado, design atemporal e avançada tecnologia *FPP. Perfeita para toilettes. Desenvolvida com materiais de fácil higienização e resistente a corrosão. Sua tampa possui fácil abertura e é extremamente silenciosa ao ser acionada. Base antiderrapante com anel em plástico que protege o piso de possíveis arranhões. Todos os produtos com a tecnologia FPP possuem revestimento especial que previne marcas de dedos tão comuns em inox. Ficha técnica: • Altura: 28cm • Largura: 18cm • Comprimento: 18cm • Peso: 1.000kg • Garantia: 10 anos",,699.00,"Spicy BR",30615,,,https://images2.productserve.com/?w=200&h=200&bg=white&trim=5&t=letterbox&url=ssl%3Aspicy.vteximg.com.br%2Farquivos%2Fids%2F156643_2&feedId=72009&k=00336e69932442a08ea97f654ae2bd7b9d8d856f,BRL,,,https://www.spicy.com.br/lixeira-em-aco-inox-fpp-touch-bin-3-litros-brabantia/p?idsku=5668,,,BRL699.00,72009,,,,4081300138,8909,8710755378645
https://www.awin1.com/pclick.php?p=38697457506&a=3093907&m=30615,"Tábua de Passar Roupa Tamanho D 135cm x 45cm Titan Brabantia",38697457506,5686,https://spicy.vteximg.com.br/arquivos/ids/157144_2,"Tábua produzida em aço com bancada ampla e estável. Possui 7 estágios de regulagem de altura que possibilita trabalho em pé ou sentado. Pés vedados que impedem o deslizamento e umidade, e sistema ""Child Safety Lock"". Quando aberta, o mecanismo a mantém fixa, impedindo o fechamento e possíveis acidentes. Revestida com tecido no final resistente a altas temperaturas para acomodar o ferro por um pequeno período e perfeitamente ajustável a sua altura de trabalho ideal (61 a 102 cm). Fabricada pela Holandesa Brabantia, marca com mais de 90 anos de tradição, reconhecida mundialmente pela inovação e qualidade de seus produtos. Ficha técnica: • Código: 4081300190 • Marca: Brabantia • Modelo: Titan • Conteúdo da Embalagem: 1 Capa • Ajuste de altura: de 61 a 102 cm • Dimensões: 45cm x 135cm (LxP) • Garantia: 10 Anos",,1799.00,"Spicy BR",30615,,,https://images2.productserve.com/?w=200&h=200&bg=white&trim=5&t=letterbox&url=ssl%3Aspicy.vteximg.com.br%2Farquivos%2Fids%2F157144_2&feedId=72009&k=4020cc187ec5dbc835b8e14795b57534a079b0d5,BRL,,,https://www.spicy.com.br/tabua-de-passar-roupa-tamanho-d-135cm-x-45cm-titan-brabantia/p?idsku=5686,,,BRL1799.00,72009,,,,4081300190,8961,8710755345647
https://www.awin1.com/pclick.php?p=33152871299&a=3093907&m=30615,"Saca Rolhas em Aço Inox Profile Classic Brabantia",33152871299,5695,https://spicy.vteximg.com.br/arquivos/ids/157973_2,"Desenvolvido pela holandesa Brabantia este saca-rolhas com design moderno é uma ótima opção custo-benefício. Seu design facilita o encaixe nas garrafas, possui espiral afiado e super lisa com revestimento antiaderente. Ficha técnica: • Código: 4081300201 • Marca: Brabantia • Modelo: Classic • Conteúdo da Embalagem: 1 Saca-rolhas • Material: Aço Inox • Peso: 170g • Dimensões: 17,5cm x 4,7cm x 7,5cm (AxLxP) • Garantia: 2 Anos",,299.00,"Spicy BR",30615,,,https://images2.productserve.com/?w=200&h=200&bg=white&trim=5&t=letterbox&url=ssl%3Aspicy.vteximg.com.br%2Farquivos%2Fids%2F157973_2&feedId=72009&k=6fb9174e9e194126f4fab641a8e8c8596af28ba3,BRL,,,https://www.spicy.com.br/saca-rolhas-em-aco-inox-profile-classic-brabantia/p?idsku=5695,,,BRL299.00,72009,,,,4081300201,8972,8710755369360
https://www.awin1.com/pclick.php?p=33374008675&a=3093907&m=30615,"Capa para Tábua de Passar em Algodão Metalizado 135cm x 45cm Brabantia D Cinza",33374008675,5785,https://spicy.vteximg.com.br/arquivos/ids/168164_2,"Capa para tábua de passar roupa tamanho D produzida em algodão metalizado, que reflete o calor, otimizando tempo ao passar ou engomar suas roupas. Perfeito para utilizar em ferro a seco ou a vapor. Com sistema de fixação diferenciado com ajuste perfeito que mantém a capa firme e esticada, proporcionando maior eficiência e segurança durante a utilização. Desenvolvida pela Holandesa Brabantia, marca com mais de 90 anos de tradição, reconhecida internacionalmente pela inovação e qualidade de seus produtos. Ficha técnica: • Código: 4081300297 • Marca: Brabantia • Conteúdo da Embalagem: 1 Capa • Material: Algodão metalizado • Cor: Cinza • Dimensões: 45cm x 135cm (LxP) • Garantia: 2 Anos",,249.00,"Spicy BR",30615,,,https://images2.productserve.com/?w=200&h=200&bg=white&trim=5&t=letterbox&url=ssl%3Aspicy.vteximg.com.br%2Farquivos%2Fids%2F168164_2&feedId=72009&k=fb24ffc654b74cecccd7d32d1e8c3c7261b3f6b8,BRL,,,https://www.spicy.com.br/capa-para-tabua-de-passar-em-algodao-metalizado-135cm-x-45cm--brabantia-d-cinza/p?idsku=5785,,,BRL249.00,72009,,,,4081300297,9068,8710755264528
https://www.awin1.com/pclick.php?p=33152871631&a=3093907&m=30615,"Conjunto de 2 Moedores para Sal e Pimenta em Aço Inox 14 cm Get Together Brabantia",33152871631,5903,https://spicy.vteximg.com.br/arquivos/ids/158264_2,"Desenvolvido pela Holandesa Brabantia, o conjunto possui dois moedores em aço inox de alta qualidade e extremamente resistentes a corrosão. Os moedores são utensílios indispensáveis à mesa ou no preparo dos alimentos por sua precisão em quantidade. Parte da linha Get To Gether, com design atemporal que se destaca entre os utensílios de cozinha. Cada peça conta com a inicial da especiaria contida para diferenciar durante o uso. Ideais para servir à mesa ou como auxiliar no preparo de receitas. Ficha técnica: • Código: 4081300422 • Marca: Brabantia • Modelo: Get Together • Conteúdo da Embalagem: 1 Moedor para sal 1 Moedor para pimenta • Material: Aço inox • Peso: 350g • Dimensões: 2,8cm x 5,5cm x 14cm (AxLxP) • Garantia: 2 Anos",,469.00,"Spicy BR",30615,,,https://images2.productserve.com/?w=200&h=200&bg=white&trim=5&t=letterbox&url=ssl%3Aspicy.vteximg.com.br%2Farquivos%2Fids%2F158264_2&feedId=72009&k=e65f4146d6685dec01d44d4a26b36612c3f58284,BRL,,,https://www.spicy.com.br/conjunto-de-2-moedores-para-sal-e-pimenta-em-aco-inox-14-cm-get-together-brabantia/p?idsku=5903,,,BRL469.00,72009,,,,4081300422,9193,8710755611407
